action_0,...,action_71
-1.000000000000000000e+00,-1.000000000000000000e+00,-1.000000000000000000e+00,-1.000000000000000000e+00,-1.000000000000000000e+00,-1.000000000000000000e+00,-1.000000000000000000e+00,-1.000000000000000000e+00,-1.000000000000000000e+00,-1.000000000000000000e+00,-1.000000000000000000e+00,-1.000000000000000000e+00,-1.000000000000000000e+00,-1.000000000000000000e+00,-1.000000000000000000e+00,-1.000000000000000000e+00,-1.000000000000000000e+00,-1.000000000000000000e+00,-1.000000000000000000e+00,-1.000000000000000000e+00,-1.000000000000000000e+00,-1.000000000000000000e+00,-1.000000000000000000e+00,-1.000000000000000000e+00,-1.000000000000000000e+00,-1.000000000000000000e+00,-1.000000000000000000e+00,-1.000000000000000000e+00,-1.000000000000000000e+00,-1.000000000000000000e+00,-1.000000000000000000e+00,-1.000000000000000000e+00,-1.000000000000000000e+00,-1.000000000000000000e+00,-1.000000000000000000e+00,-1.000000000000000000e+00,-1.000000000000000000e+00,-1.000000000000000000e+00,-1.000000000000000000e+00,-1.000000000000000000e+00,-1.000000000000000000e+00,-1.000000000000000000e+00,-1.000000000000000000e+00,-1.000000000000000000e+00,-1.000000000000000000e+00,-1.000000000000000000e+00,-1.000000000000000000e+00,-1.000000000000000000e+00,-1.000000000000000000e+00,-1.000000000000000000e+00,-1.000000000000000000e+00,-1.000000000000000000e+00,-1.000000000000000000e+00,-1.000000000000000000e+00,-1.000000000000000000e+00,-1.000000000000000000e+00,-1.000000000000000000e+00,-1.000000000000000000e+00,-1.000000000000000000e+00,-1.000000000000000000e+00,-1.000000000000000000e+00,-1.000000000000000000e+00,-1.000000000000000000e+00,-1.000000000000000000e+00,-1.000000000000000000e+00,-1.000000000000000000e+00,-1.000000000000000000e+00,-1.000000000000000000e+00,-1.000000000000000000e+00,-1.000000000000000000e+00,-1.000000000000000000e+00,-1.000000000000000000e+00
-9.988954123211829517e-01,-9.999999939085543188e-01,-9.999999889990226487e-01,-9.999996579611484249e-01,-9.999999999943085527e-01,-1.000000000000000000e+00,-9.999999999999737987e-01,-9.999999983045456675e-01,-9.999998684367321644e-01,-9.729417541650190460e-01,-9.999997419975147350e-01,-9.998880486413856961e-01,-9.999159253619545051e-01,-9.999997689233011133e-01,-9.999989216299555173e-01,-9.786833451079159918e-01,-9.999948709585296802e-01,-9.999999732618035653e-01,-9.354297545938723424e-01,-9.999999999144236762e-01,-9.999510441599309685e-01,-9.999999866191282560e-01,-9.999996578052086083e-01,-9.999582795647834477e-01,-8.748011992433928352e-01,-9.989954972375622022e-01,-9.999999526616539791e-01,-9.132201444793345280e-01,-9.999999995616056792e-01,-9.999999990729263599e-01,-9.999999994666508574e-01,-9.999999956797792633e-01,-9.993592592654181317e-01,-8.267463966409523968e-01,-9.999999999984560128e-01,-9.999727262506816761e-01,-9.025659823190298470e-01,-9.999994846951493210e-01,-9.999999260717472582e-01,-9.999999999980361265e-01,-9.999999859365700239e-01,-9.999602215404236327e-01,-8.046086598565370673e-01,-9.999999858423237464e-01,-9.999999969919132203e-01,-9.473431981393267698e-01,-9.999999974527248314e-01,-9.999999998785945587e-01,-9.999981889140081570e-01,-9.999999998724951045e-01,-9.999921499596133856e-01,-8.793656170097435831e-01,-9.999998764226718517e-01,-9.999999888459174535e-01,-9.208279489096669046e-01,-9.999889062103108905e-01,-9.999475179983339235e-01,-9.994163237182989157e-01,-9.997549824177046629e-01,-9.999898313089736757e-01,-9.487043576450377991e-01,-9.975667416526636799e-01,-9.999969772672030466e-01,-9.996374458602077517e-01,-9.999999999917498217e-01,-9.999999999776225668e-01,-9.999999294058720123e-01,-9.999999998337093521e-01,-1.000000000000000000e+00,-9.999999999999885647e-01,-9.999999999519145755e-01,-9.999999809908093340e-01
-9.975558428190071103e-01,-9.999999842867065558e-01,-9.999999715373127929e-01,-9.999991572497256564e-01,-9.999999999839788156e-01,-1.000000000000000000e+00,-9.999999999999147349e-01,-9.999999956070702023e-01,-9.999996761078026042e-01,-9.427318030737207311e-01,-9.999993678462598679e-01,-9.997445691548328961e-01,-9.998051988412672841e-01,-9.999994366551705482e-01,-9.999971458500162003e-01,-9.550564386563715757e-01,-9.999878125662988726e-01,-9.999999326398761879e-01,-8.680340844001239731e-01,-9.999999997697640586e-01,-9.998850664726295356e-01,-9.999999661287177766e-01,-9.999991702287260864e-01,-9.998958493089200594e-01,-7.614333228403911136e-01,-9.977812532095547970e-01,-9.999998817972339804e-01,-8.256324077106164117e-01,-9.999999987710744831e-01,-9.999999975858266943e-01,-9.999999985673526659e-01,-9.999999887237772667e-01,-9.984843810719375989e-01,-6.699590592002822032e-01,-9.999999999956378227e-01,-9.999383575746961794e-01,-8.051374168767932993e-01,-9.999987554086260388e-01,-9.999998167096429968e-01,-9.999999999946863616e-01,-9.999999634090717127e-01,-9.999021286509071071e-01,-6.237054741498622157e-01,-9.999999650135402707e-01,-9.999999924625385672e-01,-8.915736761076036299e-01,-9.999999935025474240e-01,-9.999999996867414698e-01,-9.999956914663770124e-01,-9.999999996506070410e-01,-9.999798512796715944e-01,-7.709075580700124330e-01,-9.999996939339721447e-01,-9.999999719209907711e-01,-8.398970066129639589e-01,-9.999738736884035140e-01,-9.998776180068055242e-01,-9.986909599526727632e-01,-9.994392272682465217e-01,-9.999737951683838055e-01,-8.951037970264938970e-01,-9.946496400748522371e-01,-9.999926563718727346e-01,-9.991821848103789039e-01,-9.999999999773286907e-01,-9.999999999399904471e-01,-9.999998234062014157e-01,-9.999999995589016200e-01,-1.000000000000000000e+00,-9.999999999999628075e-01,-9.999999998743557272e-01,-9.999999532759342724e-01
-9.959509434146457396e-01,-9.999999696689908513e-01,-9.999999449097453086e-01,-9.999984461582872575e-01,-9.999999999662724237e-01,-1.000000000000000000e+00,-9.999999999997933875e-01,-9.999999914823018976e-01,-9.999994031297159136e-01,-9.093107903084323151e-01,-9.999988407140653068e-01,-9.995637818565682453e-01,-9.996622863614820220e-01,-9.999989719205929495e-01,-9.999943594734157504e-01,-9.292461958433797520e-01,-9.999783255464035348e-01,-9.999998730108228262e-01,-7.980688088011615999e-01,-9.999999995365627115e-01,-9.997981170396263995e-01,-9.999999358334926702e-01,-9.999984937939521146e-01,-9.998058625302895797e-01,-6.599316305222325818e-01,-9.963316790699637826e-01,-9.999997791070076580e-01,-7.375519437399005174e-01,-9.999999974253885870e-01,-9.999999952956800664e-01,-9.999999971214663663e-01,-9.999999779810039291e-01,-9.973231034427382236e-01,-5.292202848548956950e-01,-9.999999999907820403e-01,-9.998956631645050663e-01,-7.080619640804721726e-01,-9.999977497383907288e-01,-9.999996598859738350e-01,-9.999999999892397184e-01,-9.999999287873756471e-01,-9.998201922005935938e-01,-4.580281920672606422e-01,-9.999999352695697619e-01,-9.999999858597213853e-01,-8.328597306134338796e-01,-9.999999875955364326e-01,-9.999999993949014732e-01,-9.999923273183286554e-01,-9.999999992839611052e-01,-9.999613848730531940e-01,-6.746266604644937104e-01,-9.999994326963772551e-01,-9.999999470912933619e-01,-7.575291966250956577e-01,-9.999539514313693367e-01,-9.997864545818324622e-01,-9.978031751362738122e-01,-9.990396082441164172e-01,-9.999495766636218308e-01,-8.398330349681313312e-01,-9.911988280900907444e-01,-9.999866499777105844e-01,-9.986190241332258966e-01,-9.999999999533882855e-01,-9.999999998795738865e-01,-9.999996694692628862e-01,-9.999999991245193121e-01,-1.000000000000000000e+00,-9.999999999999089617e-01,-9.999999997542353691e-01,-9.999999140078872362e-01
-9.940478932219110053e-01,-9.999999480751000647e-01,-9.999999054581081293e-01,-9.999974590540046115e-01,-9.999999999370650094e-01,-1.000000000000000000e+00,-9.999999999995564659e-01,-9.999999853517272941e-01,-9.999990241806127056e-01,-8.726431419578506432e-01,-9.999981140775543453e-01,-9.993391286911611493e-01,-9.994808025225453418e-01,-9.999983354012186298e-01,-9.999901350981630355e-01,-9.014260032502406927e-01,-9.999658067594912048e-01,-9.999997876657841234e-01,-7.258086764324869211e-01,-9.999999991728140136e-01,-9.996855441566978584e-01,-9.999998921770839599e-01,-9.999975742404820789e-01,-9.996797517004796241e-01,-5.702004892834576788e-01,-9.946194551549012441e-01,-9.999996338387752148e-01,-6.492900658918124845e-01,-9.999999952222907718e-01,-9.999999918699012946e-01,-9.999999948725201149e-01,-9.999999618755205377e-01,-9.958158868898686622e-01,-4.040244716687225734e-01,-9.999999999827321462e-01,-9.998432472932833326e-01,-6.116765065596222462e-01,-9.999963902320989639e-01,-9.999994401630059038e-01,-9.999999999806709061e-01,-9.999998771321322311e-01,-9.997076499384501824e-01,-3.080924428523859060e-01,-9.999998937292267076e-01,-9.999999764611455788e-01,-7.713927779365602477e-01,-9.999999789923809113e-01,-9.999999989629395625e-01,-9.999878776022844695e-01,-9.999999986992594847e-01,-9.999345064908018443e-01,-5.903800571872870329e-01,-9.999990673118358542e-01,-9.999999115564178753e-01,-6.740520377696315180e-01,-9.999280069782062741e-01,-9.996695353781782645e-01,-9.967303901913945330e-01,-9.985412588527863287e-01,-9.999141358170163807e-01,-7.835705363565372839e-01,-9.871631899871354809e-01,-9.999784766396833113e-01,-9.979309928414014097e-01,-9.999999999150197549e-01,-9.999999997856586775e-01,-9.999994513768060145e-01,-9.999999984590181024e-01,-1.000000000000000000e+00,-9.999999999998032685e-01,-9.999999995734796254e-01,-9.999998595525093625e-01
-9.918113253571863019e-01,-9.999999168489902557e-01,-9.999998482745940942e-01,-9.999961131412289372e-01,-9.999999998902135978e-01,-1.000000000000000000e+00,-9.999999999991114885e-01,-9.999999764342826225e-01,-9.999985071958911176e-01,-8.327186409313838134e-01,-9.999971295077318967e-01,-9.990632003062662747e-01,-9.992534183025144623e-01,-9.999974779311922024e-01,-9.999838961385394409e-01,-8.718144484930911986e-01,-9.999495312606042630e-01,-9.999996678788155569e-01,-6.515451134632715968e-01,-9.999999986191588919e-01,-9.995418996415731394e-01,-9.999998304985034947e-01,-9.999963442006752912e-01,-9.995069074512681340e-01,-4.920245823133312379e-01,-9.926155455005445383e-01,-9.999994321511349593e-01,-5.611523534910602962e-01,-9.999999917170793173e-01,-9.999999868568566486e-01,-9.999999914597382800e-01,-9.999999382670895498e-01,-9.938956506010048209e-01,-2.937901762247910886e-01,-9.999999999697556374e-01,-9.997795318978460744e-01,-5.163053439303215697e-01,-9.999945812455469651e-01,-9.999991378463892744e-01,-9.999999999675143192e-01,-9.999998017782519844e-01,-9.995563163270624329e-01,-1.741980278026176165e-01,-9.999998367136352373e-01,-9.999999633274546662e-01,-7.073859596987699394e-01,-9.999999667130852199e-01,-9.999999983366997247e-01,-9.999820779612413890e-01,-9.999999977909268534e-01,-9.998963179125550660e-01,-5.178945662223675139e-01,-9.999985654630639820e-01,-9.999998616646424976e-01,-5.897960954254894972e-01,-9.998946984445088448e-01,-9.995216392387015203e-01,-9.954481463374861283e-01,-9.979274252679902757e-01,-9.998635238868145425e-01,-7.270243177624671205e-01,-9.824907836531864280e-01,-9.999675414724801259e-01,-9.970992068136009800e-01,-9.999999998550969105e-01,-9.999999996431300220e-01,-9.999991482811355636e-01,-9.999999974629899535e-01,-1.000000000000000000e+00,-9.999999999996028732e-01,-9.999999993073118709e-01,-9.999997852957699385e-01
-9.892032643253707569e-01,-9.999998724523810889e-01,-9.999997668224398506e-01,-9.999943045680044218e-01,-9.999999998166568815e-01,-1.000000000000000000e+00,-9.999999999982988053e-01,-9.999999636825868121e-01,-9.999978117848904446e-01,-7.895537604667097753e-01,-9.999958140104548976e-01,-9.987276600357818390e-01,-9.989717639833849416e-01,-9.999963383346324175e-01,-9.999748729594866159e-01,-8.406728295481905588e-01,-9.999286318132671880e-01,-9.999995023701626629e-01,-5.755838734441561799e-01,-9.999999977923894612e-01,-9.993608357617187465e-01,-9.999997447265143169e-01,-9.999947204353017982e-01,-9.992743217545503320e-01,-4.250812221142545866e-01,-9.902892286006803602e-01,-9.999991563290703267e-01,-4.734369326308016657e-01,-9.999999862623332181e-01,-9.999999796475342873e-01,-9.999999863798195721e-01,-9.999999042704712515e-01,-9.914876512645663942e-01,-1.978720674150981074e-01,-9.999999999492816816e-01,-9.997027377766239953e-01,-4.222586282875070429e-01,-9.999922052263860994e-01,-9.999987279516080463e-01,-9.999999999476913981e-01,-9.999996937995337953e-01,-9.993563804667585648e-01,-5.643866166344668756e-02,-9.999997595489658053e-01,-9.999999452435760494e-01,-6.410725631129645663e-01,-9.999999494666568234e-01,-9.999999974435589412e-01,-9.999746105233817683e-01,-9.999999964082607606e-01,-9.998431141418190338e-01,-4.567813363455623943e-01,-9.999978862613861930e-01,-9.999997926816799332e-01,-5.050926233856325442e-01,-9.998524432085852398e-01,-9.993367276368289032e-01,-9.939300873179991447e-01,-9.971793172863337995e-01,-9.997926637184376686e-01,-6.709168895132884280e-01,-9.771293131952951683e-01,-9.999531134668677712e-01,-9.961027315134448612e-01,-9.999999997633622906e-01,-9.999999994308284013e-01,-9.999987335499216368e-01,-9.999999959993506327e-01,-1.000000000000000000e+00,-9.999999999992338351e-01,-9.999999989219887642e-01,-9.999996854074838515e-01
-9.861830757901289823e-01,-9.999998102008543777e-01,-9.999996524528528274e-01,-9.999919037620055295e-01,-9.999999997031451260e-01,-1.000000000000000000e+00,-9.999999999968468556e-01,-9.999999457008235115e-01,-9.999968873154051474e-01,-7.431927367938379048e-01,-9.999940768435364724e-01,-9.983231651745085866e-01,-9.986263278451421588e-01,-9.999948408418779522e-01,-9.999620483368498736e-01,-8.083014759999893606e-01,-9.999020755863904375e-01,-9.999992766415037870e-01,-4.982426251188926125e-01,-9.999999965767112364e-01,-9.991349936810607346e-01,-9.999996269975452989e-01,-9.999926005549409913e-01,-9.989661966708870411e-01,-3.689534286887296011e-01,-9.876081458760208598e-01,-9.999987838212176516e-01,-3.864329439805093136e-01,-9.999999779244140852e-01,-9.999999694259276151e-01,-9.999999789358900992e-01,-9.999998560222014277e-01,-9.885095353796955475e-01,-1.155726062294717416e-01,-9.999999999175286369e-01,-9.996108643452646936e-01,-3.298310464964151478e-01,-9.999891183316728105e-01,-9.999981789467691229e-01,-9.999999999182742627e-01,-9.999995413239528563e-01,-9.990961952963705039e-01,4.528529741684095278e-02,-9.999996563248513270e-01,-9.999999206455122414e-01,-5.727042838558622506e-01,-9.999999255620508620e-01,-9.999999961866770093e-01,-9.999650946788075645e-01,-9.999999943378821143e-01,-9.997702039502270877e-01,-4.065513262521122106e-01,-9.999969782452987621e-01,-9.999996985023869023e-01,-4.202713236260190444e-01,-9.997993829896870688e-01,-9.991078494769154439e-01,-9.921479603169763850e-01,-9.962759590412781918e-01,-9.996950896798179054e-01,-6.159697937697237169e-01,-9.710266502914134401e-01,-9.999342989818386096e-01,-9.949184433386134563e-01,-9.999999996251639489e-01,-9.999999991193374571e-01,-9.999981733569344167e-01,-9.999999938803509902e-01,-1.000000000000000000e+00,-9.999999999985691446e-01,-9.999999983718274033e-01,-9.999995525531614193e-01
-9.827074307405563314e-01,-9.999997239279690975e-01,-9.999994937926810490e-01,-9.999887498649402406e-01,-9.999999995304553746e-01,-1.000000000000000000e+00,-9.999999999942997819e-01,-9.999999206394148965e-01,-9.999956706038920506e-01,-6.937083650710725857e-01,-9.999918057206096389e-01,-9.978392860352887084e-01,-9.982063513427417156e-01,-9.999928920121157194e-01,-9.999440902393558206e-01,-7.750349552980863033e-01,-9.998686377443966045e-01,-9.999989721557962508e-01,-4.198485131332490017e-01,-9.999999948120457116e-01,-9.988558834779047713e-01,-9.999994671798138057e-01,-9.999898591434738249e-01,-9.985635216115457125e-01,-3.231434462039377564e-01,-9.845383693926339497e-01,-9.999982860625680203e-01,-3.004192061862378527e-01,-9.999999653685660572e-01,-9.999999551050799962e-01,-9.999999681696715159e-01,-9.999997883809471633e-01,-9.848715957874119020e-01,-4.615330186492561104e-02,-9.999999998689765857e-01,-9.995016679004783411e-01,-2.393007503494649635e-01,-9.999851452757156922e-01,-9.999974512287300721e-01,-9.999999998751641916e-01,-9.999993286621531308e-01,-9.987620623256738828e-01,1.312516281935089957e-01,-9.999995195993909292e-01,-9.999998875292762657e-01,-5.025493605138849906e-01,-9.999998927957909345e-01,-9.999999944375869143e-01,-9.999530765136279697e-01,-9.999999912798971380e-01,-9.996717012682757586e-01,-3.666312116951987443e-01,-9.999957769648144534e-01,-9.999995712926021962e-01,-3.356582470279451114e-01,-9.997333450629950491e-01,-9.988270393692167959e-01,-9.900716379192262551e-01,-9.951940414142296243e-01,-9.995626427902487565e-01,-5.628882055345603153e-01,-9.641314018521943696e-01,-9.999100108937614140e-01,-9.935208908545090090e-01,-9.999999994197182884e-01,-9.999999986680190300e-01,-9.999974249699145057e-01,-9.999999908504555446e-01,-1.000000000000000000e+00,-9.999999999973938625e-01,-9.999999975953137721e-01,-9.999993775435651600e-01
-9.787302862900543188e-01,-9.999996055594495559e-01,-9.999992759716698210e-01,-9.999846441164078614e-01,-9.999999992708998864e-01,-1.000000000000000000e+00,-9.999999999898998571e-01,-9.999998860604518702e-01,-9.999940831390832230e-01,-6.412025068555305962e-01,-9.999888622989432374e-01,-9.972644234027633336e-01,-9.976997216733102247e-01,-9.999903770793868718e-01,-9.999192697065801827e-01,-7.412362757429610260e-01,-9.998268716280545032e-01,-9.999985653292132737e-01,-3.407357242701307687e-01,-9.999999922784412743e-01,-9.985137559480634639e-01,-9.999992522827862995e-01,-9.999863431886094611e-01,-9.980436239197491011e-01,-2.870863917435769741e-01,-9.810444904337851657e-01,-9.999976270398827083e-01,-2.156630789702820294e-01,-9.999999467018156896e-01,-9.999999352449711054e-01,-9.999999527717754466e-01,-9.999996945442095608e-01,-9.804772619366354247e-01,1.115458378129385864e-02,-9.999999997956255937e-01,-9.993726383536957192e-01,-1.509285308528725000e-01,-9.999800732914444490e-01,-9.999964952823948705e-01,-9.999999998126566370e-01,-9.999990352033463203e-01,-9.983380173154944304e-01,2.018990560876809948e-01,-9.999993400399606047e-01,-9.999998433379523322e-01,-4.308906094992499547e-01,-9.999998483106556924e-01,-9.999999920266751108e-01,-9.999380167449684054e-01,-9.999999868156834726e-01,-9.995402852206269895e-01,-3.363793431696249225e-01,-9.999942020763574746e-01,-9.999994010456693116e-01,-2.515738534859522924e-01,-9.996517993660821721e-01,-9.984852096299832169e-01,-9.876691635403334057e-01,-9.939077783952681155e-01,-9.993851169321159578e-01,-5.123460545544715750e-01,-9.563935209134848403e-01,-9.998789328364942053e-01,-9.918821574001474017e-01,-9.999999991177305203e-01,-9.999999980210558803e-01,-9.999964346788933200e-01,-9.999999865638737884e-01,-1.000000000000000000e+00,-9.999999999953472773e-01,-9.999999965100279109e-01,-9.999991489096464736e-01
-9.742028855829866218e-01,-9.999994445754343264e-01,-9.999989796514768825e-01,-9.999793420185190129e-01,-9.999999988848624621e-01,-1.000000000000000000e+00,-9.999999999823999675e-01,-9.999998387664079669e-01,-9.999920277552308834e-01,-5.858063013791752205e-01,-9.999850768341298490e-01,-9.965857251372395309e-01,-9.970928628562617524e-01,-9.999871556271517914e-01,-9.998853613932249251e-01,-7.072902327358698837e-01,-9.997750752137639640e-01,-9.999980262966799982e-01,-2.612430888078717262e-01,-9.999999886753845324e-01,-9.980974666003127327e-01,-9.999989657269471310e-01,-9.999818667118669513e-01,-9.973796997248757235e-01,-2.601637562573885232e-01,-9.770897305933577970e-01,-9.999967615496659912e-01,-1.324195256971096857e-01,-9.999999192594966058e-01,-9.999999079475015984e-01,-9.999999309636219413e-01,-9.999995655600947275e-01,-9.752238509277809664e-01,5.713998880251969226e-02,-9.999999996859567641e-01,-9.992209744104266766e-01,-6.495722841713547080e-02,-9.999736450741877336e-01,-9.999952494648607360e-01,-9.999999997228532500e-01,-9.999986340228794734e-01,-9.978056235490732062e-01,2.578086152663765507e-01,-9.999991059870839694e-01,-9.999997848220270047e-01,-3.580233884706042202e-01,-9.999997884185917174e-01,-9.999999887309928281e-01,-9.999192769890670185e-01,-9.999999803645732710e-01,-9.993669270825086270e-01,-3.151014125791850029e-01,-9.999921538614275907e-01,-9.999991750351091557e-01,-1.683312450106900782e-01,-9.995518112691224033e-01,-9.980720364154623825e-01,-9.849068228102308975e-01,-9.923887699831167586e-01,-9.991498525661972607e-01,-4.649720996857356070e-01,-9.477649570140020963e-01,-9.998394779196828619e-01,-9.899717268147679716e-01,-9.999999986781508143e-01,-9.999999971021934497e-01,-9.999951352994359555e-01,-9.999999805551889054e-01,-1.000000000000000000e+00,-9.999999999918312010e-01,-9.999999950060474152e-01,-9.999988523883239777e-01
-9.690737795349363415e-01,-9.999992273338951243e-01,-9.999985798107260404e-01,-9.999725440913608265e-01,-9.999999983160094974e-01,-1.000000000000000000e+00,-9.999999999697669617e-01,-9.999997745829097839e-01,-9.999893846582613710e-01,-5.276800766557674383e-01,-9.999802418689225370e-01,-9.957890028382155867e-01,-9.963706266875334006e-01,-9.999830564835521240e-01,-9.998395241793284205e-01,-6.735960744067860384e-01,-9.997112535335356265e-01,-9.999973174056360214e-01,-1.817117429763691616e-01,-9.999999835944629600e-01,-9.975943324785615518e-01,-9.999985864439649985e-01,-9.999762044768083502e-01,-9.965403344406762454e-01,-2.417165091627813123e-01,-9.726360771133313321e-01,-9.999956330900471313e-01,-5.093037104538056248e-02,-9.999998793169000422e-01,-9.999998707226903649e-01,-9.999999003426979227e-01,-9.999993897079996197e-01,-9.690036025483996784e-01,9.260274432271375922e-02,-9.999999995234849504e-01,-9.990435571893233613e-01,1.838863335379858910e-02,-9.999655505613275208e-01,-9.999936373469181516e-01,-9.999999995948719578e-01,-9.999980901339503570e-01,-9.971437805982891200e-01,2.996840743070459112e-01,-9.999988029263344735e-01,-9.999997078671486461e-01,-2.842535146969726867e-01,-9.999997083795388875e-01,-9.999999842586968501e-01,-9.998961041838501096e-01,-9.999999711258874546e-01,-9.991405831211720434e-01,-3.020655292738482212e-01,-9.999895090693855515e-01,-9.999988771412828825e-01,-8.623458054899213465e-02,-9.994299898075912347e-01,-9.975758405834533882e-01,-9.817492434305499227e-01,-9.906058745731851634e-01,-9.988412752057342914e-01,-4.213373452038626787e-01,-9.382003416372067806e-01,-9.997897412676740592e-01,-9.877563543215638342e-01,-9.999999980437711544e-01,-9.999999958077757656e-01,-9.999934431754289310e-01,-9.999999722011204684e-01,-1.000000000000000000e+00,-9.999999999858618649e-01,-9.999999929373987184e-01,-9.999984703020020627e-01
-9.632888733854299002e-01,-9.999989362224944722e-01,-9.999980442310840711e-01,-9.999638850067222862e-01,-9.999999974847008088e-01,-1.000000000000000000e+00,-9.999999999487133584e-01,-9.999996880842264568e-01,-9.999860066936143710e-01,-4.670129598549437322e-01,-9.999741048065033944e-01,-9.948586496499334242e-01,-9.955161851903108206e-01,-9.999778717151907026e-01,-9.997781591277192792e-01,-6.405596859203750437e-01,-9.996330767378991400e-01,-9.999963913847598196e-01,-1.024828744280943393e-01,-9.999999764833820137e-01,-9.969899827089733213e-01,-9.999980877716495575e-01,-9.999690846395946631e-01,-9.954890249306189709e-01,-2.310575927635994953e-01,-9.676444442244694910e-01,-9.999941713182709524e-01,2.857625438915589733e-02,-9.999998217020532598e-01,-9.999998203188195101e-01,-9.999998576806613526e-01,-9.999991517161893606e-01,-9.617050162561324722e-01,1.183450691579537306e-01,-9.999999992847516950e-01,-9.988369222972961481e-01,9.890300616306380022e-02,-9.999554173848919092e-01,-9.999915645341047599e-01,-9.999999994137874770e-01,-9.999973583020804746e-01,-9.963285577372379409e-01,3.283319117313328039e-01,-9.999984128506118619e-01,-9.999996072823049698e-01,-2.098951625794183151e-01,-9.999996021260955104e-01,-9.999999782292463557e-01,-9.998676129776473687e-01,-9.999999580017263634e-01,-9.988478532129958509e-01,-2.965164518132145099e-01,-9.999861159704689362e-01,-9.999984870256294345e-01,-5.577676437688916522e-03,-9.992824312131939335e-01,-9.969834640892920596e-01,-9.781595260338573627e-01,-9.885250941602651276e-01,-9.984403770947840595e-01,-3.819441331427961828e-01,-9.276577036034785451e-01,-9.997274456803320053e-01,-9.851999449185183666e-01,-9.999999971352715455e-01,-9.999999939975608987e-01,-9.999912545951710197e-01,-9.999999606709292221e-01,-1.000000000000000000e+00,-9.999999999758354408e-01,-9.999999901110157019e-01,-9.999979808117805957e-01
-9.567915012881024195e-01,-9.999985485991931267e-01,-9.999973316184739280e-01,-9.999529208636220856e-01,-9.999999962789635211e-01,-1.000000000000000000e+00,-9.999999999139669304e-01,-9.999995722475796267e-01,-9.999817137284053858e-01,-4.040221893871207559e-01,-9.999663592001729606e-01,-9.937775604803023022e-01,-9.945109264670415339e-01,-9.999713495816753284e-01,-9.996967420269877724e-01,-6.085855077108455191e-01,-9.995378334908480156e-01,-9.999951891253993086e-01,-2.389556831449757279e-02,-9.999999665987938657e-01,-9.962682039725818672e-01,-9.999974361014767332e-01,-9.999601801901899512e-01,-9.941837181963603109e-01,-2.274836292926517567e-01,-9.620748622588749521e-01,-9.999922889945961346e-01,1.058862941497475951e-01,-9.999997392786721395e-01,-9.999997525075854377e-01,-9.999997986610387191e-01,-9.999988317772324775e-01,-9.532145013435621150e-01,1.351639064647267574e-01,-9.999999989365537800e-01,-9.985972304039992808e-01,1.763982867165969637e-01,-9.999427998168873843e-01,-9.999889148780479742e-01,-9.999999991592178894e-01,-9.999963803247059468e-01,-9.953330623405459709e-01,3.446412915067043059e-01,-9.999979134921044288e-01,-9.999994765400233021e-01,-1.352687618183390228e-01,-9.999994619218632863e-01,-9.999999701482739090e-01,-9.998327658875315604e-01,-9.999999394945945363e-01,-9.984726063200688451e-01,-2.976887698616658140e-01,-9.999817884895232378e-01,-9.999979791211121016e-01,7.335720817701640861e-02,-9.991046576279294378e-01,-9.962801429660206320e-01,-9.740994085429931504e-01,-9.861094760731713427e-01,-9.979241421332669670e-01,-3.472171799572514317e-01,-9.160992085804239293e-01,-9.996498796816899457e-01,-9.822634419627015445e-01,-9.999999958432036484e-01,-9.999999914826470659e-01,-9.999884415226444334e-01,-9.999999448623365650e-01,-1.000000000000000000e+00,-9.999999999591583366e-01,-9.999999862725189592e-01,-9.999973570209149676e-01
-9.495225323906918424e-01,-9.999980354736771604e-01,-9.999963892808918509e-01,-9.999391143443866481e-01,-9.999999945421853553e-01,-1.000000000000000000e+00,-9.999999998571363902e-01,-9.999994180193141347e-01,-9.999762860027011646e-01,-3.389521337204729479e-01,-9.999566345719659299e-01,-9.925270561082971676e-01,-9.933343561586649439e-01,-9.999631862963643814e-01,-9.995896278171173543e-01,-5.780684111108411738e-01,-9.994223794012557782e-01,-9.999936370032738164e-01,5.371523286562074340e-02,-9.999999529446911284e-01,-9.954107824457122389e-01,-9.999965892288097402e-01,-9.999490990158648174e-01,-9.925763843835402334e-01,-2.302857006137554174e-01,-9.558866962746368490e-01,-9.999898783211708109e-01,1.807999851626060916e-01,-9.999996222596073681e-01,-9.999996618132992454e-01,-9.999997175398637195e-01,-9.999984043139154011e-01,-9.434183433579443889e-01,1.438441232245826207e-01,-9.999999984321334967e-01,-9.983202363909247090e-01,2.507051189176336958e-01,-9.999271660092382552e-01,-9.999855459761515242e-01,-9.999999988034421472e-01,-9.999950816593510261e-01,-9.941273546625554181e-01,3.495644435920988169e-01,-9.999972773997843900e-01,-9.999993074585846742e-01,-6.069891462930321335e-02,-9.999992779388460207e-01,-9.999999593757876726e-01,-9.997903510247465597e-01,-9.999999135722564825e-01,-9.979955753922591377e-01,-3.048188789518991859e-01,-9.999762992739286149e-01,-9.999973214017544576e-01,1.503004058575634350e-01,-9.988915509492604095e-01,-9.954493782116284883e-01,-9.695294664503224524e-01,-9.833190353546606977e-01,-9.972649161404103513e-01,-3.174967528426637653e-01,-9.034919161282053413e-01,-9.995538271953119391e-01,-9.789047289889982739e-01,-9.999999940172361601e-01,-9.999999880096613891e-01,-9.999848465329802538e-01,-9.999999233190243197e-01,-1.000000000000000000e+00,-9.999999999316681043e-01,-9.999999810879541817e-01,-9.999965659012101105e-01
-9.414205120523148063e-01,-9.999973598719461565e-01,-9.999951502696795558e-01,-9.999218174647551693e-01,-9.999999920564079936e-01,-1.000000000000000000e+00,-9.999999997649633432e-01,-9.999992137723017205e-01,-9.999694562851235702e-01,-2.720730241059095000e-01,-9.999444845522033054e-01,-9.910868128711985969e-01,-9.919640070328725745e-01,-9.999530164207856009e-01,-9.994498243857731223e-01,-5.493857551659653282e-01,-9.992830802206565943e-01,-9.999916436565616795e-01,1.300206468313580555e-01,-9.999999341922545248e-01,-9.943973441316646955e-01,-9.999954943471539570e-01,-9.999353724012162159e-01,-9.906126448436544107e-01,-2.387590972269169054e-01,-9.490388958547673059e-01,-9.999868065708280573e-01,2.531319331011210316e-01,-9.999994573002027876e-01,-9.999995411727510275e-01,-9.999996067084173657e-01,-9.999978364383895757e-01,-9.322049803250748168e-01,1.451525756167839631e-01,-9.999999977059641498e-01,-9.980012571875068739e-01,3.216720516081357228e-01,-9.999078833118674181e-01,-9.999812838437711626e-01,-9.999999983089029598e-01,-9.999933672620118230e-01,-9.926784212556101217e-01,3.440978031785271174e-01,-9.999964708343357378e-01,-9.999990898143397144e-01,1.348765287927777834e-02,-9.999990377363641159e-01,-9.999999450860487249e-01,-9.997389571814970788e-01,-9.999998774901102117e-01,-9.973939260463592360e-01,-3.171556378750453042e-01,-9.999693715308956010e-01,-9.999964738875040116e-01,2.249957040044312517e-01,-9.986372818330067069e-01,-9.944728062092996757e-01,-9.644093512979237115e-01,-9.801107022912576294e-01,-9.964297270866325773e-01,-2.930341042872396384e-01,-8.898085469079930476e-01,-9.994354880694005239e-01,-9.750785481707060498e-01,-9.999999914517837540e-01,-9.999999832401204047e-01,-9.999802768273806652e-01,-9.999998941248074980e-01,-1.000000000000000000e+00,-9.999999998867334927e-01,-9.999999741204109727e-01,-9.999955670106180916e-01
-9.324218419929335422e-01,-9.999964748149881011e-01,-9.999935298743229950e-01,-9.999002516062818202e-01,-9.999999885197456972e-01,-1.000000000000000000e+00,-9.999999996166456517e-01,-9.999989446295873829e-01,-9.999609006466839700e-01,-2.036794101577429350e-01,-9.999293731107355976e-01,-9.894347998484810391e-01,-9.903753595483235639e-01,-9.999404017012186729e-01,-9.992687335790774172e-01,-5.228898410525356644e-01,-9.991157495747068351e-01,-9.999890961237041243e-01,2.046996418036790555e-01,-9.999999085759538886e-01,-9.932051959261218865e-01,-9.999940856177332860e-01,-9.999184417609456865e-01,-9.882314788182303689e-01,-2.522119681646429745e-01,-9.414902776028900577e-01,-9.999829108856652660e-01,3.227110626268692162e-01,-9.999992263074930499e-01,-9.999993815094622152e-01,-9.999994561321065012e-01,-9.999970860356832691e-01,-9.194675715841745811e-01,1.398330274969155074e-01,-9.999999966666415219e-01,-9.976351384491923824e-01,3.891650759801912329e-01,-9.998842014340549866e-01,-9.999759166279115208e-01,-9.999999976249043243e-01,-9.999911164723266355e-01,-9.909502198734838618e-01,3.292642068370588149e-01,-9.999954524479299778e-01,-9.999988108700050837e-01,8.696409338961008650e-02,-9.999987256205468134e-01,-9.999999262170856662e-01,-9.996769460738044177e-01,-9.999998275587209662e-01,-9.966408054664896987e-01,-3.339696428205374268e-01,-9.999606694498003323e-01,-9.999953868330279105e-01,2.972010484824865184e-01,-9.983352339764439698e-01,-9.933300706381266165e-01,-9.586980694277863480e-01,-9.764382999715784939e-01,-9.953795629742392403e-01,-2.739892061892245101e-01,-8.750282518534447940e-01,-9.992903886734602059e-01,-9.707364391994149910e-01,-9.999999878668714981e-01,-9.999999767235837611e-01,-9.999744971882387201e-01,-9.999998547683593975e-01,-1.000000000000000000e+00,-9.999999998138640045e-01,-9.999999648001688390e-01,-9.999943109653095519e-01
-9.224610032532315484e-01,-9.999953208291404438e-01,-9.999914213417302467e-01,-9.998734844948956590e-01,-9.999999835159926187e-01,-1.000000000000000000e+00,-9.999999993797650255e-01,-9.999985916241190820e-01,-9.999502276437688408e-01,-1.340883486954498327e-01,-9.999106586289558951e-01,-9.875472256893255141e-01,-9.885417765687795066e-01,-9.999248181361148902e-01,-9.990358578264354472e-01,-4.989009659394894047e-01,-9.989155810469044772e-01,-9.999858552300958658e-01,2.774406985545894155e-01,-9.999998737593601694e-01,-9.918091702123680298e-01,-9.999922812342593170e-01,-9.998976433834257938e-01,-9.853650348741624931e-01,-2.699728357930072375e-01,-9.331998416446972699e-01,-9.999779921087473822e-01,3.893804624830237149e-01,-9.999989048845542294e-01,-9.999991712025986246e-01,-9.999992526332770471e-01,-9.999960993891244820e-01,-9.051068302927642861e-01,1.286018954969985195e-01,-9.999999951872332593e-01,-9.972162202804466524e-01,4.530670671885339562e-01,-9.998552331961755302e-01,-9.999691872151954541e-01,-9.999999966832578968e-01,-9.999881767535935273e-01,-9.889038089369370788e-01,3.060963865860524269e-01,-9.999941717112131867e-01,-9.999984548022486930e-01,1.594053865706317463e-01,-9.999983218594813428e-01,-9.999999014073432946e-01,-9.996024215400268753e-01,-9.999997588408664484e-01,-9.957048803588633978e-01,-3.545610930198027644e-01,-9.999497870047350245e-01,-9.999939985403143439e-01,3.666891022078329065e-01,-9.979779239186110651e-01,-9.919986981889048483e-01,-9.523543027729326482e-01,-9.722525570931711547e-01,-9.940686186133895763e-01,-2.604307502585487821e-01,-8.591373742409974534e-01,-9.991132818054808684e-01,-9.658267027246505432e-01,-9.999999828827480508e-01,-9.999999678628473943e-01,-9.999672217201156510e-01,-9.999998019709046559e-01,-1.000000000000000000e+00,-9.999999996965757143e-01,-9.999999523866863749e-01,-9.999927376238418875e-01
-9.114708258449867317e-01,-9.999938228902547355e-01,-9.999886906693152833e-01,-9.998404037667284472e-01,-9.999999764738878305e-01,-1.000000000000000000e+00,-9.999999990041299469e-01,-9.999981306583087814e-01,-9.999369656766605718e-01,-6.363733748845679106e-02,-9.998875755400249421e-01,-9.853984974599742097e-01,-9.864344557209130393e-01,-9.999056410426541142e-01,-9.987384715700832194e-01,-4.777012571219606540e-01,-9.986770745001679606e-01,-9.999817500972817408e-01,3.479433465059782460e-01,-9.999998266624640086e-01,-9.901814762653712299e-01,-9.999899798898737036e-01,-9.998721909450081213e-01,-9.819385753461910005e-01,-2.913969687803391606e-01,-9.241271231457319768e-01,-9.999718074942971491e-01,4.529971460212693923e-01,-9.999984603090429358e-01,-9.999988954267442498e-01,-9.999989789781977834e-01,-9.999948082494205526e-01,-8.890340781930383685e-01,1.121447827815704734e-01,-9.999999930922290892e-01,-9.967383022590481367e-01,5.132771544572172218e-01,-9.998199326017820354e-01,-9.999607845695325237e-01,-9.999999953925601259e-01,-9.999843560635015560e-01,-9.864975744277986180e-01,2.756219459617925693e-01,-9.999925670441952574e-01,-9.999980020089042076e-01,2.304902272144038200e-01,-9.999978017244904871e-01,-9.999998689164042442e-01,-9.995131955049514350e-01,-9.999996647583672127e-01,-9.945498754508391714e-01,-3.782662587459553194e-01,-9.999362349112262960e-01,-9.999922327250273524e-01,4.332476750519187458e-01,-9.975569167292239747e-01,-9.904539807779725313e-01,-9.453367730633112087e-01,-9.675011615290051159e-01,-9.924435266005154910e-01,-2.523383121973415966e-01,-8.421301947046369030e-01,-9.988980351883328668e-01,-9.602943928374952920e-01,-9.999999759863268389e-01,-9.999999558689670609e-01,-9.999581042068674819e-01,-9.999997314675016513e-01,-1.000000000000000000e+00,-9.999999995091363170e-01,-9.999999359203374238e-01,-9.999907739347223545e-01
-8.993828088749596938e-01,-9.999918866859179856e-01,-9.999851702969630995e-01,-9.997996867423106782e-01,-9.999999666127437070e-01,-1.000000000000000000e+00,-9.999999984125255148e-01,-9.999975312200216626e-01,-9.999205482640761700e-01,7.317993329440497519e-03,-9.998592132437043034e-01,-9.829611941085504290e-01,-9.840224031909661218e-01,-9.998821278701540693e-01,-9.983612577506475461e-01,-4.595294407859705776e-01,-9.983939566065525018e-01,-9.999765716313639974e-01,4.159195787974432346e-01,-9.999997632402535253e-01,-9.882915622484621521e-01,-9.999870565387952714e-01,-9.998411555375663617e-01,-9.778705835438697980e-01,-3.158716321092787105e-01,-9.142325794627188529e-01,-9.999640621224098469e-01,5.134317477449754641e-01,-9.999978489203691367e-01,-9.999985353339264638e-01,-9.999986127193390972e-01,-9.999931262308834334e-01,-8.711744684038320585e-01,9.111375425340439982e-02,-9.999999901399636570e-01,-9.961946080765119449e-01,5.697100431270025744e-01,-9.997770699443933040e-01,-9.999503336166973844e-01,-9.999999936306932513e-01,-9.999794135954225283e-01,-9.836875663428461536e-01,2.388499472834848536e-01,-9.999905636013998178e-01,-9.999974282727306374e-01,2.999028503360452458e-01,-9.999971343226717879e-01,-9.999998265260500174e-01,-9.994067505360830772e-01,-9.999995365839564609e-01,-9.931341268992772697e-01,-4.044625935617811585e-01,-9.999194254894971934e-01,-9.999899953553454957e-01,4.966800426016357850e-01,-9.970627381126927480e-01,-9.886688673453681853e-01,-9.376046503127754006e-01,-9.621288603854374344e-01,-9.904425923097213147e-01,-2.496065156296146670e-01,-8.240096483420676909e-01,-9.986375079008831257e-01,-9.540813433924146825e-01,-9.999999664869787530e-01,-9.999999397033281223e-01,-9.999467268999110425e-01,-9.999996377303737027e-01,-1.000000000000000000e+00,-9.999999992116318515e-01,-9.999999141612984088e-01,-9.999883313915950422e-01
-8.861274947123340961e-01,-9.999893940594808406e-01,-9.999806514960035697e-01,-9.997497660142206088e-01,-9.999999528701699614e-01,-1.000000000000000000e+00,-9.999999974868997166e-01,-9.999967548032514530e-01,-9.999002969472311486e-01,7.840641827890504345e-02,-9.998244919824468280e-01,-9.802060573504521868e-01,-9.812724330254295468e-01,-9.998533984877001624e-01,-9.978859109605123789e-01,-4.445766689816459394e-01,-9.980590956594779239e-01,-9.999700648291198757e-01,4.810951532029899003e-01,-9.999996781998080619e-01,-9.861059921025796537e-01,-9.999833573291198041e-01,-9.998034429354922814e-01,-9.730730641513333223e-01,-3.428202547139038714e-01,-9.034780130497024331e-01,-9.999543988237601377e-01,5.705681758753768928e-01,-9.999970127603849956e-01,-9.999980670436600105e-01,-9.999981247331570788e-01,-9.999909443973491463e-01,-8.514703092456867850e-01,6.612529895665586466e-02,-9.999999859990359452e-01,-9.955777501726587042e-01,6.222953106880630969e-01,-9.997252036500205996e-01,-9.999373834741606126e-01,-9.999999912350280296e-01,-9.999730485902087462e-01,-9.804279555024083548e-01,1.967591878952732465e-01,-9.999880706546162568e-01,-9.999967037547173865e-01,3.673347923691527850e-01,-9.999962811797130646e-01,-9.999997714171183771e-01,-9.992801988429359517e-01,-9.999993627872779678e-01,-9.914101679925725330e-01,-4.325725584223242270e-01,-9.998986551652013777e-01,-9.999871708694076933e-01,5.568051717829716196e-01,-9.964847836299053352e-01,-9.866138687236197802e-01,-9.291180058259219665e-01,-9.560776124116312502e-01,-9.879950575648940303e-01,-2.520509797195049639e-01,-8.047880021773692327e-01,-9.983234141880396040e-01,-9.471262332216987545e-01,-9.999999534584999017e-01,-9.999999180032742574e-01,-9.999325875378509698e-01,-9.999995136201385026e-01,-1.000000000000000000e+00,-9.999999987425339798e-01,-9.999998855123746200e-01,-9.999853030324403758e-01
-8.716349004251091603e-01,-9.999861974762642713e-01,-9.999748752236666816e-01,-9.996887904427221860e-01,-9.999999338063878529e-01,-1.000000000000000000e+00,-9.999999960478591632e-01,-9.999957529720557847e-01,-9.998754015092617964e-01,1.492438668370592580e-01,-9.997821353477678308e-01,-9.771020029577384136e-01,-9.781491962246621208e-01,-9.998184126538064431e-01,-9.972907105608260769e-01,-4.329834945267029278e-01,-9.976644108679549872e-01,-9.999619197209757004e-01,5.432107870228732871e-01,-9.999995646401184102e-01,-9.835883421428933682e-01,-9.999786935654646491e-01,-9.997577678139547563e-01,-9.674520668771965370e-01,-3.717055730260669932e-01,-8.918270296367933891e-01,-9.999423863981850014e-01,6.243032398361703095e-01,-9.999958752772176718e-01,-9.999974604002147549e-01,-9.999974773805854200e-01,-9.999881258764817815e-01,-8.298844099165474386e-01,3.775892047306594890e-02,-9.999999802167931495e-01,-9.948796948095544046e-01,6.709766969515396084e-01,-9.996626485462855038e-01,-9.999213938053104211e-01,-9.999999879896607213e-01,-9.999648868747164077e-01,-9.766716195059804706e-01,1.502881963662592302e-01,-9.999849785088609222e-01,-9.999957917854623846e-01,4.324865891305038623e-01,-9.999951945249965224e-01,-9.999997000166549466e-01,-9.991302376028400323e-01,-9.999991281966054135e-01,-9.893243675935577963e-01,-4.620662455889774645e-01,-9.998730843178441630e-01,-9.999836176634294693e-01,6.134578711338758428e-01,-9.958112259374276576e-01,-9.842569794599672628e-01,-9.198383092094362112e-01,-9.492867986324498020e-01,-9.850204227406398338e-01,-2.594157931219548407e-01,-7.844874804141610536e-01,-9.979461742294201132e-01,-9.393646954897161283e-01,-9.999999356631981140e-01,-9.999998889869360363e-01,-9.999150843840221015e-01,-9.999993499476579339e-01,-1.000000000000000000e+00,-9.999999980075705563e-01,-9.999998479218119574e-01,-9.999815599105323916e-01
-8.558350092208908411e-01,-9.999821133258558481e-01,-9.999675211792304896e-01,-9.996145811505080525e-01,-9.999999074780641095e-01,-1.000000000000000000e+00,-9.999999938244185094e-01,-9.999944649951506559e-01,-9.998448971679817499e-01,2.194363703909862906e-01,-9.997306390714030266e-01,-9.736161555808254819e-01,-9.746152440794422223e-01,-9.997759443578198013e-01,-9.965500690790946026e-01,-4.248380479155841050e-01,-9.972007764796975149e-01,-9.999517607496845040e-01,6.020232546010442221e-01,-9.999994135951564278e-01,-9.806991226753101198e-01,-9.999728345407177255e-01,-9.997026246184799181e-01,-9.609084617904197767e-01,-4.020318224701455723e-01,-8.792455304870431254e-01,-9.999275058886997192e-01,6.745462699612641000e-01,-9.999943358601958154e-01,-9.999966774487158983e-01,-9.999966222020394424e-01,-9.999844993141875360e-01,-8.064033577622936599e-01,6.556293100915100425e-03,-9.999999721773733530e-01,-9.940917281004474360e-01,7.157114062104863450e-01,-9.995874402429310024e-01,-9.999017190580742342e-01,-9.999999836088376837e-01,-9.999544647359465133e-01,-9.723708639109304164e-01,1.003269382272768961e-01,-9.999811548786933235e-01,-9.999946474180756439e-01,4.950694121525260893e-01,-9.999938152230598565e-01,-9.999996078087065587e-01,-9.989531005390817064e-01,-9.999988129287730176e-01,-9.868166447475353875e-01,-4.924629054598143041e-01,-9.998417141678602738e-01,-9.999791627269655203e-01,6.664888826443495784e-01,-9.950289211606272444e-01,-9.815636208553251141e-01,-9.097289679891804592e-01,-9.416934969484886953e-01,-9.814278621670580183e-01,-2.713822270417031168e-01,-7.631408241748379728e-01,-9.974947516235731504e-01,-9.307294765410210058e-01,-9.999999114529255495e-01,-9.999998503318334730e-01,-9.998934990566132885e-01,-9.999991349254989670e-01,-1.000000000000000000e+00,-9.999999968631589908e-01,-9.999997987612340156e-01,-9.999769469554214973e-01
-8.386583239815149637e-01,-9.999769138446523709e-01,-9.999581947634039736e-01,-9.995245821132433539e-01,-9.999998712726244632e-01,-1.000000000000000000e+00,-9.999999904096308345e-01,-9.999928149657496546e-01,-9.998076383725307270e-01,2.885831874141306930e-01,-9.996682357454822476e-01,-9.697139103293007656e-01,-9.706311302812743458e-01,-9.997245527069132942e-01,-9.956340635619872481e-01,-4.201754341459401632e-01,-9.966579212505867202e-01,-9.999391343626107265e-01,6.573063959442810855e-01,-9.999992134562666335e-01,-9.773957304073317420e-01,-9.999654990550878031e-01,-9.996362547777313257e-01,-9.533389917124361901e-01,-4.333460589374166227e-01,-8.657022367187368062e-01,-9.999091346498437671e-01,7.212187447285607345e-01,-9.999922629250259654e-01,-9.999956705729342588e-01,-9.999954970406152999e-01,-9.999798509506441224e-01,-7.810406275182444347e-01,-2.697907963729273551e-02,-9.999999610460591493e-01,-9.932044235818472400e-01,7.564694366113324797e-01,-9.994972953077030375e-01,-9.998775903294030432e-01,-9.999999777154890968e-01,-9.999412096891749924e-01,-9.674782812573822222e-01,4.771018530023041215e-02,-9.999764406428508501e-01,-9.999932157003337263e-01,5.548066452708397822e-01,-9.999920702865124911e-01,-9.999994891007488729e-01,-9.987445057301159723e-01,-9.999983910288574585e-01,-9.838202856133229091e-01,-5.233314896874774469e-01,-9.998033603764456823e-01,-9.999735952846663389e-01,7.157649306339548545e-01,-9.941233157521277564e-01,-9.784966098333257589e-01,-8.987559074237033707e-01,-9.332328261540224768e-01,-9.771157726618900918e-01,-2.875783819068152836e-01,-7.407917718243599570e-01,-9.969564775683755764e-01,-9.211506495981871545e-01,-9.999998786405022155e-01,-9.999997990205256038e-01,-9.998669769167526367e-01,-9.999988534835652088e-01,-1.000000000000000000e+00,-9.999999950918924130e-01,-9.999997346727568237e-01,-9.999712781319074484e-01
-8.200364841718024156e-01,-9.999703174096311598e-01,-9.999464116057603658e-01,-9.994158049592248849e-01,-9.999998216915468863e-01,-1.000000000000000000e+00,-9.999999851958988328e-01,-9.999907083066195135e-01,-9.997622688082836717e-01,3.562800862656092526e-01,-9.995928551111843419e-01,-9.653590243792030678e-01,-9.661555563195521890e-01,-9.996625490198103314e-01,-9.945079602337060232e-01,-4.189783319114001037e-01,-9.960243239720660835e-01,-9.999234945743343816e-01,7.088520440995524918e-01,-9.999989492446110795e-01,-9.736324378327375628e-01,-9.999563454180566691e-01,-9.995566099477684041e-01,-9.446376223619890045e-01,-4.652386987856692580e-01,-8.511692427637620462e-01,-9.998865279267452610e-01,7.642539384871442909e-01,-9.999894852118004218e-01,-9.999943802276086702e-01,-9.999940224659847887e-01,-9.999739150658821796e-01,-7.538394158411654278e-01,-6.238176730427447136e-02,-9.999999456957590072e-01,-9.922076119902285551e-01,7.932329490921314896e-01,-9.993895669271882776e-01,-9.998480945797555419e-01,-9.999999698135121351e-01,-9.999244176453799815e-01,-9.619477463800802930e-01,-6.787526773004981528e-03,-9.999706448852734297e-01,-9.999914296173758599e-01,6.114354030203821289e-01,-9.999898698954510223e-01,-9.999993367361343921e-01,-9.984995996930613460e-01,-9.999978287480286721e-01,-9.802618911808397284e-01,-5.542903297849914868e-01,-9.997566230187575620e-01,-9.999666592851917946e-01,7.611687411920400326e-01,-9.930783554372077937e-01,-9.750161585559206090e-01,-8.868881869748492797e-01,-9.238383643433170089e-01,-9.719714995108916789e-01,-3.075894551924609477e-01,-7.174954455755153671e-01,-9.963168619927615932e-01,-9.105558885431699334e-01,-9.999998343332430206e-01,-9.999997311449900783e-01,-9.998345047741763469e-01,-9.999984864182295263e-01,-1.000000000000000000e+00,-9.999999923664791845e-01,-9.999996513780183838e-01,-9.999643307938375081e-01
-7.999029464279635571e-01,-9.999619769176437689e-01,-9.999315792867793373e-01,-9.992847676213301167e-01,-9.999997540680614083e-01,-1.000000000000000000e+00,-9.999999772812103727e-01,-9.999880275437824650e-01,-9.997071871903617790e-01,4.221227624417440705e-01,-9.995020795575337846e-01,-9.605137418450631070e-01,-9.611455645440389883e-01,-9.995879597798638105e-01,-9.931317457633008772e-01,-4.211787439730023674e-01,-9.952871059853966029e-01,-9.999041862353570398e-01,7.564708775616613146e-01,-9.999986016980241255e-01,-9.693604260940571482e-01,-9.999449597048994942e-01,-9.994613109781752547e-01,-9.346972045477652813e-01,-4.973433693059601257e-01,-8.356225950302972327e-01,-9.998587976395785226e-01,8.035966000605458959e-01,-9.999857808935447290e-01,-9.999927321867589924e-01,-9.999920973468983121e-01,-9.999663625059389549e-01,-7.248750903037419757e-01,-9.922393718737210211e-02,-9.999999246102433403e-01,-9.910903539774823523e-01,8.259956852371879155e-01,-9.992611957555360691e-01,-9.998121509063481183e-01,-9.999999592520881775e-01,-9.999032259286103619e-01,-9.557355415807070598e-01,-6.245545162240839776e-02,-9.999635391200438761e-01,-9.999892076490518589e-01,6.647079914815314794e-01,-9.999871038372238896e-01,-9.999991417410653005e-01,-9.982128978615137926e-01,-9.999970823723840496e-01,-9.760614859088604378e-01,-5.850060723392132012e-01,-9.996998525822281545e-01,-9.999580445577659349e-01,8.025990433612784081e-01,-9.918763981094412818e-01,-9.710799099401914436e-01,-8.740986486607396078e-01,-9.134426459875163440e-01,-9.658712879459685485e-01,-3.309683215567378323e-01,-6.933186299237075190e-01,-9.955593922239935889e-01,-8.988708067519762812e-01,-9.999997747181588181e-01,-9.999996416595040571e-01,-9.997948856689471420e-01,-9.999980093381527491e-01,-1.000000000000000000e+00,-9.999999881970071947e-01,-9.999995434402902950e-01,-9.999558391176508465e-01
-7.781937279933721641e-01,-9.999514659243297077e-01,-9.999129758419889047e-01,-9.991274265298282220e-01,-9.999996622008892055e-01,-1.000000000000000000e+00,-9.999999653340310157e-01,-9.999846272136969638e-01,-9.996405084053182621e-01,4.857103641528408566e-01,-9.993930944826907581e-01,-9.551389550449186361e-01,-9.555567830018650843e-01,-9.994984850969497181e-01,-9.914596816079142005e-01,-4.266608167135974572e-01,-9.944319218512499559e-01,-9.998804257226571179e-01,7.999932021366780166e-01,-9.999981461290645690e-01,-9.645278680453647224e-01,-9.999308420144142895e-01,-9.993476022995094743e-01,-9.234114545175254873e-01,-5.293361622836896263e-01,-8.190428907676866599e-01,-9.998248880479324585e-01,8.392026698634049708e-01,-9.999808640194987053e-01,-9.999906342165988393e-01,-9.999895933918712121e-01,-9.999567869604518711e-01,-6.942571413430884686e-01,-1.371145600572409862e-01,-9.999998957572726610e-01,-9.898409165694569412e-01,8.547624403424647355e-01,-9.991086556764414706e-01,-9.997684835714085727e-01,-9.999999451798771144e-01,-9.998765815389288880e-01,-9.488015997680022684e-01,-1.186488123454514376e-01,-9.999548505866263648e-01,-9.999864508780637040e-01,7.143933108000151133e-01,-9.999836372680345198e-01,-9.999988928923868592e-01,-9.978782216675171624e-01,-9.999960954971398586e-01,-9.711328182268508247e-01,-6.151919905374537700e-01,-9.996311116388119089e-01,-9.999473764352692085e-01,8.399705606080780651e-01,-9.904981328081345904e-01,-9.666430143848966372e-01,-8.603645911962795045e-01,-9.019777410513829530e-01,-9.586805107759401867e-01,-3.572461296435733846e-01,-6.683399276206807293e-01,-9.946653201610301531e-01,-8.860193655300624416e-01,-9.999996947857516805e-01,-9.999995240694736776e-01,-9.997467104923182246e-01,-9.999973913628040778e-01,-1.000000000000000000e+00,-9.999999818542719687e-01,-9.999994039689594771e-01,-9.999454864879511184e-01
-7.548482108769787313e-01,-9.999382621731579546e-01,-9.998897245967858227e-01,-9.989391020979353497e-01,-9.999995378809725111e-01,-1.000000000000000000e+00,-9.999999473997606136e-01,-9.999803277479932806e-01,-9.995600195443404834e-01,5.466490968112316384e-01,-9.992626331909738591e-01,-9.491944050847400671e-01,-9.493437257381728278e-01,-9.993914523311071552e-01,-9.894399011771379815e-01,-4.352646197568069697e-01,-9.934428496029160671e-01,-9.998512787494815424e-01,8.392696644986787913e-01,-9.999975510021108516e-01,-9.590800683239870672e-01,-9.999133904487711444e-01,-9.992123014488121235e-01,-9.106772486217824536e-01,-5.609343816859591048e-01,-8.014158910161026661e-01,-9.997835479519026070e-01,8.710390403526180325e-01,-9.999743677350894089e-01,-9.999879720672606442e-01,-9.999863484452302664e-01,-9.999446886194155448e-01,-6.621305289257315430e-01,-1.756983522546101684e-01,-9.999998564228820275e-01,-9.884467542378240212e-01,8.795485949729053843e-01,-9.989278942367536551e-01,-9.997155914729884962e-01,-9.999999264863914661e-01,-9.998432040028621959e-01,-9.411108477401584071e-01,-1.747897376032181427e-01,-9.999442544901584462e-01,-9.999830395762564494e-01,7.602781967789009610e-01,-9.999793056843240269e-01,-9.999985761899264913e-01,-9.974886325406800980e-01,-9.999947956189103593e-01,-9.653838835632878590e-01,-6.446057875579143115e-01,-9.995481318445221808e-01,-9.999342036199438954e-01,8.732139983076818712e-01,-9.889225071778573462e-01,-9.616582530647640459e-01,-8.456684624491128677e-01,-8.893759183698077830e-01,-9.502542239261184687e-01,-3.859426413913593645e-01,-6.426497794227761240e-01,-9.936134393697277911e-01,-8.719243561012958166e-01,-9.999995879760763540e-01,-9.999993700408935648e-01,-9.996883262215472410e-01,-9.999965935213706025e-01,-1.000000000000000000e+00,-9.999999722589512086e-01,-9.999992242534334608e-01,-9.999328966941125607e-01
-7.298100031770533569e-01,-9.999217280983553335e-01,-9.998607648429701511e-01,-9.987143973355645521e-01,-9.999993702824198083e-01,-1.000000000000000000e+00,-9.999999206251062311e-01,-9.999749081568775066e-01,-9.994631303610551631e-01,6.045558734942100276e-01,-9.991069160316772280e-01,-9.426389243857582478e-01,-9.424601516649053767e-01,-9.992637645423532167e-01,-9.870140728290952570e-01,-4.467907537903403892e-01,-9.923022822885282368e-01,-9.998156349759856898e-01,8.741718972806058474e-01,-9.999967761668604460e-01,-9.529596671663361773e-01,-9.998918825104324837e-01,-9.990517434768397820e-01,-8.963972168494984682e-01,-5.918948730642021872e-01,-7.827331403913690977e-01,-9.997332990725574797e-01,8.990833618352662704e-01,-9.999658236299222569e-01,-9.999846046615531447e-01,-9.999821582889605320e-01,-9.999294547911224962e-01,-6.286763232870381524e-01,-2.146545051015775751e-01,-9.999998029957577472e-01,-9.868944955149876463e-01,9.003797054061928318e-01,-9.987142675550465531e-01,-9.996517137421809807e-01,-9.999999017271832269e-01,-9.998015421029535776e-01,-9.326346255638656713e-01,-2.303670899063928745e-01,-9.999313650495674777e-01,-9.999788291868021428e-01,8.021686968251930949e-01,-9.999739089771702005e-01,-9.999981742141199614e-01,-9.970363632540161225e-01,-9.999930898936024715e-01,-9.587176989615541212e-01,-6.730470010613146536e-01,-9.994482659332355468e-01,-9.999179840439603728e-01,9.022760300928045485e-01,-9.871266660723627684e-01,-9.560762130754663080e-01,-8.299985613389602168e-01,-8.755703941128751833e-01,-9.404381008497800787e-01,-4.165760680145115247e-01,-6.163503347885779249e-01,-9.923798540195892803e-01,-8.565079583259489482e-01,-9.999994457267566972e-01,-9.999991689117934124e-01,-9.996178005636383590e-01,-9.999955667901404555e-01,-1.000000000000000000e+00,-9.999999578223466301e-01,-9.999989933108799356e-01,-9.999176237831481906e-01
-7.030278524610571456e-01,-9.999010878360047316e-01,-9.998248178333815073e-01,-9.984471095328019130e-01,-9.999991451819119082e-01,-1.000000000000000000e+00,-9.999998808678574047e-01,-9.999680973071215506e-01,-9.993468176843518513e-01,6.590619748208268458e-01,-9.989215835323334014e-01,-9.354307233663785581e-01,-9.348594843427162626e-01,-9.991118434520873670e-01,-9.841171548020570814e-01,-4.610056368968397100e-01,-9.909908227981759632e-01,-9.997721790902236449e-01,9.045930930733994124e-01,-9.999957706733496599e-01,-9.461069144439828715e-01,-9.998654535855289183e-01,-9.988617200186057365e-01,-8.804826067631914555e-01,-6.220120173875325342e-01,-7.629925853385421952e-01,-9.996724002449967061e-01,9.233238929583929000e-01,-9.999546364668675524e-01,-9.999803583413505725e-01,-9.999767666594971960e-01,-9.999103370156607884e-01,-5.941115512493144735e-01,-2.536952480006195998e-01,-9.999997306877514980e-01,-9.851699361326533566e-01,9.172911506746606047e-01,-9.984624695668693484e-01,-9.995747911531291940e-01,-9.999998690286528991e-01,-9.997497237335702946e-01,-9.233521517231191300e-01,-2.849353256503831533e-01,-9.999157252041299682e-01,-9.999736456095655868e-01,8.398912732594603359e-01,-9.999672044271272764e-01,-9.999976653462205878e-01,-9.965127471758216116e-01,-9.999908598783131541e-01,-9.510333552136519542e-01,-7.003541100998473823e-01,-9.993284343962005600e-01,-9.998980684525974327e-01,9.271192830857231115e-01,-9.850859042121103970e-01,-9.498455194930423007e-01,-8.133497389261294952e-01,-8.604961645375931445e-01,-9.290697937074082757e-01,-4.486721904577506415e-01,-5.895551620914207813e-01,-9.909377421426516230e-01,-8.396923783566668797e-01,-9.999992568978021135e-01,-9.999989070830913596e-01,-9.995328828330686255e-01,-9.999942496954404847e-01,-1.000000000000000000e+00,-9.999999362188550789e-01,-9.999986973290869718e-01,-9.998991403999499816e-01
-6.744566044484012757e-01,-9.998754002259769846e-01,-9.997803475410822482e-01,-9.981301350853096777e-01,-9.999988439623755943e-01,-1.000000000000000000e+00,-9.999998221476654736e-01,-9.999595635631886026e-01,-9.992075633233306053e-01,7.098166781197388087e-01,-9.987016233412233657e-01,-9.275277229642923116e-01,-9.264952940806133741e-01,-9.989315666335316646e-01,-9.806772709160807011e-01,-4.776473071115927560e-01,-9.894871842704319187e-01,-9.997193580217618170e-01,9.304485023096948915e-01,-9.999944700794247687e-01,-9.384600199268325893e-01,-9.998330721586650149e-01,-9.986374128591778421e-01,-8.628563752362584660e-01,-6.511154661059254112e-01,-7.421991814225534778e-01,-9.995988070539085779e-01,9.437593926876159944e-01,-9.999400534408933172e-01,-9.999750200129955413e-01,-9.999698531426576276e-01,-9.998864241596389091e-01,-5.586881763643458676e-01,-2.925642867219622190e-01,-9.999996331730155452e-01,-9.832580397047006038e-01,9.303278315052245784e-01,-9.981664555415562523e-01,-9.994824230423506872e-01,-9.999998259672939760e-01,-9.996854980945780733e-01,-9.132519976370273573e-01,-3.381125261356353606e-01,-9.998967948169826814e-01,-9.999672796856835522e-01,8.732939247044535502e-01,-9.999588984801233149e-01,-9.999970228244264847e-01,-9.959081461291170445e-01,-9.999879550422209329e-01,-9.422273676065530124e-01,-7.264014367326494526e-01,-9.991850665758039707e-01,-9.998736814130451123e-01,9.477223193617905217e-01,-9.827736360270674654e-01,-9.429131290302414925e-01,-7.957240871167022833e-01,-8.440909203651604242e-01,-9.159807635242487311e-01,-4.817725894894008265e-01,-5.623887887791330087e-01,-9.892571163087576780e-01,-8.214005662842301936e-01,-9.999990070422032362e-01,-9.999985672616144017e-01,-9.994309609300107144e-01,-9.999925653966816874e-01,-1.000000000000000000e+00,-9.999999040628020364e-01,-9.999983189820639273e-01,-9.998768244317763898e-01
-6.440581985398595721e-01,-9.998435272344523561e-01,-9.997255156064701609e-01,-9.977553676908625935e-01,-9.999984423465765326e-01,-1.000000000000000000e+00,-9.999997358776037126e-01,-9.999489025306288470e-01,-9.990412850194192451e-01,7.564908124559752700e-01,-9.984412908734340286e-01,-9.188879340414501939e-01,-9.173218426361501310e-01,-9.987181986932810451e-01,-9.766157380297932900e-01,-4.964315717652303395e-01,-9.877680986733736734e-01,-9.996553439492245063e-01,9.516758478119715647e-01,-9.999927931452547991e-01,-9.299555850794558598e-01,-9.997935113817935093e-01,-9.983733218908188434e-01,-8.434564506285154861e-01,-6.790676876316505961e-01,-7.203654792491205328e-01,-9.995101265458448125e-01,9.603990483115663057e-01,-9.999211270078716129e-01,-9.999683290123508872e-01,-9.999610185592879841e-01,-9.998566109291909809e-01,-5.226911622972976179e-01,-3.310351534571135401e-01,-9.999995021238674564e-01,-9.811429470018731003e-01,9.395439143723507414e-01,-9.978193598946660803e-01,-9.993718194531265864e-01,-9.999997694169604490e-01,-9.996061694113653751e-01,-9.023335295828867064e-01,-3.895777355215712667e-01,-9.998739372023153216e-01,-9.999594807653559014e-01,9.022472140992328082e-01,-9.999486371273794694e-01,-9.999962136047318984e-01,-9.952118777136914618e-01,-9.999841847935064809e-01,-9.321953397134955521e-01,-7.510959249478836863e-01,-9.990140359537829085e-01,-9.998438994273861624e-01,9.640796085746228261e-01,-9.801613860042661663e-01,-9.352246894133033894e-01,-7.771316022077275898e-01,-8.262960380553603379e-01,-9.009986129530060950e-01,-5.154418501580846357e-01,-5.349860642649511000e-01,-9.873045854712831915e-01,-8.015570134814321568e-01,-9.999986774842068993e-01,-9.999981275225611199e-01,-9.993090143398315472e-01,-9.999904181499171818e-01,-1.000000000000000000e+00,-9.999998564521177524e-01,-9.999978365917168155e-01,-9.998499437597710982e-01
-6.118026900141788627e-01,-9.998040971736787963e-01,-9.996581298819885442e-01,-9.973135903309059414e-01,-9.999979087941487377e-01,-1.000000000000000000e+00,-9.999996097953725016e-01,-9.999356226096430822e-01,-9.988432600319392396e-01,7.987801932319480436e-01,-9.981340236532331156e-01,-9.094698839554354874e-01,-9.072946895012805602e-01,-9.984663162648428347e-01,-9.718472775696169741e-01,-5.170583324253605895e-01,-9.858082364501420392e-01,-9.995779927698873468e-01,9.682356469111836894e-01,-9.999906377907967769e-01,-9.205291207473252912e-01,-9.997453166006243785e-01,-9.980631874367695833e-01,-8.222390931922269885e-01,-7.057613884250437675e-01,-6.975121777644146537e-01,-9.994035666660194828e-01,9.732624320456937372e-01,-9.998966702142655372e-01,-9.999599674880049749e-01,-9.999497673991167845e-01,-9.998195611912449321e-01,-4.864355940733027239e-01,-3.689095003772043802e-01,-9.999993266161634198e-01,-9.788079948772344663e-01,9.450026121647072674e-01,-9.974134084264065780e-01,-9.992397482505325224e-01,-9.999996953562719781e-01,-9.995085213630037213e-01,-8.906082713360083947e-01,-4.390677360123088624e-01,-9.998464037918399772e-01,-9.999499492301179293e-01,9.266451899753329613e-01,-9.999359946940511445e-01,-9.999951969901532678e-01,-9.944121431089463226e-01,-9.999793087266258818e-01,-9.208339461214258836e-01,-7.743738695192222687e-01,-9.988105894820742403e-01,-9.998076258048141929e-01,9.762014845940072405e-01,-9.772188030018337246e-01,-9.267249678538476143e-01,-7.575908094585652730e-01,-8.070576410050406269e-01,-8.839499436003249722e-01,-5.492736456202932382e-01,-5.074913411591106538e-01,-9.850431224340101544e-01,-7.800886278338929891e-01,-9.999982441586893200e-01,-9.999975601522692603e-01,-9.991635631431028397e-01,-9.999876890364526316e-01,-1.000000000000000000e+00,-9.999997863277725330e-01,-9.999972231039321313e-01,-9.998176389066734115e-01
-5.776692870124802148e-01,-9.997554620437000272e-01,-9.995755859825736778e-01,-9.967943616641510296e-01,-9.999972024811769611e-01,-1.000000000000000000e+00,-9.999994264856038040e-01,-9.999191280339947419e-01,-9.986080409899962262e-01,8.364088878902335988e-01,-9.977723494644479274e-01,-8.992330897098418374e-01,-8.963713572978513344e-01,-9.981697267095331894e-01,-9.662804437123581058e-01,-5.392179177490765696e-01,-9.835801403998701842e-01,-9.994847977156612329e-01,9.801114305951856842e-01,-9.999878761709137809e-01,-9.101156538807013696e-01,-9.996867684272869869e-01,-9.976999070123886426e-01,-7.991822672462309818e-01,-7.311168647308892155e-01,-6.736686330079248997e-01,-9.992758800920457096e-01,9.823794771987659491e-01,-9.998652033525714522e-01,-9.999495490778459450e-01,-9.999354868011227637e-01,-9.997736654493335484e-01,-4.502628604094149889e-01,-4.060153637971941620e-01,-9.999990923704835666e-01,-9.762357458951729239e-01,9.467759916525995134e-01,-9.969398252406321825e-01,-9.990824769947046491e-01,-9.999995986264847980e-01,-9.993887314145510903e-01,-8.781011372877056687e-01,-4.863733831151144660e-01,-9.998133167460352411e-01,-9.999383278275502107e-01,9.464061861060053538e-01,-9.999204608226988089e-01,-9.999939229861516399e-01,-9.934959565463175046e-01,-9.999730247466694921e-01,-9.080432296031625272e-01,-7.961976574818178110e-01,-9.985692708906317439e-01,-9.997635619263973705e-01,9.841140773357237581e-01,-9.739137020766052144e-01,-9.173583510440949107e-01,-7.371293340580464815e-01,-7.863277213166954827e-01,-8.646637450619236720e-01,-5.828956450026867575e-01,-4.800574737186246166e-01,-9.824318421109268229e-01,-7.569256833680946261e-01,-9.999976761549236315e-01,-9.999968302246841079e-01,-9.989906131092121111e-01,-9.999842308234134780e-01,-1.000000000000000000e+00,-9.999996835798826700e-01,-9.999964448416170937e-01,-9.997789033571065076e-01
-5.416473888015945759e-01,-9.996956482717783699e-01,-9.994748012637582057e-01,-9.961858977008695160e-01,-9.999962707644679538e-01,-1.000000000000000000e+00,-9.999991613490599729e-01,-9.998986990367215721e-01,-9.983293637076954274e-01,8.691322629227467012e-01,-9.973477885610677607e-01,-8.881385761218788533e-01,-8.845120522019120912e-01,-9.978213805116730173e-01,-9.598182997476021328e-01,-5.625972649635953005e-01,-9.810541772218001055e-01,-9.993728378271856672e-01,9.873098482105799878e-01,-9.999843486989746788e-01,-8.986504249711120274e-01,-9.996158409390665245e-01,-9.972754467069306905e-01,-7.742889257357544741e-01,-7.550793339398912396e-01,-6.488733099284413885e-01,-9.991233021744893028e-01,9.877904636423859852e-01,-9.998248906699835903e-01,-9.999366056300845740e-01,-9.999174215161125145e-01,-9.997169917820568630e-01,-4.145359314808121365e-01,-4.422054217028249523e-01,-9.999987807876294932e-01,-9.734080296909485286e-01,9.449447970475282066e-01,-9.963887347417151874e-01,-9.988957094157001615e-01,-9.999994726280151403e-01,-9.992422742895609167e-01,-8.648514837554799328e-01,-5.313356150452197557e-01,-9.997736493070472630e-01,-9.999241916626175897e-01,9.614734836068246082e-01,-9.999014254191711526e-01,-9.999923303335063185e-01,-9.924490778152623705e-01,-9.999649546751273599e-01,-8.937291961600376533e-01,-8.165525752482061250e-01,-9.982838380124379185e-01,-9.997101745166232512e-01,9.878592097496396995e-01,-9.702121373896273049e-01,-9.070694179570637505e-01,-7.157844033137679141e-01,-7.640653103171235472e-01,-8.429753049448167612e-01,-6.159732277862073335e-01,-4.528446360498726841e-01,-9.794257964808856798e-01,-7.320028389730397489e-01,-9.999969338960302823e-01,-9.999958938562886201e-01,-9.987855970469210476e-01,-9.999798618037486486e-01,-1.000000000000000000e+00,-9.999995338076929086e-01,-9.999954599905636066e-01,-9.997325613153484891e-01
-5.037376102983122106e-01,-9.996223000812027859e-01,-9.993521406818359765e-01,-9.954749498959403198e-01,-9.999950460127776664e-01,-1.000000000000000000e+00,-9.999987798285296936e-01,-9.998734687499938323e-01,-9.980000467434185785e-01,8.967397621132491281e-01,-9.968507503532670899e-01,-8.761494363802030394e-01,-8.716804335950296689e-01,-9.974132774649479005e-01,-9.523593715397355997e-01,-5.868858035238050386e-01,-9.781985103730810316e-01,-9.992387210380857532e-01,9.898606458773242522e-01,-9.999798568230973128e-01,-8.860696761429667223e-01,-9.995301545816028810e-01,-9.967807474996417394e-01,-7.475900970055060490e-01,-7.776162877050774025e-01,-6.231741646540324142e-01,-9.989414827463058977e-01,9.895460015087746974e-01,-9.997734657756810472e-01,-9.999205716952646039e-01,-9.998946442221001707e-01,-9.996472295222496030e-01,-3.796337990327406375e-01,-4.773552634131287276e-01,-9.999983677275712246e-01,-9.703059970405729651e-01,9.395982784709187019e-01,-9.957490592679316688e-01,-9.986745164043561163e-01,-9.999993089412348990e-01,-9.990638138900218568e-01,-8.509139259542516376e-01,-5.738412407045949681e-01,-9.997262036834934085e-01,-9.999070366758235906e-01,9.718158191125287892e-01,-9.998781613104812394e-01,-9.999903441625549450e-01,-9.912559493432625546e-01,-9.999546268843731989e-01,-8.778066778351401034e-01,-8.354437251867212755e-01,-9.979471742929846290e-01,-9.996456585206588974e-01,9.874942492116816073e-01,-9.660785096917620107e-01,-8.958035853904142698e-01,-6.936032646685122982e-01,-7.402376835157153945e-01,-8.187306085079837370e-01,-6.482120221512412961e-01,-4.260189665698270733e-01,-9.759757928597506682e-01,-7.052602189931247434e-01,-9.999959668712304905e-01,-9.999946960743226754e-01,-9.985433127025834521e-01,-9.999743584419515940e-01,-1.000000000000000000e+00,-9.999993166096655672e-01,-9.999942167663306014e-01,-9.996772426558111491e-01
-4.639527764984840985e-01,-9.995326146845382453e-01,-9.992033340453123635e-01,-9.946466810940962633e-01,-9.999934416641895751e-01,-1.000000000000000000e+00,-9.999982336423828277e-01,-9.998423964127697294e-01,-9.976118825893037778e-01,9.190573668571755395e-01,-9.962704251698314417e-01,-8.632314312266999856e-01,-8.578444253386089402e-01,-9.969363668760593544e-01,-9.437989026494671974e-01,-6.117809111431813385e-01,-9.749790980679223784e-01,-9.990785216765657450e-01,9.878165070170734641e-01,-9.999741543297052671e-01,-8.723115278643500670e-01,-9.994269233627267601e-01,-9.962056269724396396e-01,-7.191476557606599762e-01,-7.987149024423186860e-01,-5.966289446646599881e-01,-9.987254116319886910e-01,9.877070016424382981e-01,-9.997081443334668860e-01,-9.999007664913881488e-01,-9.998660204968193854e-01,-9.995616249359284833e-01,-3.459451784791044426e-01,-5.113616865705331582e-01,-9.999978219698303361e-01,-9.669101875507013499e-01,9.308340140872755075e-01,-9.950084130997236542e-01,-9.984132615212749640e-01,-9.999990968541049297e-01,-9.988470830787204990e-01,-8.363588699041588637e-01,-6.138186005014475422e-01,-9.996695862533344634e-01,-9.998862664243369780e-01,9.774277228421015540e-01,-9.998498043473676988e-01,-9.999878732045510699e-01,-9.898996395640494717e-01,-9.999414554470495986e-01,-8.602024186089428648e-01,-8.528930868890779449e-01,-9.975511948007630414e-01,-9.995678951759444653e-01,9.830919023510036325e-01,-9.614757117398430308e-01,-8.835078246638055077e-01,-6.706435042925282808e-01,-7.148215832462216923e-01,-7.917911735944574980e-01,-6.793593159508979351e-01,-3.997510494216927057e-01,-9.720282428023798715e-01,-6.766445464828734213e-01,-9.999947108214057856e-01,-9.999931682217712003e-01,-9.982578576315225272e-01,-9.999674466289195651e-01,-1.000000000000000000e+00,-9.999990032397677586e-01,-9.999926512015829827e-01,-9.996113548141483118e-01
-4.223188693384565262e-01,-9.994232684699525526e-01,-9.990233842477614923e-01,-9.936845410793601063e-01,-9.999913473422603616e-01,-1.000000000000000000e+00,-9.999974557021379384e-01,-9.998042364276235050e-01,-9.971555205059987603e-01,9.359496916234233410e-01,-9.955946719063757389e-01,-8.493536218036787933e-01,-8.429770592261320861e-01,-9.963804421611425211e-01,-9.340304294120093109e-01,-6.369928321413198535e-01,-9.713597203658219659e-01,-9.988877122631983907e-01,9.812527442519538567e-01,-9.999669369167571986e-01,-8.573169400400741935e-01,-9.993028959420180435e-01,-9.955386770481919889e-01,-6.890566560482891401e-01,-8.183795367671288234e-01,-5.693053946760007200e-01,-9.984693377743824039e-01,9.823446213417199591e-01,-9.996255226007475514e-01,-9.998763730207194111e-01,-9.998301676860152920e-01,-9.994569081555612078e-01,-3.138616041247314081e-01,-5.441410334952765382e-01,-9.999971032800754056e-01,-9.632006117840389292e-01,9.187577149870052029e-01,-9.941529937784757687e-01,-9.981055211317196862e-01,-9.999988227755859382e-01,-9.985847508889655888e-01,-8.212727125875655121e-01,-6.512331839005820466e-01,-9.996021798700703842e-01,-9.998611769685188388e-01,9.783296712252405047e-01,-9.998153306691167641e-01,-9.999848064868760433e-01,-9.883617944548100942e-01,-9.999247152220557266e-01,-8.408583235407461887e-01,-8.689367504488508809e-01,-9.970867472274437260e-01,-9.994744048627892674e-01,9.747399426314193871e-01,-9.563653147431546708e-01,-8.701314461829671165e-01,-6.469732515441171117e-01,-6.878044399107552387e-01,-7.620392419336348144e-01,-7.092044158245939256e-01,-3.742142478360197533e-01,-9.675250495811721363e-01,-6.461103179017753106e-01,-9.999930842590939450e-01,-9.999912248097111434e-01,-9.979225616201102822e-01,-9.999587913249939897e-01,-1.000000000000000000e+00,-9.999985534144539834e-01,-9.999906844833662545e-01,-9.995330513626311530e-01
-3.788759086696762424e-01,-9.992903333362455065e-01,-9.988064661829791913e-01,-9.925701438182774616e-01,-9.999886228331937854e-01,-1.000000000000000000e+00,-9.999963532966394952e-01,-9.997575027784444401e-01,-9.966203411718700389e-01,9.473216712070899881e-01,-9.948099025989444177e-01,-8.344890299875733497e-01,-8.270573393370124204e-01,-9.957340303801777148e-01,-9.229476860255229065e-01,-6.622489700990368267e-01,-9.673020393477338441e-01,-9.986610895737361160e-01,9.702668333821875546e-01,-9.999578297440070429e-01,-8.410307508608229066e-01,-9.991542902532305481e-01,-9.947671585680125661e-01,-6.574471043517118307e-01,-8.366293398149152738e-01,-5.412813567229857181e-01,-9.981666820042530697e-01,9.735401743291469678e-01,-9.995214603929295505e-01,-9.998464139949334584e-01,-9.997854068432544539e-01,-9.993292106358481197e-01,-2.837700774450800933e-01,-5.756275762146020325e-01,-9.999961599921740607e-01,-9.591568485168114888e-01,9.034830025947608867e-01,-9.931674718849440309e-01,-9.977439993987822220e-01,-9.999984695094870091e-01,-9.982682769242254839e-01,-8.057576700231878775e-01,-6.860832772413607561e-01,-9.995221130604701187e-01,-9.998309396531761539e-01,9.745680403028456062e-01,-9.997735308356930917e-01,-9.999810094289556250e-01,-9.866225992774414477e-01,-9.999035122321368041e-01,-8.197347962282574008e-01,-8.836223419092980036e-01,-9.965435085615782507e-01,-9.993622943225768385e-01,9.625408607740337796e-01,-9.507077985827462330e-01,-8.556269467448377464e-01,-6.226712555592721632e-01,-6.591855706209159838e-01,-7.293832225415786130e-01,-7.375780519672827662e-01,-3.495829087010623448e-01,-9.624035427401446130e-01,-6.136210060373226138e-01,-9.999909841816090328e-01,-9.999887597130850958e-01,-9.975299174046793338e-01,-9.999479843446107408e-01,-1.000000000000000000e+00,-9.999979109890957396e-01,-9.999882197585453492e-01,-9.994401970128669044e-01
-3.336787484950378690e-01,-9.991291823361541091e-01,-9.985458161876393790e-01,-9.912831488378682776e-01,-9.999850906919615090e-01,-1.000000000000000000e+00,-9.999947990087280081e-01,-9.997004282950653353e-01,-9.959943234964330205e-01,9.531198013760715515e-01,-9.939009652130080807e-01,-8.186153188102370803e-01,-8.100711142487073690e-01,-9.949842774447034133e-01,-9.104468394911002793e-01,-6.872974903107055278e-01,-9.627656963497290832e-01,-9.983926950455216387e-01,9.549777821558165236e-01,-9.999463726302013633e-01,-8.234027842495122984e-01,-9.989767213440194915e-01,-9.938768937220502364e-01,-6.244850561088183261e-01,-8.534959892819771188e-01,-5.126447539408036658e-01,-9.978099436062747296e-01,9.613849946564223536e-01,-9.993909471264171840e-01,-9.998097242060774992e-01,-9.997297068595828451e-01,-9.991739724361081709e-01,-2.560454529972794324e-01,-6.057719571683112258e-01,-9.999949259968020643e-01,-9.547581576808358284e-01,8.851311493902502825e-01,-9.920348806541813280e-01,-9.973204385113707549e-01,-9.999980153583830633e-01,-9.978877529606259289e-01,-7.899312015789117236e-01,-7.183957052160856449e-01,-9.994272259095824396e-01,-9.997945815608417774e-01,9.662148483073607075e-01,-9.997229805231753197e-01,-9.999763192449711013e-01,-9.846607526955609702e-01,-9.998767486206728838e-01,-7.968140753386723230e-01,-8.970066546372357230e-01,-9.959098783373262487e-01,-9.992281978456410974e-01,9.466114293177785299e-01,-9.444628280766342865e-01,-8.399509125104911433e-01,-5.978268216365023591e-01,-6.289773321912046633e-01,-6.937632579049188841e-01,-7.643509429695934942e-01,-3.260304617182254727e-01,-9.565964686648431581e-01,-5.791502760281730389e-01,-9.999882808101394627e-01,-9.999856415897107054e-01,-9.970715106171349484e-01,-9.999345300094945044e-01,-1.000000000000000000e+00,-9.999969981395711027e-01,-9.999851383129964022e-01,-9.993303287928665402e-01
-2.867977694366417030e-01,-9.989343838123273533e-01,-9.982336120379827760e-01,-9.898011495374893221e-01,-9.999805272068092998e-01,-1.000000000000000000e+00,-9.999926186864213085e-01,-9.996309182309170982e-01,-9.952639041557301836e-01,9.533329007863946547e-01,-9.928510262061309710e-01,-8.017154843806043596e-01,-7.920119424192391122e-01,-9.941168299439056000e-01,-8.964290421834995026e-01,-7.119101916038806932e-01,-9.577084501029344832e-01,-9.980757297369052816e-01,9.355253290364797802e-01,-9.999320025276047241e-01,-8.043890141250256143e-01,-9.987651221820739167e-01,-9.928521575643486363e-01,-5.903729295149493517e-01,-8.690215734134341119e-01,-4.834934488793392049e-01,-9.973906009862332223e-01,9.459802453427850200e-01,-9.992279497367507757e-01,-9.997649189654760349e-01,-9.996606198527243636e-01,-9.989858386958615499e-01,-2.310427656534376206e-01,-6.345396906766953560e-01,-9.999933170066706012e-01,-9.499836093739109089e-01,8.638307750126452689e-01,-9.907365070430560472e-01,-9.968255246876448483e-01,-9.999974330213514673e-01,-9.974317320729662040e-01,-7.739250096577180438e-01,-7.482217196087186384e-01,-9.993150324416819608e-01,-9.997509634038976856e-01,9.533672786234850260e-01,-9.996620074739576145e-01,-9.999705395478422076e-01,-9.824534555521219348e-01,-9.998430814091960883e-01,-7.721034682044678465e-01,-9.091534947356937346e-01,-9.951728695987114293e-01,-9.990682120556041435e-01,9.270821742140011867e-01,-9.375895769791594558e-01,-8.230649685570251561e-01,-5.725395969242212946e-01,-5.972062039667285216e-01,-6.551567601218724057e-01,-7.894316468710107504e-01,-3.037274403268858114e-01,-9.500320464087079753e-01,-5.426831975716068790e-01,-9.999848111581621790e-01,-9.999817083842882370e-01,-9.965379500839194327e-01,-9.999178283704626136e-01,-1.000000000000000000e+00,-9.999957075808080242e-01,-9.999812950160167357e-01,-9.992006131547017667e-01
-2.383194486111487320e-01,-9.986995832602405532e-01,-9.978608437483833526e-01,-9.880995715908853505e-01,-9.999746514089479232e-01,-1.000000000000000000e+00,-9.999895756151163662e-01,-9.995464976074165397e-01,-9.944138306430735375e-01,9.479923695222811642e-01,-9.916414547054025475e-01,-7.837785495964164628e-01,-7.728819345911198679e-01,-9.931157147624184445e-01,-8.808032761590416371e-01,-7.358846309029423161e-01,-9.520863594063635471e-01,-9.977024642019038936e-01,9.120689700713677794e-01,-9.999140328632282193e-01,-7.839527710589183629e-01,-9.985136572608797056e-01,-9.916755700712660548e-01,-5.553489464940752907e-01,-8.832566270413917398e-01,-4.539349688438104602e-01,-9.968990069186789427e-01,9.274366639183075911e-01,-9.990252414949676307e-01,-9.997103582226000151e-01,-9.995752068494785370e-01,-9.987585447638190894e-01,-2.090897152484604282e-01,-6.619097287013042674e-01,-9.999912259442271800e-01,-9.448122291294172026e-01,8.397174913242775318e-01,-9.892517861138553359e-01,-9.962487906782888647e-01,-9.999966882424358161e-01,-9.968870459735235112e-01,-7.578836065987346604e-01,-7.756330795568406877e-01,-9.991826793248758110e-01,-9.996987546139896041e-01,9.361469776485842331e-01,-9.995886543942846814e-01,-9.999634340365299856e-01,-9.799764166761061324e-01,-9.998008742149503414e-01,-7.456383690994795588e-01,-9.201317437006381050e-01,-9.943179989781982808e-01,-9.988778239548020688e-01,9.040967482764596941e-01,-9.300471007024124770e-01,-8.049367638838715866e-01,-5.469191971793484486e-01,-5.639137749395581878e-01,-6.135837435221199732e-01,-8.127638312317884139e-01,-2.828394549454975593e-01,-9.426340981452162593e-01,-5.042174347958490177e-01,-9.999803711990136179e-01,-9.999767607593037511e-01,-9.959187998119075624e-01,-9.998971556712927811e-01,-1.000000000000000000e+00,-9.999938922252631368e-01,-9.999765129057487378e-01,-9.990477987844067487e-01
-1.883467887043916988e-01,-9.984173722316750377e-01,-9.974171756833443148e-01,-9.861515849411121026e-01,-9.999671117675399401e-01,-1.000000000000000000e+00,-9.999853498255467654e-01,-9.994442517760921962e-01,-9.934270088917159791e-01,9.371719281437562721e-01,-9.902517104338685039e-01,-7.648002489126747294e-01,-7.526925558511168290e-01,-9.919632179080295487e-01,-8.634894483901193185e-01,-7.590455066386354588e-01,-9.458540136270945364e-01,-9.972641438176480522e-01,8.847868151614419752e-01,-9.998916292943790252e-01,-7.620659743055593349e-01,-9.982156289439488850e-01,-9.903279904417544577e-01,-5.196856320960687725e-01,-8.962583281219804743e-01,-4.240860927088163645e-01,-9.963242790522340853e-01,9.058742386443809913e-01,-9.987742110691419928e-01,-9.996441059725598155e-01,-9.994699527759948188e-01,-9.984847895698248932e-01,-1.904795294803569572e-01,-6.878730931939374127e-01,-9.999885172700562208e-01,-9.392231594205064926e-01,8.129334916779400455e-01,-9.875582008488754671e-01,-9.955785156967205118e-01,-9.999957381588242544e-01,-9.962386116847854467e-01,-7.419624548495407090e-01,-8.007183587947133141e-01,-9.990269007531614731e-01,-9.996364053815512962e-01,9.146991258160874771e-01,-9.995006374996846521e-01,-9.999547191355545595e-01,-9.772038781347163194e-01,-9.997481410325783635e-01,-7.174849426341026737e-01,-9.300136373228535813e-01,-9.933291775630554987e-01,-9.986518319482339257e-01,8.778112034862659563e-01,-9.217947579347305354e-01,-7.855409787467952931e-01,-5.210846690158790206e-01,-5.291576090982162972e-01,-5.691117638741891582e-01,-8.343230969021835364e-01,-2.635251518573440421e-01,-9.343222635419532462e-01,-4.637643939136909532e-01,-9.999747063647534961e-01,-9.999705542730608077e-01,-9.952025142081106779e-01,-9.998716417025663716e-01,-1.000000000000000000e+00,-9.999913515262603969e-01,-9.999705767741439155e-01,-9.988681649082591374e-01
-1.369995890753469281e-01,-9.980791437057857651e-01,-9.968908008020852529e-01,-9.839280332159314746e-01,-9.999574701596555260e-01,-1.000000000000000000e+00,-9.999795112196451230e-01,-9.993207596587722064e-01,-9.922843468156347102e-01,9.209868304845101328e-01,-9.886592378184597685e-01,-7.447836925456770008e-01,-7.314653690678805109e-01,-9.906397642263657932e-01,-8.444216804497123308e-01,-7.812453280200024608e-01,-9.389648138734492111e-01,-9.967508902999171472e-01,8.538742784293538168e-01,-9.998637813846620315e-01,-7.387103697200265717e-01,-9.978633766152463780e-01,-9.887884155828767785e-01,-4.836873298910400187e-01,-9.080888580076831307e-01,-3.940722958739759640e-01,-9.956541865709137573e-01,8.814218109558844549e-01,-9.984646516130196714e-01,-9.995638845659683414e-01,-9.993406697736620936e-01,-9.981560969988623189e-01,-1.754644223734963537e-01,-7.124315763713962024e-01,-9.999850200389520660e-01,-9.331958371380086881e-01,7.836270814070256385e-01,-9.856311897614548068e-01,-9.948016239235569769e-01,-9.999945292886082138e-01,-9.954692291630783396e-01,-7.263257016838244873e-01,-8.235795071161662317e-01,-9.988439693936125297e-01,-9.995621153960718708e-01,8.891912840981768262e-01,-9.993953004250810679e-01,-9.999440554418369542e-01,-9.741086623536856504e-01,-9.996824811395068622e-01,-6.877423494975961615e-01,-9.388732562939192672e-01,-9.921886045101222518e-01,-9.983842596331535812e-01,8.483931615037676455e-01,-9.127926804123275284e-01,-7.648603392826702763e-01,-4.951637850549444053e-01,-4.930119630252631779e-01,-5.218602634683815467e-01,-8.541134876636993223e-01,-2.459341931470806486e-01,-9.250123070489318922e-01,-4.213503077025766430e-01,-9.999675000663614810e-01,-9.999627901016886478e-01,-9.943763782951129393e-01,-9.998402436698857754e-01,-1.000000000000000000e+00,-9.999878135592086270e-01,-9.999632255910848588e-01,-9.986574649200572473e-01
-8.441454318433894155e-02,-9.976749335067960356e-01,-9.962682882068372159e-01,-9.813973846827536152e-01,-9.999451826512145702e-01,-1.000000000000000000e+00,-9.999714848989720295e-01,-9.991720191500494952e-01,-9.909645954288484049e-01,8.995925533821915732e-01,-9.868393690090763171e-01,-7.237399977732259515e-01,-7.092327008767478347e-01,-9.891237999491704347e-01,-8.235517203703136557e-01,-8.023644156670983740e-01,-9.313713071169467117e-01,-9.961516003615455972e-01,8.195426108505188267e-01,-9.998292696665815882e-01,-7.138787518249180009e-01,-9.974481688573320071e-01,-9.870338849709398010e-01,-4.476867214753709190e-01,-9.188139258931260489e-01,-3.640270524758022486e-01,-9.948750341531281682e-01,8.542166015547725255e-01,-9.980845302222451920e-01,-9.994670235503002598e-01,-9.991823878889942723e-01,-9.977626652402987739e-01,-1.642498535725622766e-01,-7.355965095285885713e-01,-9.999805194355961824e-01,-9.267101865266574867e-01,7.519521483812958706e-01,-9.834440649129819745e-01,-9.939035829682981715e-01,-9.999929950875496854e-01,-9.945593720485881306e-01,-7.111435453607291013e-01,-8.443286857002778589e-01,-9.986296433288672780e-01,-9.994737990397634109e-01,8.598120225376857384e-01,-9.992695632422020635e-01,-9.999310378197284743e-01,-9.706622434868806826e-01,-9.996010041551791625e-01,-6.565443931904775265e-01,-9.467852210493985510e-01,-9.908766656643126503e-01,-9.980682622298014950e-01,8.160208841843943350e-01,-9.030022890854093598e-01,-7.428866226315891108e-01,-4.692921726625789436e-01,-4.555683304584798865e-01,-4.720041173823712466e-01,-8.721638115663734592e-01,-2.302052943643534411e-01,-9.146165265327425020e-01,-3.770172351273453071e-01,-9.999583598787337158e-01,-9.999531040770165413e-01,-9.934264548954307994e-01,-9.998017161805603514e-01,-1.000000000000000000e+00,-9.999829116633235371e-01,-9.999541435867654871e-01,-9.984108651933960576e-01
-3.074514852378829044e-02,-9.971932475424589715e-01,-9.955344255613762794e-01,-9.785257091072526725e-01,-9.999295765688706039e-01,-1.000000000000000000e+00,-9.999605067347093756e-01,-9.989933642073833830e-01,-9.894441895398051745e-01,8.731829767577854451e-01,-9.847652388273618884e-01,-7.016888744754197216e-01,-6.860382112373124563e-01,-9.873916802988115249e-01,-8.008523891909563597e-01,-8.223102946589643247e-01,-9.230255748461706489e-01,-9.954538427082645358e-01,7.820172867415193796e-01,-9.997866275199798203e-01,-6.875761463330162249e-01,-9.969600890585817998e-01,-9.850393943224624582e-01,-4.120403719829720535e-01,-9.285014554591926039e-01,-3.340909965925471514e-01,-9.939715446336493399e-01,8.244036595241619469e-01,-9.976197387913318115e-01,-9.993504026995140288e-01,-9.989892322501231492e-01,-9.972932043479160180e-01,-1.569897733447043198e-01,-7.573876004668376183e-01,-9.999747465029057425e-01,-9.197468267944660658e-01,7.180675742877504764e-01,-9.809679431767315272e-01,-9.928683039193358928e-01,-9.999910529923973224e-01,-9.934869743348370141e-01,-6.965892849774393270e-01,-8.630853889957044167e-01,-9.983791089769959992e-01,-9.993690467943571187e-01,8.267693416380803573e-01,-9.991198663638269917e-01,-9.999151839705824329e-01,-9.668348453218316152e-01,-9.995002442749719718e-01,-6.240604729343397494e-01,-9.538235810249634516e-01,-9.893718397325036440e-01,-9.976960256375964065e-01,7.808822483515140966e-01,-8.923868538236956471e-01,-7.196216342231486207e-01,-4.436122804443120016e-01,-4.169357898960994735e-01,-4.197761801500109469e-01,-8.885238902062077004e-01,-2.164643569729562955e-01,-9.030442708480093117e-01,-3.308239540792534683e-01,-9.999468009829147741e-01,-9.999410537859132475e-01,-9.923375409590976526e-01,-9.997545769371007918e-01,-1.000000000000000000e+00,-9.999761541931883047e-01,-9.999429497893370655e-01,-9.981228789921567923e-01
2.383858248730597040e-02,-9.966208748797991124e-01,-9.946720583827262097e-01,-9.752766850647305308e-01,-9.999098232854579660e-01,-1.000000000000000000e+00,-9.999455668225586402e-01,-9.987793732154280901e-01,-9.876970903715878158e-01,8.419880776863821747e-01,-9.824077149361599703e-01,-6.786591517757462055e-01,-6.619373478953247680e-01,-9.854175646491959428e-01,-7.763209608842081000e-01,-8.410165533335993704e-01,-9.138796770215850129e-01,-9.946437548243330928e-01,7.415362589724487918e-01,-9.997340972635296863e-01,-6.598209278624332930e-01,-9.963879150575161159e-01,-9.827778207440951430e-01,-3.771233592563667525e-01,-9.372204296837457482e-01,-3.044109469188707173e-01,-9.929267420550672574e-01,7.921352357679858347e-01,-9.970538281385105117e-01,-9.992103889306870323e-01,-9.987542859466684853e-01,-9.967347625600863070e-01,-1.537830100170775038e-01,-7.778318392266549974e-01,-9.999673657334646748e-01,-9.122872933285999242e-01,6.821365890536401633e-01,-9.781716938009822337e-01,-9.916780448703199635e-01,-9.999886008548468652e-01,-9.922272164209171574e-01,-6.828361206435777930e-01,-8.799738595772138572e-01,-9.980869200327916468e-01,-9.992450826337607728e-01,7.902889016278600298e-01,-9.989421091638732708e-01,-9.998959212887115200e-01,-9.625955678552994277e-01,-9.993760627160563903e-01,-5.904957399186782085e-01,-9.600608866637672101e-01,-9.876506148553355624e-01,-9.972586582319125093e-01,7.431736314674486366e-01,-8.809120926459489409e-01,-6.950781376334067563e-01,-4.182721902718531393e-01,-3.772411333722953675e-01,-3.654686446382002796e-01,-9.032608400525192760e-01,-2.048227320856825795e-01,-8.902025728006441874e-01,-2.828467252855401126e-01,-9.999322264026939688e-01,-9.999261034493993616e-01,-9.910931353925711562e-01,-9.996970677162307917e-01,-1.000000000000000000e+00,-9.999668856094805491e-01,-9.999291857912643300e-01,-9.977872954523102633e-01
7.915061953199198364e-02,-9.959426869680008121e-01,-9.936619286820824737e-01,-9.716116423639914457e-01,-9.998849060845569348e-01,-1.000000000000000000e+00,-9.999253380204869979e-01,-9.985237682953663763e-01,-9.856946328261513290e-01,8.062711720078175048e-01,-9.797353467677031302e-01,-6.546892326143947116e-01,-6.369976678662636616e-01,-9.831733220164982079e-01,-7.499823627679789162e-01,-8.584412499903397720e-01,-9.038861511694730178e-01,-9.937059412729041252e-01,6.983481007785898864e-01,-9.996695798315714532e-01,-6.306458464756112825e-01,-9.957189936658900065e-01,-9.802198622501182568e-01,-3.433230806128858559e-01,-9.450398880608791297e-01,-2.751388021816942864e-01,-9.917218370904610225e-01,7.575700839596164471e-01,-9.963677282438400118e-01,-9.990427668648373949e-01,-9.984694379804227582e-01,-9.960725422968946807e-01,-1.546709216587860425e-01,-7.969624715372300994e-01,-9.999579601482349034e-01,-9.043142711618935570e-01,6.443260724800377037e-01,-9.750219055082938180e-01,-9.903133200720182217e-01,-9.999855126551273621e-01,-9.907523147232615290e-01,-6.700537832906963143e-01,-8.951207967794161391e-01,-9.977469325471935990e-01,-9.990987171951796197e-01,7.506120785789083261e-01,-9.987315832057875875e-01,-9.998725718013774522e-01,-9.579125444583860283e-01,-9.992235374608111620e-01,-5.560903714971254796e-01,-9.655674311479880423e-01,-9.856874186968725970e-01,-9.967460756706887359e-01,7.030987170905895756e-01,-8.685468052553559914e-01,-6.692807164979991397e-01,-3.934242862529296891e-01,-3.366287572526257543e-01,-3.094330466123902390e-01,-9.164554759475785906e-01,-1.953756504646801950e-01,-8.759969025122666952e-01,-2.331799059759552817e-01,-9.999139035134685383e-01,-9.999076062720173574e-01,-9.896754209056638496e-01,-9.996271102103649886e-01,-1.000000000000000000e+00,-9.999542367687672684e-01,-9.999123014929821585e-01,-9.973971036794887501e-01
1.349896252542506225e-01,-9.951414236656677126e-01,-9.924825159345683767e-01,-9.674896442656977236e-01,-9.998535824148737650e-01,-1.000000000000000000e+00,-9.998980862753419352e-01,-9.982193053400285621e-01,-9.834053804855458214e-01,7.663257463076489362e-01,-9.767143369605256753e-01,-6.298274633349122409e-01,-6.112990093410668457e-01,-9.806284499154385159e-01,-7.218920750035606737e-01,-8.745649549490523977e-01,-8.929985654137685414e-01,-9.926233755192624963e-01,6.527100546956070559e-01,-9.995905773932229899e-01,-6.000989361073122419e-01,-9.949391111722294401e-01,-9.773339947332205790e-01,-3.110323663343615985e-01,-9.520280690498597043e-01,-2.464303173495048238e-01,-9.903361171235190996e-01,7.208726939536824752e-01,-9.955394585658399187e-01,-9.988426628661039031e-01,-9.981252158580307121e-01,-9.952897071730473222e-01,-1.596363934866187329e-01,-8.148180391956805213e-01,-9.999460134373595599e-01,-8.958118390416445198e-01,6.048058086580747617e-01,-9.714828765171106273e-01,-9.887528171186134029e-01,-9.999816333673205992e-01,-9.890313197677049750e-01,-6.584050837453028215e-01,-9.086533549806107279e-01,-9.973522363453659612e-01,-9.989262965490102175e-01,7.079938699730834450e-01,-9.984829000505448526e-01,-9.998443349769786659e-01,-9.527531312709172084e-01,-9.990368394703039723e-01,-5.211179006550721304e-01,-9.704106478871902253e-01,-9.834545654270216986e-01,-9.961468791584975335e-01,6.608672310460004251e-01,-8.552635344421926078e-01,-6.422665474402819985e-01,-3.692237956213216821e-01,-2.952602992763949663e-01,-2.520787792374368230e-01,-9.281989117581883608e-01,-1.882008512958585067e-01,-8.603320444379061183e-01,-1.819363928946960973e-01,-9.998909362387198296e-01,-9.998847839241672419e-01,-9.880652625181958193e-01,-9.995422563165625718e-01,-1.000000000000000000e+00,-9.999370618524020538e-01,-9.998916385465193013e-01,-9.969444120903020456e-01
1.911398825991226236e-01,-9.941974671331357261e-01,-9.911098838829426327e-01,-9.628676140970248154e-01,-9.998143397949410538e-01,-1.000000000000000000e+00,-9.998615589129741243e-01,-9.978576546941425596e-01,-9.807949918179736937e-01,7.224719314705394524e-01,-9.733085392216105358e-01,-6.041324059057344709e-01,-5.849334991986843146e-01,-9.777500098608939982e-01,-6.921386031650840209e-01,-8.893885173199596039e-01,-8.811721231085859474e-01,-9.913773075736194151e-01,6.048860113493990109e-01,-9.994941282677479721e-01,-5.682442779833796198e-01,-9.940323612125920860e-01,-9.740864496413372819e-01,-2.806420614420870319e-01,-9.582516894370836091e-01,-2.184437733845355778e-01,-9.887468435804311895e-01,6.822124642346854007e-01,-9.945438336539731417e-01,-9.986044624910487277e-01,-9.977106026600373045e-01,-9.943671818415237285e-01,-1.686042183893572410e-01,-8.314414864398363969e-01,-9.999308886859525902e-01,-8.867657221612151863e-01,5.637477000615493949e-01,-9.675166309777909479e-01,-9.869733248295275985e-01,-9.999767728298171177e-01,-9.870299284407886287e-01,-6.480424780393422290e-01,-9.206974231509381656e-01,-9.968950830792222551e-01,-9.987236464243275380e-01,6.627006754670616839e-01,-9.981899137110286091e-01,-9.998102681732794483e-01,-9.470841301179241389e-01,-9.988090946727912200e-01,-4.858825655204714877e-01,-9.746546492353844737e-01,-9.809222231942710257e-01,-9.954482278189101807e-01,6.166936210124784878e-01,-8.410392477048329596e-01,-6.140860628892254036e-01,-3.458272199183609619e-01,-2.533140100587837340e-01,-1.938700211488562086e-01,-9.385894175273439277e-01,-1.833574388680673239e-01,-8.431130992241846478e-01,-1.292478757255386412e-01,-9.998622322844143984e-01,-9.998567027931491991e-01,-9.862422254506526542e-01,-9.994396324779635243e-01,-1.000000000000000000e+00,-9.999138589057301463e-01,-9.998664111950987810e-01,-9.964203632215985484e-01
2.473724378125434775e-01,-9.930886051109986123e-01,-9.895175372170491590e-01,-9.577005106688269986e-01,-9.997653445860724686e-01,-1.000000000000000000e+00,-9.998128465076935312e-01,-9.974292725687168293e-01,-9.778261014232760839e-01,6.750526762130379943e-01,-9.694794866406877265e-01,-5.776730012370115963e-01,-5.580053835839359211e-01,-9.745025830123540400e-01,-6.608453978430074427e-01,-9.029306445695348682e-01,-8.683643155174562978e-01,-9.899471800377273034e-01,5.551444425318292630e-01,-9.993767335027669008e-01,-5.351625928222780715e-01,-9.929810117031664385e-01,-9.704412157424597840e-01,-2.525332653445908626e-01,-9.637753514182544334e-01,-1.913385558303671852e-01,-9.869291594127717060e-01,6.417628214066335435e-01,-9.933521706411106988e-01,-9.983217213999309170e-01,-9.972128387491673296e-01,-9.932834470107871905e-01,-1.814428519983215526e-01,-8.468793312565674469e-01,-9.999118031542234553e-01,-8.771635513303029930e-01,5.213249493218439223e-01,-9.630829653693460113e-01,-9.849496747251669237e-01,-9.999706984537491961e-01,-9.847103168318394051e-01,-6.391047498228490387e-01,-9.313761736844732297e-01,-9.963668113170272012e-01,-9.984860117930859369e-01,6.150079812083562025e-01,-9.978456379327518277e-01,-9.997692644869141665e-01,-9.408720458264508979e-01,-9.985322312172126846e-01,-4.507156750706288184e-01,-9.783598916832287884e-01,-9.780584058661537794e-01,-9.946357060540478301e-01,5.707956936948830329e-01,-8.258560302699234912e-01,-5.848034830590440603e-01,-3.233906779585533631e-01,-2.109838517940303415e-01,-1.353210287827004699e-01,-9.477295769647113843e-01,-1.808849920798172306e-01,-8.242466092362877861e-01,-7.526488395052144398e-02,-9.998264646953085588e-01,-9.998222466133976916e-01,-9.841846151543469645e-01,-9.993158777169016682e-01,-1.000000000000000000e+00,-9.998826704458078085e-01,-9.998356841777559234e-01,-9.958150443412052688e-01
3.034464546580601940e-01,-9.917897856229677123e-01,-9.876762927054227870e-01,-9.519415565786776279e-01,-9.997043828200632420e-01,-1.000000000000000000e+00,-9.997482133787242153e-01,-9.969232634814932936e-01,-9.744582205016441012e-01,6.244296848245745046e-01,-9.651864545270465445e-01,-5.505286131904330027e-01,-5.306306717455744337e-01,-9.708482496415046237e-01,-6.281721003722762209e-01,-9.152253788797628520e-01,-8.545356177070673187e-01,-9.883105554188134079e-01,5.037563141400902555e-01,-9.992342745134766835e-01,-5.009516369900206545e-01,-9.917653728566041549e-01,-9.663600684422919418e-01,-2.270694410343288006e-01,-9.686610675735997100e-01,-1.652736598483850461e-01,-9.848560099244531019e-01,5.997002959398798350e-01,-9.919320066551328141e-01,-9.979870699260108280e-01,-9.966172086795209717e-01,-9.920143325535809575e-01,-1.979674878716728426e-01,-8.611809004561543635e-01,-9.998877985273491031e-01,-8.669951260866420872e-01,4.777112175743898348e-01,-9.581395283972451438e-01,-9.826546992094679078e-01,-9.999631265798111235e-01,-9.820310008208532615e-01,-6.317139108427818339e-01,-9.408088655890779473e-01,-9.957577691909675899e-01,-9.982079917731578877e-01,5.651979780317761826e-01,-9.974421586126053230e-01,-9.997200277571132165e-01,-9.340833783395227075e-01,-9.981968117262465245e-01,-4.159710214165669440e-01,-9.815829528389101721e-01,-9.748289929408466836e-01,-9.936931870225035324e-01,5.233932248724035841e-01,-8.097017795942131890e-01,-5.544971972691923323e-01,-3.020681848238957468e-01,-1.684783218858358911e-01,-7.698979693020102655e-02,-9.557237742629500765e-01,-1.808029467644817201e-01,-8.036418039527959412e-01,-2.015661257212386648e-02,-9.997820269510283575e-01,-9.997800850639393389e-01,-9.818695422075578438e-01,-9.991670750496295383e-01,-1.000000000000000000e+00,-9.998409600478600501e-01,-9.997983473412668243e-01,-9.951173943162746616e-01
3.591107717106793995e-01,-9.902728657123963663e-01,-9.855541698724705757e-01,-9.455425230230968259e-01,-9.996287922518910518e-01,-1.000000000000000000e+00,-9.996628912090944619e-01,-9.963272342533303627e-01,-9.706476610505332392e-01,5.709791876159204804e-01,-9.603865618049791664e-01,-5.227889443076398912e-01,-5.029365864859580704e-01,-9.667465962419590220e-01,-5.943150044125020681e-01,-9.263195478244624637e-01,-8.396502215066796726e-01,-9.864430578368049707e-01,4.509930051233326243e-01,-9.990619212352480627e-01,-4.657263798628810125e-01,-9.903636686462350402e-01,-9.618026301481299445e-01,-2.045886203419490235e-01,-9.729678934968465365e-01,-1.404061413513343348e-01,-9.824980804098041309e-01,5.562035643626457304e-01,-9.902468356956311002e-01,-9.975921116685727563e-01,-9.959068143413265517e-01,-9.905328122411209968e-01,-2.179443546058620340e-01,-8.743976272296900554e-01,-9.998577059977651338e-01,-8.562526789956863560e-01,4.330797689084131541e-01,-9.526419378585033737e-01,-9.800592097551512616e-01,-9.999537122696494640e-01,-9.789467322347995548e-01,-6.259724165968614251e-01,-9.491098847885692802e-01,-9.950572352528567199e-01,-9.978834698789420532e-01,5.135571451635179141e-01,-9.969705418180980772e-01,-9.996610444713336374e-01,-9.266849494785158736e-01,-9.977918505941673066e-01,-3.820194048026331890e-01,-9.843764058295348951e-01,-9.711977815941997827e-01,-9.926026936420527802e-01,4.747065583692087198e-01,-7.925708904369058727e-01,-5.232599762147034372e-01,-2.820098934251742406e-01,-1.260190045685656290e-01,-1.947014910039324143e-02,-9.626760254785403648e-01,-1.831102653015264092e-01,-7.812119585619519135e-01,3.588948503257349820e-02,-9.997269807558573085e-01,-9.997286379027565673e-01,-9.792730147063944957e-01,-9.989886760422793666e-01,-1.000000000000000000e+00,-9.997854602523347234e-01,-9.997530865757980889e-01,-9.943151073311482513e-01
4.141056508926190816e-01,-9.885063574430038580e-01,-9.831163067961672386e-01,-9.384540741374154393e-01,-9.995353848112543682e-01,-1.000000000000000000e+00,-9.995508297796960040e-01,-9.956271403643568441e-01,-9.663474885764861133e-01,5.150876151787409096e-01,-9.550349148816993372e-01,-4.945538159855275007e-01,-4.750608180925434132e-01,-9.621547541854558183e-01,-5.595066393690835138e-01,-9.362702585204327743e-01,-8.236767980555482760e-01,-9.843183324871620510e-01,3.971242585574947803e-01,-9.988540303226332018e-01,-4.296189424379842636e-01,-9.887519144339061983e-01,-9.567264651381522933e-01,-1.853959383101002611e-01,-9.767516576297129438e-01,-1.168895355732247898e-01,-9.798237543141593564e-01,5.114524688011830023e-01,-9.882558760333728376e-01,-9.971273166712268932e-01,-9.950623359251848932e-01,-9.888088042835359026e-01,-2.410960969393178832e-01,-8.865824097832077921e-01,-9.998201054930220266e-01,-8.449311381507220720e-01,3.876026108488701549e-01,-9.465439377902615803e-01,-9.771319985299755650e-01,-9.999420372920989619e-01,-9.754084389767299079e-01,-6.219607864886649295e-01,-9.563880025701262388e-01,-9.942533383276896952e-01,-9.975055397292172943e-01,4.603738316506416073e-01,-9.964207380394838331e-01,-9.995905523190222741e-01,-9.186442635996731054e-01,-9.973046167572771070e-01,-3.492423732389765556e-01,-9.867887772844436967e-01,-9.671265748110049465e-01,-9.913442588195987559e-01,4.249552103735245723e-01,-7.744649187353346287e-01,-4.911989987543183833e-01,-2.633603269263403712e-01,-8.383885915302358161e-02,3.661762103393040313e-02,-9.686881574175305598e-01,-1.877854020199675178e-01,-7.568758560357033982e-01,9.266834562966885791e-02,-9.996589956167756252e-01,-9.996660341949521467e-01,-9.763700606049201536e-01,-9.987754183587084222e-01,-1.000000000000000000e+00,-9.997119865669108485e-01,-9.996983506664788299e-01,-9.933945341952280517e-01
4.681647018004402305e-01,-9.864551750590822010e-01,-9.803249070272554988e-01,-9.306261731273566262e-01,-9.994203586553259688e-01,-1.000000000000000000e+00,-9.994043984008444959e-01,-9.948071257840623849e-01,-9.615075083386388499e-01,4.571472484408114489e-01,-9.490847976817181619e-01,-4.659328077808272406e-01,-4.471505824309521815e-01,-9.570274738512405399e-01,-5.240144033725084860e-01,-9.451424946762049251e-01,-8.065892811487207492e-01,-9.819080264216686338e-01,3.424161903691651521e-01,-9.986040330388171737e-01,-3.927782806952978545e-01,-9.869038038312122341e-01,-9.510872122905384973e-01,-1.697567273663884713e-01,-9.800647778285332956e-01,-9.487226571264972819e-02,-9.767990958324603845e-01,4.656270252278891242e-01,-9.859138806493309426e-01,-9.965819099694149807e-01,-9.940617829155056207e-01,-9.868089825235628609e-01,-2.671080688682549997e-01,-8.977890295053474468e-01,-9.997732783184849481e-01,-8.330283846791015634e-01,3.414496409540248578e-01,-9.397975989852598300e-01,-9.738398669944555719e-01,-9.999275960371527550e-01,-9.713632179955354884e-01,-6.197357063227617591e-01,-9.627458320500731359e-01,-9.933329773034931254e-01,-9.970664264158760615e-01,4.059358676110953468e-01,-9.957814834958892414e-01,-9.995065051429483649e-01,-9.099299007312792176e-01,-9.967204228236301589e-01,-3.180253128725253342e-01,-9.888645757644737300e-01,-9.625753094465308024e-01,-9.898957869245885721e-01,3.743564955362965740e-01,-7.553932118303963161e-01,-4.584356792540915659e-01,-2.462566314863410266e-01,-4.218025920176016186e-02,9.063737661006521229e-02,-9.738583263629959630e-01,-1.947865666702136567e-01,-7.305593397638738828e-01,1.499581909561877868e-01,-9.995752792523296959e-01,-9.995900661860905867e-01,-9.731348822016989697e-01,-9.985212362655121465e-01,-1.000000000000000000e+00,-9.996152118001265796e-01,-9.996323136314607671e-01,-9.923405821420134831e-01
5.210169629165137817e-01,-9.840803878997920195e-01,-9.771392239797852541e-01,-9.220085515512381757e-01,-9.992791990841750627e-01,-1.000000000000000000e+00,-9.992140313581778788e-01,-9.938493577354760022e-01,-9.560742903062154907e-01,3.975519156594764514e-01,-9.424879112157159566e-01,-4.370447527008189947e-01,-4.193614878955843617e-01,-9.513172381054447735e-01,-4.881382002762585381e-01,-9.530068653832034498e-01,-7.883676613279051448e-01,-9.791817943623679632e-01,2.871293800801422158e-01,-9.983043126247420629e-01,-3.553696013097967787e-01,-9.847906082121754556e-01,-9.448387588441099494e-01,-1.578903904192112684e-01,-9.829561543287009817e-01,-7.449606515122886297e-02,-9.733878610140827004e-01,4.189064319720599006e-01,-9.831710045690308375e-01,-9.959437565394211322e-01,-9.928802380227028657e-01,-9.844966038007750830e-01,-2.956353398566280433e-01,-9.080716269743247526e-01,-9.997151524488906427e-01,-8.205455018858616167e-01,2.947878095329850012e-01,-9.323535656360306678e-01,-9.701476850337421576e-01,-9.999097790619886350e-01,-9.667543902750416196e-01,-6.193286761979686084e-01,-9.682794618911616524e-01,-9.922817419523415339e-01,-9.965574038445582650e-01,3.505282365800690414e-01,-9.950401995231202834e-01,-9.994065340463468283e-01,-9.005119400730730028e-01,-9.960224019870891343e-01,-2.887500561513951514e-01,-9.906443783402995029e-01,-9.575022278640513695e-01,-9.882329188496566941e-01,3.231241909236641785e-01,-7.353734921018970638e-01,-4.251052844785165874e-01,-2.308268792841384753e-01,-1.292802570409312679e-03,1.419487964283565606e-01,-9.782798602161399959e-01,-2.040522819202859051e-01,-7.021969405648292861e-01,2.075216699525201935e-01,-9.994724978337388155e-01,-9.994981373756935961e-01,-9.695410446240712021e-01,-9.982191641997982812e-01,-1.000000000000000000e+00,-9.994883944931441944e-01,-9.995528320990748616e-01,-9.911366141920928685e-01
5.723891175761806061e-01,-9.813389843844690930e-01,-9.735155893913257641e-01,-9.125512420583368201e-01,-9.991065676758477121e-01,-1.000000000000000000e+00,-9.989678106317900763e-01,-9.927338582334105377e-01,-9.499912381001182071e-01,3.366928049879116536e-01,-9.351946656129327407e-01,-4.080170876940684144e-01,-3.918562200425450559e-01,-9.449744188760660357e-01,-4.522070661431996097e-01,-9.599375435766146492e-01,-7.689987794818803346e-01,-9.761073333581783418e-01,2.315170662903893728e-01,-9.979460711201775247e-01,-3.175735019725256514e-01,-9.823810926285776457e-01,-9.379334580949423295e-01,-1.499652514805100978e-01,-9.854711290558534342e-01,-5.589443715157504933e-02,-9.695515415318098906e-01,3.714680899914077905e-01,-9.799727440899373976e-01,-9.951992439542831637e-01,-9.914895977323456844e-01,-9.818313576600388171e-01,-3.263101964304834235e-01,-9.174842339468055608e-01,-9.996432396795305042e-01,-8.074870125286957023e-01,2.477803081894660586e-01,-9.241613504545689306e-01,-9.660184841489948271e-01,-9.998878539440236857e-01,-9.615216271440398810e-01,-6.207452493658689452e-01,-9.730782463364068269e-01,-9.910838360396142521e-01,-9.959687084792737677e-01,2.944308387495235824e-01,-9.941828912936611085e-01,-9.992879044295125412e-01,-8.903624109987068325e-01,-9.951912747692408523e-01,-2.617872009601712735e-01,-9.921649639641335616e-01,-9.518640964871644128e-01,-9.863289033384220472e-01,2.714672532009052563e-01,-7.144323808155084166e-01,-3.913563324159693435e-01,-2.171884516279930510e-01,3.856908230159916684e-02,1.899197790064681701e-01,-9.820404007471114083e-01,-2.155022246034276057e-01,-6.717335586248627255e-01,2.651072454429683756e-01,-9.993466850331821361e-01,-9.993872043606585320e-01,-9.655616997236451393e-01,-9.978612336730720012e-01,-1.000000000000000000e+00,-9.993230548608625918e-01,-9.994573972636270343e-01,-9.897643493339550735e-01
6.220078196472849097e-01,-9.781836531167588111e-01,-9.694074925754091465e-01,-9.022051736942989786e-01,-9.988961791361993248e-01,-1.000000000000000000e+00,-9.986509793693253423e-01,-9.914383346473106817e-01,-9.431987071854526228e-01,2.749544571840440987e-01,-9.271545269888636920e-01,-3.789850610507721207e-01,-3.648030568691773556e-01,-9.379474803482533707e-01,-4.165748049352122617e-01,-9.660104212957706382e-01,-7.484771076542944268e-01,-9.726504501180656126e-01,1.758234675155749827e-01,-9.975191858332093098e-01,-2.795848337163683306e-01,-9.796414521865152158e-01,-9.303223935761095742e-01,-1.460945535957406394e-01,-9.876515016397829916e-01,-3.919117586265830067e-02,-9.652494452878322972e-01,3.234866461081320477e-01,-9.762599637602877856e-01,-9.943331643475218362e-01,-9.898583139781182982e-01,-9.787692451996244936e-01,-3.587499114251113674e-01,-9.260803592999780065e-01,-9.995545638405323174e-01,-7.938611006225011479e-01,2.005857934006134435e-01,-9.151696801024438166e-01,-9.614135881172780618e-01,-9.998609430863761860e-01,-9.556011571086601153e-01,-6.239648881465587049e-01,-9.772247308759648421e-01,-9.897220041441835425e-01,-9.952894500577932346e-01,2.379163728148152579e-01,-9.931940473561822191e-01,-9.991474687525143672e-01,-8.794557679372050352e-01,-9.942051083295461167e-01,-2.374883537606471418e-01,-9.934594832900972561e-01,-9.456164741844621524e-01,-9.841544775990030969e-01,2.195886034200054127e-01,-6.926058489765393178e-01,-3.573497692019266259e-01,-2.054465310995324812e-01,7.714870335071810636e-02,2.339392635286092759e-01,-9.852213176314840171e-01,-2.290383344837390034e-01,-6.391261777377104103e-01,3.224508181252112582e-01,-9.991931388468703323e-01,-9.992537120465526668e-01,-9.611698462653044395e-01,-9.974383639810809887e-01,-1.000000000000000000e+00,-9.991085914704394000e-01,-9.993430809525930547e-01,-9.882037649649993982e-01
6.696021013368333996e-01,-9.745625878776094098e-01,-9.647657171646250029e-01,-8.909228275601178693e-01,-9.986406655453633485e-01,-1.000000000000000000e+00,-9.982453801760401424e-01,-9.899380119759458863e-01,-9.356341774744236783e-01,2.127109975665117947e-01,-9.183164208416867424e-01,-3.500908010076189125e-01,-3.383742317483088291e-01,-9.301832319865502852e-01,-3.816146893209384494e-01,-9.713014985950568780e-01,-7.268055038401006751e-01,-9.687751647975970659e-01,1.202822465144133268e-01,-9.970120559227314549e-01,-2.416112881503816867e-01,-9.765352732126457713e-01,-9.219556918162087333e-01,-1.463337378194600191e-01,-9.895355929973914666e-01,-2.449897189993288649e-02,-9.604388179582629137e-01,2.751330699006575564e-01,-9.719690274578008937e-01,-9.933285976002027562e-01,-9.879511423216155164e-01,-9.752624944178743815e-01,-3.925645520863780824e-01,-9.339126267238582191e-01,-9.994455792907783742e-01,-7.796798141215728339e-01,1.533576536662604184e-01,-9.053268921563699667e-01,-9.562927843251334270e-01,-9.998279980919319021e-01,-9.489260620513498834e-01,-6.289414423658394870e-01,-9.807946934785712889e-01,-9.881774637784196402e-01,-9.945075199925247356e-01,1.812483615267050929e-01,-9.920565417295696964e-01,-9.989816148524340855e-01,-8.677693847338443511e-01,-9.930390718543118389e-01,-2.161785221625558417e-01,-9.945576556499267085e-01,-9.387140328628877928e-01,-9.816777605556022968e-01,1.676839925062771908e-01,-6.699395822508837917e-01,-3.232579243900357557e-01,-1.956927301567459310e-01,1.141898099531295507e-01,2.734301085874184523e-01,-9.878973626801532681e-01,-2.445461687817722662e-01,-6.043455862058801920e-01,3.792775764974971597e-01,-9.990063051772317682e-01,-9.990935218686416430e-01,-9.563386266685872661e-01,-9.969402474154671623e-01,-1.000000000000000000e+00,-9.988318319416118474e-01,-9.992064753390207388e-01,-9.864330032285874017e-01
7.149058334284930094e-01,-9.704193239705865004e-01,-9.595385418468397321e-01,-8.786589491735740109e-01,-9.983314279240836919e-01,-1.000000000000000000e+00,-9.977288133144920357e-01,-9.882054699778732854e-01,-9.272324852750382096e-01,1.503226596508591140e-01,-9.086291928710862331e-01,-3.214822524740185150e-01,-3.127441648653752626e-01,-9.216271341693575980e-01,-3.477133191931228717e-01,-9.758855135223389876e-01,-7.039959268190640884e-01,-9.644438548663545330e-01,6.511513345636865679e-02,-9.964114398725413269e-01,-2.038717182632036051e-01,-9.730235237583758634e-01,-9.127828852240041924e-01,-1.506790951765877296e-01,-9.911583479441772315e-01,-1.191812473056330646e-02,-9.550750094088573672e-01,2.265737742349966943e-01,-9.670320499446978246e-01,-9.921667979959633010e-01,-9.857289029290495774e-01,-9.712595198965986443e-01,-4.273646058639117840e-01,-9.410324617895946542e-01,-9.993120789462390796e-01,-7.649592448265383204e-01,1.062433279408774300e-01,-8.945813841267429289e-01,-9.506145386818332099e-01,-9.997877702942778999e-01,-9.414266709956303769e-01,-6.356042348911399298e-01,-9.838572822397484430e-01,-9.864298445603404408e-01,-9.936094983320382656e-01,1.246793429824775146e-01,-9.907515405411325693e-01,-9.987862096850601556e-01,-8.552840633197319464e-01,-9.916651923700415816e-01,-1.981488863837408410e-01,-9.954859849557161633e-01,-9.311109319814897534e-01,-9.788641624110387962e-01,1.159409590345388263e-01,-6.464892475646755177e-01,-2.892632491335701550e-01,-1.880038814473851128e-01,1.494393969036968972e-01,3.078616515571828138e-01,-9.901365309947366411e-01,-2.618964757640139807e-01,-5.673780760187948635e-01,4.353040571564170680e-01,-9.987796472047172358e-01,-9.989018327265515307e-01,-9.510416598484391359e-01,-9.963552299285508562e-01,-1.000000000000000000e+00,-9.984765113255362756e-01,-9.990436258434922667e-01,-9.844282830783739335e-01
7.576602066236415300e-01,-9.656926140247593660e-01,-9.536720112073672206e-01,-8.653713123526342033e-01,-9.979584753443628831e-01,-1.000000000000000000e+00,-9.970743114735174384e-01,-9.862104887703674327e-01,-9.179261191690100130e-01,8.813264524761632579e-02,-8.980421271946495976e-01,-2.933119913994056693e-01,-2.880875875365548344e-01,-9.122236586915030143e-01,-3.152637660289305810e-01,-9.798348122396831616e-01,-6.800700965580114277e-01,-9.596174424319998675e-01,1.053072027245804954e-02,-9.957022849965477818e-01,-1.665942073256876377e-01,-9.690645781465510034e-01,-9.027533260007368776e-01,-1.590678377590768466e-01,-9.925514689497088039e-01,-1.535382600127199737e-03,-9.491116886382328088e-01,1.779697885450268746e-01,-9.613772847520173359e-01,-9.908270869264532710e-01,-9.831482615519083756e-01,-9.667049350264877994e-01,-4.627682184136451271e-01,-9.474898258573155596e-01,-9.991490911661503604e-01,-7.497196819143215896e-01,5.938368211580313805e-02,-8.828821142444484016e-01,-9.443362566175544925e-01,-9.997387770080670144e-01,-9.330310586760223179e-01,-6.438597186046328691e-01,-9.864752314668624456e-01,-9.844571363471464887e-01,-9.925805603301650626e-01,6.844924626910398047e-02,-9.892584154554436848e-01,-9.985565384133345823e-01,-8.419845507689927011e-01,-9.900521162136806108e-01,-1.836501742270849613e-01,-9.962679873565631894e-01,-9.227612479086644282e-01,-9.756763144908500163e-01,6.453788919871961127e-02,-6.223206498397455544e-01,-2.555568462838859745e-01,-1.824410123136412931e-01,1.826505648007370475e-01,3.367615674760051636e-01,-9.920000954978166474e-01,-2.809469564787043794e-01,-5.282270895330420934e-01,4.902403958250958205e-01,-9.985054996611152367e-01,-9.986730944190550519e-01,-9.452534089089433822e-01,-9.956701884866928642e-01,-1.000000000000000000e+00,-9.980226725914036479e-01,-9.988499567918605049e-01,-9.821638200949428521e-01
7.976162015465655397e-01,-9.603163519252319036e-01,-9.471102821871957289e-01,-8.510215278456287891e-01,-9.975102521744420025e-01,-1.000000000000000000e+00,-9.962493299590371443e-01,-9.839199069807013087e-01,-9.076455839122564706e-01,2.646435741844976874e-02,-8.865055209057753904e-01,-2.657359288280231047e-01,-2.645775869047102269e-01,-9.019167057507445628e-01,-2.846581639695271448e-01,-9.832184512770839602e-01,-6.550600854425822073e-01,-9.542556280340336317e-01,-4.327656461643336616e-02,-9.948675505221514781e-01,-1.300139062605385476e-01,-9.646142803442515623e-01,-8.918166512398418844e-01,-1.713795873004378967e-01,-9.937435738520113970e-01,6.577071182692240114e-03,-9.425011105120475463e-01,1.294759929583022551e-01,-9.549296630882780912e-01,-9.892867545689910669e-01,-9.801615386200892566e-01,-9.615396252055041781e-01,-4.984078610331899029e-01,-9.533329941397057361e-01,-9.989507649249381727e-01,-7.339857355952550400e-01,1.291244928234336342e-02,-8.701791528397859743e-01,-9.374145921647283330e-01,-9.996792630390843870e-01,-9.236656548573409786e-01,-6.535936504340245090e-01,-9.887051395785902974e-01,-9.822356483854894904e-01,-9.914043838510494533e-01,1.278396639267964652e-02,-9.875546663934878788e-01,-9.982872388290789933e-01,-8.278600581105054479e-01,-9.881648823140180005e-01,-1.728868504083482804e-01,-9.969244245010229211e-01,-9.136194581358829669e-01,-9.720740236040724680e-01,1.364318705904188356e-02,-5.975097684637369344e-01,-2.223368058862112973e-01,-1.790485226658240503e-01,2.135853918323777911e-01,3.597266571721042805e-01,-9.935427821730528075e-01,-3.015441803200856752e-01,-4.869147809408653771e-01,5.437927456077589206e-01,-9.981749072389332067e-01,-9.984009134709757038e-01,-9.389495815787836097e-01,-9.948704066585054573e-01,-1.000000000000000000e+00,-9.974459849120227428e-01,-9.986201894300598125e-01,-9.796117562678514634e-01
8.345370144092134623e-01,-9.542195540017417432e-01,-9.397960508357939835e-01,-8.355758883044019925e-01,-9.969734544812148824e-01,-1.000000000000000000e+00,-9.952148540592634651e-01,-9.812974969957780624e-01,-8.963198358154020884e-01,-3.438096617530095322e-02,-8.739713127825529115e-01,-2.389119190810493620e-01,-2.423836011242099797e-01,-8.906500782828108420e-01,-2.562799368086554619e-01,-9.861015181727856849e-01,-6.290088256005754719e-01,-9.483171734395022812e-01,-9.612729520648222170e-02,-9.938880262512821417e-01,-9.437066550155592815e-02,-9.596260509331601130e-01,-8.799232985398847129e-01,-1.874392318269948454e-01,-9.947603710705879010e-01,1.236246909133775773e-02,-9.351944370352711644e-01,8.124042024387367888e-02,-9.476114966035545928e-01,-9.875209737906323060e-01,-9.767165554122547722e-01,-9.557008904955298645e-01,-5.339362731803494189e-01,-9.586083751102363326e-01,-9.987102428436852586e-01,-7.177864275636722802e-01,-3.304426159384443729e-02,-8.564242821646699255e-01,-9.298058065050330834e-01,-9.996071569767658316e-01,-9.132559687038027674e-01,-6.646737116561565184e-01,-9.905977936881832369e-01,-9.797399816644523085e-01,-9.900630590274918097e-01,-4.210585040804970536e-02,-9.856158562848384985e-01,-9.979722311715133465e-01,-8.129047736059342721e-01,-9.859647143730404517e-01,-1.660123086574316620e-01,-9.974735372353281670e-01,-9.036409793353888942e-01,-9.680142553756636570e-01,-3.658543875312969540e-02,-5.721426645263858468e-01,-1.898063639491720522e-01,-1.778535816475309561e-01,2.420177703735284513e-01,3.764322200640171090e-01,-9.948130551690708145e-01,-3.235256176003525885e-01,-4.434834584146000180e-01,5.956658353956980623e-01,-9.977774465414940286e-01,-9.980779513748366805e-01,-9.321075603542388066e-01,-9.939394503186698149e-01,-1.000000000000000000e+00,-9.967169772813485595e-01,-9.983482519475886940e-01,-9.767421021339647291e-01
8.682004053290690582e-01,-9.473264069325184611e-01,-9.316710629654957332e-01,-8.190062395699384545e-01,-9.963328371152908591e-01,-1.000000000000000000e+00,-9.939244290110513802e-01,-9.783038622958843966e-01,-8.838767922742782890e-01,-9.412620107631897159e-02,-8.603937627326425641e-01,-2.129982887106133260e-01,-2.216693971738099567e-01,-8.783680136493050572e-01,-2.304958724582487628e-01,-9.885446523813458120e-01,-6.019705178746701524e-01,-9.417602353693574901e-01,-1.478576976533000353e-01,-9.927421492923582669e-01,-5.990649268545011896e-02,-9.540510423320482936e-01,-8.670250705369697553e-01,-2.070210553798669251e-01,-9.956248465911220480e-01,1.578013348283313633e-02,-9.271421152650151098e-01,3.340363136205359851e-02,-9.393433542152845872e-01,-9.855027298484383413e-01,-9.727565270452006585e-01,-9.491226660758910194e-01,-5.690315583622159723e-01,-9.633603683421645414e-01,-9.984195218477072142e-01,-7.011552451279967624e-01,-7.836838509154331334e-02,-8.415716414663464429e-01,-9.214661766398499765e-01,-9.995200217807163057e-01,-9.017274305022004999e-01,-6.769524902658103915e-01,-9.921985273143729689e-01,-9.769430167673113230e-01,-9.885370017837041834e-01,-9.602580376130731565e-02,-9.834155608209697030e-01,-9.976046434966227006e-01,-7.971183626263987909e-01,-9.834088399564858696e-01,-1.631252247583391268e-01,-9.979312754848856937e-01,-8.927827571182616051e-01,-9.634511511687245955e-01,-8.600156763321098463e-02,-5.463152515644564833e-01,-1.581719065734668028e-01,-1.788657544003832145e-01,2.677361611839792488e-01,3.866397068884039889e-01,-9.958534834396398638e-01,-3.467217507497365458e-01,-3.979968720414042149e-01,6.455656381506866826e-01,-9.973010312020720303e-01,-9.976958154275945567e-01,-9.247068583511713902e-01,-9.928590457018435789e-01,-1.000000000000000000e+00,-9.958001875051147866e-01,-9.980271812287876410e-01,-9.735226938253151996e-01
8.984009368601693080e-01,-9.395563919836334987e-01,-9.226767109976548031e-01,-8.012908666550836445e-01,-9.955710135744230138e-01,-1.000000000000000000e+00,-9.923231224868401812e-01,-9.748963622607775825e-01,-8.702439171789628780e-01,-1.525198555761032582e-01,-8.457301772619438829e-01,-1.881523048332798265e-01,-2.025910648107552836e-01,-8.650157717184223660e-01,-2.076482716092408198e-01,-9.906037452791884856e-01,-5.740109286091990004e-01,-9.345427513558273169e-01,-1.983201111447063791e-01,-9.914058218860447580e-01,-2.686287235641959814e-02,-9.478383466913359312e-01,-8.530757457670136157e-01,-2.298540042941769057e-01,-9.963574577216899320e-01,1.680596299602221677e-02,-9.182943131913031687e-01,-1.390183084652829582e-02,-9.300451197842868334e-01,-9.832027697434465585e-01,-9.682200126843059085e-01,-9.417358284564807391e-01,-6.034013469044712252e-01,-9.676312577894392586e-01,-9.980693014616296432e-01,-6.841301561837713763e-01,-1.229502444930395955e-01,-8.255784130215341188e-01,-9.123524540111612735e-01,-9.994149991696419377e-01,-8.890063507016855437e-01,-6.902707312767023540e-01,-9.935475992736938489e-01,-9.738159196023389308e-01,-9.868048730289136206e-01,-1.487985153313017284e-01,-9.809253363772961753e-01,-9.971767328560974253e-01,-7.805064457755183094e-01,-9.804503453775049726e-01,-1.642671917614723087e-01,-9.983115209134357793e-01,-8.810039041264539073e-01,-9.583360833087145592e-01,-1.344705365963083654e-01,-5.201329245270057688e-01,-1.276408454381026125e-01,-1.820768658651076288e-01,2.905462183835667567e-01,3.902024001481536608e-01,-9.967011635896179111e-01,-3.709582251661919239e-01,-3.505413125894557558e-01,6.932021160379007174e-01,-9.967317000834889917e-01,-9.972449425291878278e-01,-9.167295958816336077e-01,-9.916089624083265219e-01,-1.000000000000000000e+00,-9.946532298566314045e-01,-9.976490161378051003e-01,-9.699191677211194129e-01
9.249520714252073006e-01,-9.308244951730616501e-01,-9.127547177302224313e-01,-7.824153813091456744e-01,-9.946682513766754719e-01,-1.000000000000000000e+00,-9.903464348454740218e-01,-9.710290701849657591e-01,-8.553488828353987827e-01,-2.093371613628428607e-01,-8.299416749058616816e-01,-1.645286031234088897e-01,-1.852950608473836747e-01,-8.505402773180709142e-01,-1.880474042277312519e-01,-9.923297962732159361e-01,-5.452075613446625280e-01,-9.266228780791635478e-01,-2.473832631350744160e-01,-9.898522339054017793e-01,4.522011922831081776e-03,-9.409352605158093352e-01,-8.380317322083682408e-01,-2.556279178514975214e-01,-9.969763293273192772e-01,1.543272341317281082e-02,-9.086014140086839941e-01,-6.055190655471687222e-02,-9.196372332140028139e-01,-9.805895753334629150e-01,-9.630409338800544061e-01,-9.334685947823492258e-01,-6.367859752691977793e-01,-9.714611374757683437e-01,-9.976488200548490060e-01,-6.667535825277648431e-01,-1.666888214559854031e-01,-8.084055437010112533e-01,-9.024223719686750300e-01,-9.992887473279569166e-01,-8.750209935645073545e-01,-7.044607547295226313e-01,-9.946805834116108080e-01,-9.703281674456315509e-01,-9.848435055212514389e-01,-2.002641844479550182e-01,-9.781147094361761773e-01,-9.966798026637452290e-01,-7.630810465355883920e-01,-9.770380760499385309e-01,-1.694217165098919065e-01,-9.986262997234008898e-01,-8.682663817959744845e-01,-9.526177533340672854e-01,-1.818697864384245522e-01,-4.937100438726280682e-01,-9.841939415457523488e-02,-1.874611040362311742e-01,3.102732397792067331e-01,3.870689332667025528e-01,-9.973881768702509421e-01,-3.960580010830750952e-01,-3.012264868371666848e-01,7.382920071361021019e-01,-9.960533888174234463e-01,-9.967144765257880401e-01,-9.081609917863155967e-01,-9.901669043364565992e-01,-1.000000000000000000e+00,-9.932257887418038944e-01,-9.972046822510687303e-01,-9.658949555130897924e-01
9.476880980082549311e-01,-9.210415126940032504e-01,-9.018479059614291637e-01,-7.623735966800656572e-01,-9.936022663692455348e-01,-1.000000000000000000e+00,-9.879191785162033668e-01,-9.666527705161214179e-01,-8.391203077909121788e-01,-2.643807429226086025e-01,-8.129939841861477667e-01,-1.422775970860400419e-01,-1.699163378599092278e-01,-8.348908138960617897e-01,-1.719645055799891020e-01,-9.937689012895132290e-01,-5.156496917688389026e-01,-9.179594815612105441e-01,-2.949323648930674002e-01,-9.880516941867073522e-01,3.401610919874942240e-02,-9.332876095686003515e-01,-8.218527587466117890e-01,-2.840005227198495463e-01,-9.974974489258248145e-01,1.167013842111108701e-02,-8.980145681723771256e-01,-1.064314003969116795e-01,-9.080421125610488309e-01,-9.776293645042075653e-01,-9.571486722385489365e-01,-9.242470216539349082e-01,-6.689606671004545424e-01,-9.748878665444798974e-01,-9.971456797120836768e-01,-6.490723294018309053e-01,-2.094919500565231019e-01,-7.900184954759457145e-01,-8.916351999565885755e-01,-9.991373714642524106e-01,-8.597027597597109994e-01,-7.193499390673324667e-01,-9.956287603912500339e-01,-9.664475977445490251e-01,-9.826278405876336386e-01,-2.502809271209637254e-01,-9.749511909634603901e-01,-9.961041167610057423e-01,-7.448609994742358964e-01,-9.731165926579321557e-01,-1.785146111492600385e-01,-9.988859836482011367e-01,-8.545357197805072413e-01,-9.462423379155423531e-01,-2.280890858323132431e-01,-4.671692741064248366e-01,-7.071027801193963125e-02,-1.949753605313661042e-01,3.267643995144089430e-01,3.772845306740653104e-01,-9.979420616431865509e-01,-4.218434690737994375e-01,-2.501861366992974567e-01,7.805616167738711475e-01,-9.952476853597427287e-01,-9.960921399270078469e-01,-8.989898625966687984e-01,-9.885084118872825565e-01,-1.000000000000000000e+00,-9.914585506022045580e-01,-9.966838680819664065e-01,-9.614113025746173768e-01
9.664658606542515518e-01,-9.101144604258837312e-01,-8.899010508928326679e-01,-7.411683733986322853e-01,-9.923480201425395331e-01,-1.000000000000000000e+00,-9.849543547329701054e-01,-9.617150015174301680e-01,-8.214885685732744580e-01,-3.174808809617668537e-01,-7.948582652821423178e-01,-1.215438911977936298e-01,-1.565765906131236784e-01,-8.180197640074962084e-01,-1.596255324318870406e-01,-9.949623501292141903e-01,-4.854382558514270807e-01,-9.085126775120705434e-01,-3.408690357721688713e-01,-9.859714754282961069e-01,6.139634004161309555e-02,-9.248401369599844601e-01,-8.045025986641670679e-01,-3.146049705172845323e-01,-9.979348576639270885e-01,5.544779050696835299e-03,-8.864863014872954583e-01,-1.514342786574233157e-01,-8.951857490557938446e-01,-9.742861248257537188e-01,-9.504682576933896065e-01,-9.139956086858853634e-01,-6.997367345975750164e-01,-9.779470506395421259e-01,-9.965456608283734807e-01,-6.311374695993080541e-01,-2.512764360890670234e-01,-7.703880171212282857e-01,-8.799523411926152283e-01,-9.989563467890377746e-01,-8.429874690215777289e-01,-7.347641693530246876e-01,-9.964195042480221698e-01,-9.621404821032292221e-01,-9.801308770599050924e-01,-2.987249056232375022e-01,-9.714003192574656165e-01,-9.954388108412082214e-01,-7.258723099577946147e-01,-9.686261939928514364e-01,-1.914157663939348719e-01,-9.990994777911490488e-01,-8.397817656517542195e-01,-9.391536868983689779e-01,-2.730306363969334793e-01,-4.406407786153714312e-01,-4.471041206016734826e-02,-2.045598018541476826e-01,3.398907233619028467e-01,3.609899273130154906e-01,-9.983862859635566078e-01,-4.481384938989644295e-01,-1.975783717292001196e-01,8.197495754717560867e-01,-9.942935707277239521e-01,-9.953641011025812224e-01,-8.892091216979440826e-01,-9.866067791445054525e-01,-1.000000000000000000e+00,-9.892820919979867789e-01,-9.960748929978464616e-01,-9.564273125664181086e-01
9.811662639847502643e-01,-8.979470955790798126e-01,-8.768618100343311683e-01,-7.188124204432411180e-01,-9.908775254983831493e-01,-1.000000000000000000e+00,-9.813520632646979269e-01,-9.561601496321976423e-01,-8.023866818462594974e-01,-3.684953919121836119e-01,-7.755119452645581335e-01,-1.024647210732537728e-01,-1.453826519097030090e-01,-7.998833909838092282e-01,-1.512058801208729930e-01,-9.959468101563947462e-01,-4.546855829789689940e-01,-8.982444189476446184e-01,-3.851110667707280388e-01,-9.835756779660205229e-01,8.645139465538198564e-02,-9.155369565239753760e-01,-7.859498181090044389e-01,-3.470576867115140463e-01,-9.983008347817651229e-01,-2.900246081828483646e-03,-8.739711762296707986e-01,-1.954638825431662674e-01,-8.809994606427037356e-01,-9.705216841675257111e-01,-9.429206584193722263e-01,-9.026380105226036177e-01,-7.289618489100976317e-01,-9.806720466363052502e-01,-9.958325280161853810e-01,-6.130041809611648240e-01,-2.919681034597144675e-01,-7.494909282427759667e-01,-8.673379694491751835e-01,-9.987404335290200885e-01,-8.248167305971851881e-01,-7.505311553147904213e-01,-9.970766578125124235e-01,-9.573716277964171573e-01,-9.773236349449365701e-01,-3.454902587630127586e-01,-9.674257347916261907e-01,-9.946718020538359850e-01,-7.061484563897358901e-01,-9.635030176009814484e-01,-2.079422470249706612e-01,-9.992743944866878669e-01,-8.239794561248050542e-01,-9.312935776158881573e-01,-3.166090633047164982e-01,-4.142612753191334818e-01,-2.060858423919831317e-02,-2.161386604296940961e-01,3.495487712167826277e-01,3.384180040593249839e-01,-9.987407081025665434e-01,-4.747703542340697691e-01,-1.435856877759713601e-01,8.556095250446218436e-01,-9.931671466488536382e-01,-9.945148383689118576e-01,-8.788162698459741629e-01,-9.844329900651199727e-01,-1.000000000000000000e+00,-9.866157483028044073e-01,-9.953645672106373743e-01,-9.509000212075024994e-01
9.916955340322644030e-01,-8.844405574402897097e-01,-8.626817229806931220e-01,-6.953290334491633029e-01,-9.891596657184758001e-01,-1.000000000000000000e+00,-9.769984885874263281e-01,-9.499296017781492241e-01,-7.817512518718696679e-01,-4.173091514320221851e-01,-7.549395554673650199e-01,-8.516844396207612355e-02,-1.364250672738201997e-01,-7.804426548431449007e-01,-1.468262329894362006e-01,-9.967545753543280984e-01,-4.235149680889400692e-01,-8.871191269373497335e-01,-4.275920357786123782e-01,-9.808251182777700805e-01,1.089844414762075608e-01,-9.053220726331282497e-01,-7.661685413629379937e-01,-3.809662970866691811e-01,-9.986060737110727947e-01,-1.360579433093089818e-02,-8.604265009664497921e-01,-2.384330589680108137e-01,-8.654217829076927826e-01,-9.662958226963608288e-01,-9.344231828745910295e-01,-8.900978592181185700e-01,-7.565194540323233463e-01,-9.830939878174496105e-01,-9.949878294630833953e-01,-5.947315366295615746e-01,-3.315017703734368659e-01,-7.273109056824719199e-01,-8.537596993421208147e-01,-9.984835836640572060e-01,-8.051393856976344354e-01,-7.664835330178090267e-01,-9.976208923852651900e-01,-9.521045090295355839e-01,-9.741751364807560432e-01,-3.904888455274018177e-01,-9.629892905009317383e-01,-9.937896977841473856e-01,-6.857306262403206620e-01,-9.576792294197291611e-01,-2.278626063900608401e-01,-9.994172128008851352e-01,-8.071095997274200240e-01,-9.226020291915846272e-01,-3.587512973476923994e-01,-3.881729603665708961e-01,1.416818705071154483e-03,-2.296212304737694776e-01,3.556619963804681372e-01,3.098882519315062645e-01,-9.990220157527914813e-01,-5.015715492868328962e-01,-8.841464861833225886e-02,8.879126946570388146e-01,-9.918413524887926824e-01,-9.935270027070738363e-01,-8.678138676865425616e-01,-9.819556780104158333e-01,-1.000000000000000000e+00,-9.833664946039933907e-01,-9.945380444302316381e-01,-9.447845020846791231e-01
9.979862161628880735e-01,-8.694941327947448562e-01,-8.473172709702945227e-01,-6.707527527468322148e-01,-9.871600341725418337e-01,-1.000000000000000000e+00,-9.717650138327813547e-01,-9.429619616012386851e-01,-7.595234764746199296e-01,-4.638332946412501157e-01,-7.331335584056306587e-01,-6.977310259616487098e-02,-1.297768749004689637e-01,-7.596640542032737642e-01,-1.465496852493854973e-01,-9.974138617830639042e-01,-3.920600792486981234e-01,-8.751043590247058468e-01,-4.682607883944048810e-01,-9.776772485659057654e-01,1.288156980071182289e-01,-8.941399665006133368e-01,-7.451392236373758360e-01,-4.159374049177864130e-01,-9.988598484344579642e-01,-2.649737783177930073e-02,-8.458130833390250514e-01,-2.802642112693446430e-01,-8.484004692507205458e-01,-9.615664305248780019e-01,-9.248900035402933817e-01,-8.762996967788261315e-01,-7.823274194493345934e-01,-9.852418266927982504e-01,-9.939906924881591888e-01,-5.763822480077092081e-01,-3.698211587800539490e-01,-7.038392613651551777e-01,-8.391892833098395510e-01,-9.981788391631915003e-01,-7.839130026334851786e-01,-7.824616755419858682e-01,-9.980700482037482280e-01,-9.463014299771731475e-01,-9.706524073359863447e-01,-4.336498169417656312e-01,-9.580512008084955955e-01,-9.927777047884417394e-01,-6.646678775668978245e-01,-9.510833133103329118e-01,-2.509022774116245191e-01,-9.995334236534386685e-01,-7.891596595777683465e-01,-9.130176799807931953e-01,-3.993963555564741252e-01,-3.625223098193716131e-01,2.120000451380588125e-02,-2.449030501129243476e-01,3.581817569435503668e-01,2.757992494481473766e-01,-9.992441372762521645e-01,-5.283814473009809110e-01,-3.229521224964992943e-02,9.164503295351495993e-01,-9.902856745355624879e-01,-9.923812812078094403e-01,-8.562099803669128706e-01,-9.791411131886950114e-01,-1.000000000000000000e+00,-9.794278780618788094e-01,-9.935786680046589936e-01,-9.380340072604619328e-01
9.999978956371873284e-01,-8.530061498912450135e-01,-8.307309836280245552e-01,-6.451299233886442774e-01,-9.848408015690112149e-01,-1.000000000000000000e+00,-9.655075214659072369e-01,-9.351933353574988228e-01,-7.356502029556402089e-01,-5.080041295858083172e-01,-7.100951506225310350e-01,-5.638508468330860612e-02,-1.254926137072676084e-01,-7.375204846846302731e-01,-1.503802281332762281e-01,-9.979491327371445841e-01,-3.604641998003534908e-01,-8.621715085149996849e-01,-5.070807993338899422e-01,-9.740861141934666900e-01,1.457848171747697652e-01,-8.819362477762588970e-01,-7.228494211012057580e-01,-4.515840071341254980e-01,-9.990701691590653244e-01,-4.148602607433116152e-02,-8.300960186416066477e-01,-3.208892731690219380e-01,-8.298945651117449751e-01,-9.562897149993387913e-01,-9.142328106170822810e-01,-8.611700152776079475e-01,-8.063360421433745095e-01,-9.871423927880562665e-01,-9.928176187077666359e-01,-5.580223609905226034e-01,-4.068787412038716855e-01,-6.790756997770610592e-01,-8.236033272521682269e-01,-9.978182216101563196e-01,-7.611054018569859414e-01,-7.983161517633043935e-01,-9.984394532673110945e-01,-9.399237213854280126e-01,-9.667205007794901217e-01,-4.749190327307765136e-01,-9.525702324440916691e-01,-9.916195400588839748e-01,-6.430172183491849047e-01,-9.436404707785543966e-01,-2.767498644034983579e-01,-9.996276608384103701e-01,-7.701245237944238653e-01,-9.024782305991366771e-01,-4.384950284454390834e-01,-3.374587719135181407e-01,3.858985044808460607e-02,-2.618672479824213362e-01,3.570879608493973123e-01,2.366194010618289933e-01,-9.994186206326355348e-01,-5.550477553180706014e-01,2.452031090775719235e-02,9.410359366159219974e-01,-9.884658514928509332e-01,-9.910562637109824324e-01,-8.440185839438798521e-01,-9.759532227550531402e-01,-1.000000000000000000e+00,-9.746790488995770163e-01,-9.924678116327773081e-01,-9.306001452630531245e-01
9.977176303857220319e-01,-8.348750027867997137e-01,-8.128925778004543190e-01,-6.185191397868926577e-01,-9.821606188544391713e-01,-1.000000000000000000e+00,-9.580659465629411953e-01,-9.265576925518292928e-01,-7.100850236380784608e-01,-5.497818030953582902e-01,-6.858350270058226616e-01,-4.509789918973572398e-02,-1.236075781942638230e-01,-7.139921030735596474e-01,-1.582626538970759444e-01,-9.983814392990738584e-01,-3.288793070525966034e-01,-8.482965264743185241e-01,-5.440294302396451176e-01,-9.700023560839440284e-01,1.597530451038464694e-01,-8.686583688727133046e-01,-6.992945469217686227e-01,-4.875323601068444201e-01,-9.992439267276289616e-01,-5.846930805844974266e-02,-8.132455055813265776e-01,-3.602496100724307260e-01,-8.098765142259471972e-01,-9.504204612067446156e-01,-9.023616022100329204e-01,-8.446383993057469119e-01,-8.285255183905726462e-01,-9.888204628737424784e-01,-9.914422829266235082e-01,-5.397209066731682992e-01,-4.426355296329734790e-01,-6.530290425351459316e-01,-8.069840156244277862e-01,-9.973926132486150564e-01,-7.366961848620590114e-01,-8.139097874933287624e-01,-9.987422189783575766e-01,-9.329319722133644355e-01,-9.623425476748073137e-01,-5.142583406817815561e-01,-9.465039397644108288e-01,-9.902973449914039827e-01,-6.208435967828080937e-01,-9.352731401736352757e-01,-3.050641341501785231e-01,-9.997038184517197390e-01,-7.500072500751914228e-01,-8.909209541402385302e-01,-4.760094827386532890e-01,-3.131333650150226466e-01,5.345182393205338833e-02,-2.803860298576512644e-01,3.523893329072265157e-01,1.928762376609962637e-01,-9.995549775502989842e-01,-5.814277941961079055e-01,8.175867430884742326e-02,9.615073136405696275e-01,-9.863435808692847528e-01,-9.895283154905940570e-01,-8.312599231089734531e-01,-9.723536484042654138e-01,-1.000000000000000000e+00,-9.689839450512126584e-01,-9.911847160228630660e-01,-9.224330987986792962e-01
9.911600897771386531e-01,-8.150003055694386989e-01,-7.937801109846378544e-01,-5.909915583628579938e-01,-9.790745643776200824e-01,-1.000000000000000000e+00,-9.492641542764342910e-01,-9.169873057329551713e-01,-6.827893989790989604e-01,-5.891487598060793918e-01,-6.603740914908906579e-01,-3.599108898461045314e-02,-1.241373342437073202e-01,-6.890671853879355435e-01,-1.700838797909540734e-01,-9.987287643945040871e-01,-2.974649924935045542e-01,-8.334606569670777176e-01,-5.790971001536173723e-01,-9.653732654105661171e-01,1.706051098439036462e-01,-8.542563979772865856e-01,-6.744786013063381880e-01,-5.234281339602075978e-01,-9.993870255050102402e-01,-7.733249745644965589e-02,-7.952376791916211385e-01,-3.982958524657872479e-01,-7.883342485553821444e-01,-9.439123487318450412e-01,-8.891856153827857323e-01,-8.266387626757256690e-01,-8.489030102097094854e-01,-9.902988412678985775e-01,-9.898353406062139204e-01,-5.215495084057333308e-01,-4.770608115855888842e-01,-6.257179069522718073e-01,-7.893198356796501391e-01,-9.968916296450612835e-01,-7.106782379252329918e-01,-8.291192991065701179e-01,-9.989895118191969292e-01,-9.252862974140216856e-01,-9.574798351335040980e-01,-5.516447375036925838e-01,-9.398089468400632196e-01,-9.887916046324830566e-01,-5.982197966853044502e-01,-9.259016432393943896e-01,-3.354814871402814758e-01,-9.997651554068646140e-01,-7.288197701876129031e-01,-8.782832742022970152e-01,-5.119127890145951376e-01,-2.896971987266078186e-01,6.566971480833339037e-02,-3.003222787740387201e-01,3.441232989698834732e-01,1.451446206322932753e-01,-9.996609920808643412e-01,-6.073895676297058621e-01,1.391274857292894573e-01,9.777283310418829476e-01,-9.838762318309641763e-01,-9.877714592242063940e-01,-8.179608097935506805e-01,-9.683018462846035845e-01,-1.000000000000000000e+00,-9.621906928988392949e-01,-9.897063231824332341e-01,-9.134818842127657712e-01
9.803673974598947627e-01,-7.932841733311681853e-01,-7.733811296107023781e-01,-5.626310628161068639e-01,-9.755341444139566942e-01,-1.000000000000000000e+00,-9.389102170484886489e-01,-9.064132729163679736e-01,-6.537337945005906592e-01,-6.261080357097252858e-01,-6.337440987003515325e-01,-2.912929745923831248e-02,-1.270775050823862440e-01,-6.627429659839715326e-01,-1.856756475479139912e-01,-9.990063607840041771e-01,-2.663872315661289791e-01,-8.176511748120786072e-01,-6.122863850471649272e-01,-9.601428979743265035e-01,1.782508051821229955e-01,-8.386838451380427273e-01,-6.484148628991142083e-01,-5.589417269677039446e-01,-9.995045047413445571e-01,-9.794986216336609708e-02,-7.760554495205181924e-01,-4.349876667206470371e-01,-7.652732080214024180e-01,-9.367183270007715112e-01,-8.746143998831529265e-01,-8.071106682764717100e-01,-8.674994307450438757e-01,-9.915984480208208662e-01,-9.879642495122714640e-01,-5.035819477324494642e-01,-5.101318388040761986e-01,-5.971713251537253964e-01,-7.706062895561387460e-01,-9.963034843643722160e-01,-6.830591791283912029e-01,-8.438364856716400464e-01,-9.991908009192448370e-01,-9.169466425163137480e-01,-9.520919165871154499e-01,-5.870694304593693236e-01,-9.324412780240847187e-01,-9.870810739818017820e-01,-5.752262333650316473e-01,-9.154449650389434590e-01,-3.676236810782993469e-01,-9.998143878434128107e-01,-7.065835395528732299e-01,-8.645034102276933918e-01,-5.461883840982508787e-01,-2.672999376961098239e-01,7.514714809777345295e-02,-3.215312405950663255e-01,3.323554895382838659e-01,9.403421750202722862e-02,-9.997429939275477295e-01,-6.328126186519784646e-01,1.963173641984186091e-01,9.895904393913217412e-01,-9.810165709963206693e-01,-9.857572698683920720e-01,-8.041548525047017559e-01,-9.637552339382705613e-01,-1.000000000000000000e+00,-9.541312930128560410e-01,-9.880071103584111558e-01,-9.036946543403712173e-01
9.654086806884305538e-01,-7.696326238801232122e-01,-7.516937904450756713e-01,-5.335342682705472850e-01,-9.714873564566087749e-01,-1.000000000000000000e+00,-9.267971687765279576e-01,-8.947661249788521065e-01,-6.228988162166242404e-01,-6.606814272349565975e-01,-6.059882109922745119e-01,-2.456150441621263170e-02,-1.324038314995427124e-01,-6.350264439998711818e-01,-2.048185082926887723e-01,-9.992270756011739641e-01,-2.358170141272321052e-01,-8.008621139997715854e-01,-6.436110626398325874e-01,-9.542522555757783076e-01,1.826262391368944638e-01,-8.218985341884432749e-01,-6.211265284475282478e-01,-5.937726470276287749e-01,-9.996006486272809299e-01,-1.201860579470314105e-01,-7.556893334716996424e-01,-4.702934690464906087e-01,-7.407182317531834093e-01,-9.287910507074873534e-01,-8.585590333562056475e-01,-7.860007168778787578e-01,-8.843660678403635345e-01,-9.927384129732921281e-01,-9.857931118869336373e-01,-4.858936924227592602e-01,-5.418334742555483974e-01,-5.674292901832602709e-01,-7.508465820532342905e-01,-9.956148462806080346e-01,-6.538627151088517442e-01,-8.579689808410786434e-01,-9.993540818840938034e-01,-9.078731251678204828e-01,-9.461367559037464625e-01,-6.205368191492941499e-01,-9.243567380605861583e-01,-9.851427135234054333e-01,-5.519506466731930461e-01,-9.038216709774506974e-01,-4.011055789076474198e-01,-9.998537703125063292e-01,-6.833301168129908287e-01,-8.495210884223012293e-01,-5.788294782352665369e-01,-2.460882294675026394e-01,8.180884975160829242e-02,-3.438622661167226591e-01,3.171788720397890060e-01,4.017662900834029216e-02,-9.998060978857533643e-01,-6.575886717025307693e-01,2.530044482295255026e-01,9.970138791053158034e-01,-9.777125085765434598e-01,-9.834547864291846020e-01,-7.898826067921856930e-01,-9.586693887241924950e-01,-1.000000000000000000e+00,-9.446216648536712723e-01,-9.860589259989881450e-01,-8.930190459277320691e-01
9.463793328258136572e-01,-7.439570910856976305e-01,-7.287279317198148698e-01,-5.038103526351069839e-01,-9.668788247840122141e-01,-1.000000000000000000e+00,-9.127043118724609272e-01,-8.819765190417734324e-01,-5.902763278193006169e-01,-6.929075756583529255e-01,-5.771614556292632425e-01,-2.232044389071607959e-02,-1.400725051853511927e-01,-6.059351427843631122e-01,-2.272469609843098537e-01,-9.994016560165900342e-01,-2.059288497304921917e-01,-7.830949739267597520e-01,-6.730951183072444444e-01,-9.476395414007311446e-01,1.836947229300889273e-01,-8.038635116276554582e-01,-5.926472874300752203e-01,-6.276529037621201290e-01,-9.996790854264777648e-01,-1.438976046441192702e-01,-7.341382660808135618e-01,-5.041900886498096312e-01,-7.147152595721804058e-01,-9.200833758347128910e-01,-8.409334734972848668e-01,-7.632639875598260515e-01,-8.995711562966286490e-01,-9.937361738679737488e-01,-9.832825442053845233e-01,-4.685613904578194155e-01,-5.721578032473204622e-01,-5.365432156760490123e-01,-7.300522712609011089e-01,-9.948106904043926280e-01,-6.231298726511955710e-01,-8.714405797666048281e-01,-9.994860776659444390e-01,-8.980264132388732223e-01,-9.395709079782856854e-01,-6.520634165690835093e-01,-9.155113420328784279e-01,-9.829516363434090964e-01,-5.284876894856362917e-01,-8.909509619114654999e-01,-4.355427022269483528e-01,-9.998851666667646354e-01,-6.591016582817175173e-01,-8.332783151767031438e-01,-6.098384171161616019e-01,-2.262041191483120661e-01,8.560164211425602687e-02,-3.671605805517171861e-01,2.987125277923041722e-01,-1.578745541122172913e-02,-9.998544114158997020e-01,-6.816220627095018747e-01,3.088532324994675005e-01,9.999485734945374737e-01,-9.739068731788419475e-01,-9.808304449567978311e-01,-7.751916380657863925e-01,-9.529983017891581198e-01,-1.000000000000000000e+00,-9.334621274271149849e-01,-9.838308304749614486e-01,-8.814025722772980131e-01
9.233999998737354442e-01,-7.161760374988607181e-01,-7.045060693468917501e-01,-4.735807060147494418e-01,-9.616500176699100955e-01,-1.000000000000000000e+00,-8.963991484289817180e-01,-8.679760173444561744e-01,-5.558705316754781744e-01,-7.228400046869617457e-01,-5.473310673619591338e-01,-2.242221366695507090e-02,-1.500207688529611172e-01,-5.754978075400574156e-01,-2.526555763122871889e-01,-9.995390323397790322e-01,-1.768991647674337253e-01,-7.643593898087719385e-01,-7.007717272116678053e-01,-9.402404959437238308e-01,1.814472830378053292e-01,-7.845479819427347845e-01,-5.630218183614905669e-01,-6.603493908533777379e-01,-9.997428761999317404e-01,-1.689344225000324329e-01,-7.114103766050816624e-01,-5.366623863661730276e-01,-6.873327811271685572e-01,-9.105489156596753286e-01,-8.216560389062572689e-01,-7.388655093887319669e-01,-9.131964975942215013e-01,-9.946075768833581021e-01,-9.803895822345911615e-01,-4.516623344678220020e-01,-6.011037145020584616e-01,-5.045762960916286843e-01,-7.082438687427063950e-01,-9.938741433980572415e-01,-5.909200696764175254e-01,-8.841911686130430326e-01,-9.995924175647203924e-01,-8.873681384764862123e-01,-9.323497379613728819e-01,-6.816767279885598274e-01,-9.058617945938624016e-01,-9.804810693621412998e-01,-5.049384115220596492e-01,-8.767538651806916494e-01,-4.705583874489649432e-01,-9.999101115949601271e-01,-6.339513125203365407e-01,-8.157202084801289388e-01,-6.392260086933958529e-01,-2.077834746955773415e-01,8.649515059061751998e-02,-3.912690516047991895e-01,2.771000960565643823e-01,-7.322071361794024735e-02,-9.998912128201816740e-01,-7.048299636614983044e-01,3.635197025458185571e-01,9.983746909985016238e-01,-9.695372244675323214e-01,-9.778480373943609916e-01,-7.601364890731687751e-01,-9.466946911142560817e-01,-1.000000000000000000e+00,-9.204383933264934647e-01,-9.812889446737358412e-01,-8.687930611719378859e-01
8.966153058457169145e-01,-6.862166505498475955e-01,-6.790642928230494757e-01,-4.429783918914973473e-01,-9.557395551757936758e-01,-1.000000000000000000e+00,-8.776399980314724125e-01,-8.526979494193519526e-01,-5.196989947344088367e-01,-7.505451464684735896e-01,-5.165767026591181477e-01,-2.486608314306015810e-02,-1.621677717549605546e-01,-5.437550262544172952e-01,-2.807059088169662209e-01,-9.996465763520938630e-01,-1.489046111896858982e-01,-7.446737530703582131e-01,-7.266822269199200157e-01,-9.319888192684464556e-01,1.759027861599249398e-01,-7.639282572876089361e-01,-5.323061937817661349e-01,-6.916652723602194630e-01,-9.997945937304488773e-01,-1.951414058259858253e-01,-6.875237141326497881e-01,-5.677028351366393277e-01,-6.586629707180902127e-01,-9.001426548893474155e-01,-8.006510064527991855e-01,-7.127817410765530104e-01,-9.253342120344527633e-01,-9.953669781478702294e-01,-9.770676296833814556e-01,-4.352739017103994801e-01,-6.286764569895954002e-01,-4.716037552070986294e-01,-6.854513757488542858e-01,-9.927863252698772012e-01,-5.573119904914206613e-01,-8.961762944843580936e-01,-9.996777956722775471e-01,-8.758613440407302386e-01,-9.244276809599738520e-01,-7.094141053451810119e-01,-8.953660169772355015e-01,-9.777023313575285979e-01,-4.814096401786293056e-01,-8.611545558689452928e-01,-5.057903652842544728e-01,-9.999298637306514026e-01,-6.079435009719416083e-01,-7.967958813245312744e-01,-6.670108244663233155e-01,-1.909544472069856225e-01,8.448220822891205906e-02,-4.160299283031894113e-01,2.525079134530816560e-01,-1.315009277551436595e-01,-9.999191027549713118e-01,-7.271424117583054070e-01,4.166547297310865261e-01,9.923028674955898243e-01,-9.645357136899862516e-01,-9.744687011576057545e-01,-7.447785457042797042e-01,-9.397103764690564187e-01,-1.000000000000000000e+00,-9.053231508647578973e-01,-9.783963099574926048e-01,-8.551391374759833575e-01
8.661923355026444060e-01,-6.540166032756171699e-01,-6.524530352419517509e-01,-4.121474170212395816e-01,-9.490836157245190474e-01,-1.000000000000000000e+00,-8.561793517554761035e-01,-8.360783535401781208e-01,-4.817935997980214990e-01,-7.761003881916019864e-01,-4.849905131199706565e-01,-2.963450293893632459e-02,-1.764156644226771986e-01,-5.107597591225234712e-01,-3.110339789892118123e-01,-9.997303338908963832e-01,-1.221203089529308006e-01,-7.240657672156667335e-01,-7.508750937374932821e-01,-9.228166844388945300e-01,1.671076744543438242e-01,-7.419887079686535714e-01,-5.005681815100190279e-01,-7.214404176857218687e-01,-9.998363923182866930e-01,-2.223600111430654724e-01,-6.625069070188662756e-01,-5.973110687093243776e-01,-6.288224485837926592e-01,-8.888216187175211891e-01,-7.778503088354620232e-01,-6.850020327334165327e-01,-9.360836931375273728e-01,-9.960273449756048558e-01,-9.732664591866866388e-01,-4.194729752255750288e-01,-6.548871781886154153e-01,-4.377129715780646579e-01,-6.617147419843947276e-01,-9.915261890875944895e-01,-5.224042314103288787e-01,-9.073664215134157329e-01,-9.997461102200571048e-01,-8.634709635663655458e-01,-9.157585436414720226e-01,-7.353215937517663114e-01,-8.839837192693386081e-01,-9.745848305788571420e-01,-4.580132618937298172e-01,-8.440817987545334855e-01,-5.408966128137393525e-01,-9.999454512339508439e-01,-5.811540716451151223e-01,-7.764593695704355980e-01,-6.932184845162372433e-01,-1.758359907139397382e-01,7.957895047223106921e-02,-4.412865242417312039e-01,2.251228822485429326e-01,-1.900317121867940440e-01,-9.999401319156367984e-01,-7.485021563656125698e-01,4.679076818679537286e-01,9.817740848234375317e-01,-9.588290027887729217e-01,-9.706509445023595584e-01,-7.291857963948542576e-01,-9.319967182537733930e-01,-1.000000000000000000e+00,-8.878783025721688205e-01,-9.751127633513458903e-01,-8.403907490996738172e-01
8.323188963483016956e-01,-6.195258572583154377e-01,-6.247376922658989251e-01,-3.812418105032017168e-01,-9.416164485718998556e-01,-1.000000000000000000e+00,-8.317679943474323156e-01,-8.180569914530485542e-01,-4.422014023055674814e-01,-7.995921679617840061e-01,-4.526770672715911825e-01,-3.669331629884187151e-02,-1.926509120564343647e-01,-4.765777621083270299e-01,-3.432580949055645814e-01,-9.997952316896361324e-01,-9.671804639684911109e-02,-7.025729246930453309e-01,-7.734049348203122509e-01,-9.126553457426688221e-01,1.551353159699890849e-01,-7.187226988762804858e-01,-4.678874306136416861e-01,-7.495509565777775940e-01,-9.998700691552450115e-01,-2.504298373888951268e-01,-6.363997403654896301e-01,-6.254934048694948956e-01,-5.979526143952171857e-01,-8.765455921604108358e-01,-7.531953118166039296e-01,-6.555300415691521776e-01,-9.455488185021043712e-01,-9.966003557424156778e-01,-9.689322746689907895e-01,-4.043353522855113180e-01,-6.797524492608639779e-01,-4.030034709838609119e-01,-6.370842338009987671e-01,-9.900703609264699390e-01,-4.863156850995741243e-01,-9.177459243933661082e-01,-9.998005853747425897e-01,-8.501643286813901357e-01,-9.062958487053227596e-01,-7.594527854310145765e-01,-8.716770143452912123e-01,-9.710960848402626633e-01,-4.348654094493733524e-01,-8.254704973250035493e-01,-5.755603600478553794e-01,-9.999577107015760191e-01,-5.536703142645075237e-01,-7.546705952220507108e-01,-7.178809350738041273e-01,-1.625364655892269639e-01,7.182459807285068720e-02,-4.668848208871636540e-01,1.951501054872404328e-01,-2.482519914536367445e-01,-9.999559077149791086e-01,-7.688643396144612119e-01,5.169301987038015245e-01,9.668592069891202012e-01,-9.523382534037513336e-01,-9.663507128354018594e-01,-7.134324822352668960e-01,-9.235051212021108125e-01,-1.000000000000000000e+00,-8.678579177664724753e-01,-9.713948321900371941e-01,-8.244997342600315360e-01
7.952015847791662484e-01,-5.827084823593888796e-01,-5.959990660150722430e-01,-3.504245162052714857e-01,-9.332709978525081107e-01,-1.000000000000000000e+00,-8.041599044766268856e-01,-7.985784283563969188e-01,-4.009853728712252652e-01,-8.211141448974526025e-01,-4.197531119725963489e-01,-4.599216898196145653e-02,-2.107458020788425257e-01,-4.412878910609014937e-01,-3.769867798227609645e-01,-9.998452592371354086e-01,-7.286446444200112005e-02,-6.802428906042067291e-01,-7.943315068610015128e-01,-9.014358438692179343e-01,1.400849826978753931e-01,-6.941334958955719392e-01,-4.343555317113988457e-01,-7.759080473019589475e-01,-9.998971179986373414e-01,-2.791901765582333050e-01,-6.092536360060405443e-01,-6.522623493465284916e-01,-5.662195059268988473e-01,-8.632778835371035520e-01,-7.266386464579381865e-01,-6.243850716135932455e-01,-9.538354558819835960e-01,-9.970964974896715516e-01,-9.640078442493142941e-01,-3.899351466651803655e-01,-7.032937823726499449e-01,-3.675867774779998376e-01,-6.116206993359150079e-01,-9.883929826649417993e-01,-4.491856352538390329e-01,-9.273118737524822519e-01,-9.998438770578494950e-01,-8.359117011959354970e-01,-8.959932226552702605e-01,-7.818676949507539220e-01,-8.584110687600443601e-01,-9.672017670360204544e-01,-4.120855624926372807e-01,-8.052633320045690102e-01,-6.094941678605967361e-01,-9.999673202064124355e-01,-5.255908270956035633e-01,-7.313963545743252803e-01,-7.410357268126127606e-01,-1.511523487951655920e-01,6.128093197014572446e-02,-4.926749689962414136e-01,1.628103305642294441e-01,-3.056440424915699561e-01,-9.999676826710166555e-01,-7.881960285543561096e-01,5.633800761169496241e-01,9.476581808918813632e-01,-9.449791974831996955e-01,-9.615215011281529334e-01,-6.975986369196276460e-01,-9.141876027621804734e-01,-1.000000000000000000e+00,-8.450119418828506701e-01,-9.671956527947095372e-01,-8.074204271881847417e-01
7.550636838472266632e-01,-5.435444650132168487e-01,-5.663336116364676709e-01,-3.198661065887311583e-01,-9.239796420691482881e-01,-1.000000000000000000e+00,-7.731179164806321058e-01,-7.775931680126760837e-01,-3.582250063186874778e-01,-8.407654645056129583e-01,-3.863471669920287566e-01,-5.746511102919915626e-02,-2.305601180203569189e-01,-4.049822739081575529e-01,-4.118265779081556888e-01,-9.998836269758955009e-01,-5.071925168641278070e-02,-6.571337797964913463e-01,-8.137187708179893786e-01,-8.890898085097042047e-01,1.220804758575431137e-01,-6.682351254748948310e-01,-4.000759426925651896e-01,-8.004559674833541250e-01,-9.999187758626919553e-01,-3.084815143072355825e-01,-5.811320200694538585e-01,-6.776360863230024290e-01,-5.338131453201697685e-01,-8.489861244497963755e-01,-6.981460676971302792e-01,-5.916033063091982180e-01,-9.610492885623928006e-01,-9.975251605013911727e-01,-9.584327127497623833e-01,-3.763441915811388538e-01,-7.255371451024134055e-01,-3.315861165499579544e-01,-5.853957190988043902e-01,-9.864655606571894886e-01,-4.111735374706463331e-01,-9.360726686126580320e-01,-9.998781643538868780e-01,-8.206868254658252759e-01,-8.848048267168487913e-01,-8.026316680865618336e-01,-8.441547847592428822e-01,-9.628657790300564345e-01,-3.897955703995629184e-01,-7.834124654894698558e-01,-6.424430299304142444e-01,-9.999748272075540401e-01,-4.970252277869621205e-01,-7.066113192898706430e-01,-7.627253014034058864e-01,-1.417670728124927892e-01,4.803146966996596490e-02,-5.185126689665613409e-01,1.283372455383677835e-01,-3.617399739658062607e-01,-9.999764270512377928e-01,-8.064756182805751239e-01,6.069251985574704022e-01,9.242989136208854539e-01,-9.366623014360374588e-01,-9.561145174892567988e-01,-6.817695178531611999e-01,-9.039974246828931248e-01,-1.000000000000000000e+00,-8.190906856427966343e-01,-9.624649180660965753e-01,-7.891102986358787819e-01
7.121429221845005930e-01,-5.020314744025448084e-01,-5.358534668254103517e-01,-2.897433298794395151e-01,-9.136750507268148747e-01,-1.000000000000000000e+00,-7.384200966817053846e-01,-7.550588308039671848e-01,-3.140167789032799472e-01,-8.586491364696861028e-01,-3.525989489748391215e-01,-7.103138061171798689e-02,-2.519429492100281331e-01,-3.677663398926539484e-01,-4.473895243302382640e-01,-9.999129025399031701e-01,-3.043337817311519977e-02,-6.333143149257030036e-01,-8.316339907942604803e-01,-8.755503569289826427e-01,1.012684247703394824e-01,-6.410531699751833568e-01,-3.651637726806008510e-01,-8.231696479108181475e-01,-9.999360634267533410e-01,-3.381469615385372940e-01,-5.521105641797106056e-01,-7.016379611897952673e-01,-5.009463468482059367e-01,-8.336430971244626065e-01,-6.676983069332411702e-01,-5.572389022722121776e-01,-9.672939706982314201e-01,-9.978947292474794617e-01,-9.521435025215059245e-01,-3.636314503688736766e-01,-7.465124765382064043e-01,-2.951359660465497914e-01,-5.584916318074027997e-01,-9.842568237412431253e-01,-3.724584674139365115e-01,-9.440465699319773307e-01,-9.999052280270188664e-01,-8.044674957525639325e-01,-8.726858301075413049e-01,-8.218143350228588329e-01,-8.288815064633171525e-01,-9.580503568357516819e-01,-3.681186083535141762e-01,-7.598812889371077128e-01,-6.741864862841260297e-01,-9.999806720081025890e-01,-4.680937030269056720e-01,-6.802990371814908732e-01,-7.829962931514191649e-01,-1.344500132224036859e-01,3.218035819552111931e-02,-5.442604139795100826e-01,9.197467421870753057e-02,-4.161265749544729164e-01,-9.999828881112196033e-01,-8.236921264178043156e-01,6.472474561289678352e-01,8.969358434250329637e-01,-9.272930357337362262e-01,-9.500789027303403467e-01,-6.660349320252085814e-01,-8.928897849274728404e-01,-1.000000000000000000e+00,-7.898500930224992000e-01,-9.571488591584506045e-01,-7.695306267395081168e-01
6.666891252197004736e-01,-4.581865538777805114e-01,-5.046862477755362786e-01,-2.602375063807899069e-01,-9.022911572992557971e-01,-1.000000000000000000e+00,-6.998667538886653716e-01,-7.309413605404717629e-01,-2.684744368119857949e-01,-8.748705381142762860e-01,-3.186586238980908536e-01,-8.659635717323377335e-02,-2.747346037504319050e-01,-3.297586965834437001e-01,-4.833000873238625372e-01,-9.999351269647368534e-01,-1.214739573749856749e-02,-6.088638544886406656e-01,-8.481468838065138183e-01,-8.607530849505711235e-01,7.781629177653770491e-02,-6.126254812051925569e-01,-3.297454190783217776e-01,-8.440517749402857151e-01,-9.999498198305245555e-01,-3.680335997611654530e-01,-5.222772877162606964e-01,-7.242959608609189637e-01,-4.678529733937597523e-01,-8.172275785371445611e-01,-6.352928830715245390e-01,-5.213649126976742654e-01,-9.726696114616181221e-01,-9.982126692205955942e-01,-9.450743106796131165e-01,-3.518624420850441359e-01,-7.662532093037196512e-01,-2.583814528677498279e-01,-5.310014268885321354e-01,-9.817325944775767699e-01,-3.332382234617489170e-01,-9.512601861918740243e-01,-9.999265175963037988e-01,-7.872361327640795547e-01,-8.595929241909473495e-01,-8.394886169575231927e-01,-8.125697422105034873e-01,-9.527162099156898378e-01,-3.471780791256849907e-01,-7.346461788508631408e-01,-7.045397688359539279e-01,-9.999852073732886648e-01,-4.389263945429371372e-01,-6.524529183597339577e-01,-8.018988517907568170e-01,-1.292556425936078890e-01,1.385100387656490462e-02,-5.697885830307320987e-01,5.397371680507556668e-02,-4.684485228529495782e-01,-9.999876380340565474e-01,-8.398443997747940815e-01,6.840465808853113394e-01,8.657482261824405168e-01,-9.167722615791584762e-01,-9.433620104101716475e-01,-6.504884625957185751e-01,-8.808225655390105047e-01,-1.000000000000000000e+00,-7.570577586799687175e-01,-9.511902666313356569e-01,-7.486471930272835529e-01
6.189617908668401114e-01,-4.120477036005442129e-01,-4.729745988900277975e-01,-2.315327934135970045e-01,-8.897642448919800273e-01,-1.000000000000000000e+00,-6.572879681666441432e-01,-7.052162439546441064e-01,-2.217291008848408795e-01,-8.895360530852718384e-01,-2.846858902092709309e-01,-1.040526683369058514e-01,-2.987685910010479118e-01,-2.910908474750707464e-01,-5.192014173276919831e-01,-9.999519129138613183e-01,4.010167594723501594e-03,-5.838722815893118145e-01,-8.633288258404124837e-01,-8.446371445284215351e-01,5.191012098275438191e-02,-5.830027947040336000e-01,-2.939580547720139769e-01,-8.631295873660316254e-01,-9.999607324894583815e-01,-3.979937250413128069e-01,-4.917325103028947764e-01,-7.456421965921551376e-01,-4.347856436062164098e-01,-7.997251894186548915e-01,-6.009458338594364513e-01,-4.840740098594895624e-01,-9.772715768653075230e-01,-9.984856093163134716e-01,-9.371572099204332762e-01,-3.410986892214182831e-01,-7.847958013641869179e-01,-2.214775960014409018e-01,-5.030284969739944323e-01,-9.788556779494949067e-01,-2.937280779042273915e-01,-9.577469574768676663e-01,-9.999432083317827402e-01,-7.689803629871674318e-01,-8.454848753441213116e-01,-8.557297935330009375e-01,-7.952038940515371301e-01,-9.468226972921138795e-01,-3.270964744824996773e-01,-7.076982309933507187e-01,-7.333540287559445758e-01,-9.999887148576104279e-01,-4.096626219296842786e-01,-6.230771914968367131e-01,-8.194859917404713201e-01,-1.262228655951891376e-01,-6.815536017559464810e-03,-5.949763742927401955e-01,1.458988262613725162e-02,-5.184099940106909887e-01,-9.999911124378108029e-01,-8.549402539218619035e-01,7.170438365076110543e-01,8.309381635301460456e-01,-9.049967456728791326e-01,-9.359097513598705342e-01,-6.352266044745155105e-01,-8.677571305256237544e-01,-1.000000000000000000e+00,-7.204996336183804306e-01,-9.445285566560858159e-01,-7.264309976240429512e-01
5.692276223682872782e-01,-3.636753196767253948e-01,-4.408754880347028893e-01,-2.038143417944663360e-01,-8.760341378773438548e-01,-1.000000000000000000e+00,-6.105514856791249834e-01,-6.778697251256611267e-01,-1.739291747944683442e-01,-9.027518512709035159e-01,-2.508488980546493829e-01,-1.232814326167565033e-01,-3.238736392958819765e-01,-2.519067453403482926e-01,-5.547607703959810399e-01,-9.999645269804423586e-01,1.792429271260731483e-02,-5.584397462998216266e-01,-8.772521182859162048e-01,-8.271463996998091872e-01,2.375207305350435227e-02,-5.522492278878792238e-01,-2.579489650055686312e-01,-8.804514892870424214e-01,-9.999693625208169179e-01,-4.278859775792013265e-01,-4.605886457935779443e-01,-7.657123938473058278e-01,-4.020129074780058875e-01,-7.811292350464558165e-01,-5.646933274632550681e-01,-4.454789779692498453e-01,-9.811895900954130667e-01,-9.987194195155096876e-01,-9.283228588682630456e-01,-3.313971945964093724e-01,-8.021792810617198732e-01,-1.845883991445513850e-01,-4.746862459032771264e-01,-9.755857728855350519e-01,-2.541591782449291737e-01,-9.635456788647218662e-01,-9.999562494341077690e-01,-7.496935939320614750e-01,-8.303231136532535084e-01,-8.706146369095606463e-01,-7.767749845023312893e-01,-9.403280429664278017e-01,-3.079942113602405218e-01,-6.790449346979920975e-01,-7.605157206515500423e-01,-9.999914183280772528e-01,-3.804499459130237238e-01,-5.921878142988494798e-01,-8.358129723512444098e-01,-1.253745471685427937e-01,-2.966237062561138949e-02,-6.197125726354772990e-01,-2.591973967678951052e-02,-5.657747683536001881e-01,-9.999936410821305133e-01,-8.689955659288410850e-01,7.459854965951466799e-01,7.927284026635970093e-01,-8.918598132035928661e-01,-9.276670060727019163e-01,-6.203478194309587357e-01,-8.536591662503788536e-01,-1.000000000000000000e+00,-6.799873232901383346e-01,-9.370998879731402553e-01,-7.028589870392853989e-01
5.177580509271153542e-01,-3.131534550706753794e-01,-4.085592440649417068e-01,-1.772663698238177155e-01,-8.610454894881637289e-01,-1.000000000000000000e+00,-5.595707919473228431e-01,-6.488999956400771651e-01,-1.252400466269837365e-01,-9.146228127477464831e-01,-2.173230132779390145e-01,-1.441536179039371035e-01,-3.498757148757151159e-01,-2.123621790976497614e-01,-5.896740082081787238e-01,-9.999739580670421457e-01,2.949480918801361540e-02,-5.326762568732086311e-01,-8.899893176074150647e-01,-8.082306502752285571e-01,-6.442208314698105731e-03,-5.204426461490345712e-01,-2.218747360152316661e-01,-8.960835922640985052e-01,-9.999761663250282817e-01,-4.575763463130261277e-01,-4.289698314527979894e-01,-7.845453933332610097e-01,-3.698159243585767975e-01,-7.614415237418523663e-01,-5.265931132140839743e-01,-4.057129503219940592e-01,-9.845071051115402705e-01,-9.989192837244115220e-01,-9.185012263562568613e-01,-3.228099542443115810e-01,-8.184448084202347040e-01,-1.478857989174037213e-01,-4.460975501585928704e-01,-9.718794102776311394e-01,-2.147766080783520826e-01,-9.686990975592651987e-01,-9.999664045541762913e-01,-7.293755780199366878e-01,-8.140723538430505446e-01,-8.842206167505047842e-01,-7.572813699124207876e-01,-9.331895929004205836e-01,-2.899884589020488290e-01,-6.487117486801641242e-01,-7.859452387380753136e-01,-9.999934951123627958e-01,-3.514430788731033317e-01,-5.598133219027801033e-01,-8.509367129021019327e-01,-1.267172422127957887e-01,-5.451876914263731333e-02,-6.438961484654841527e-01,-6.729923127348447220e-02,-6.103649596061442306e-01,-9.999954721801376234e-01,-8.820333395878087179e-01,7.706460493727333994e-01,7.513599411037799047e-01,-8.772521479530424049e-01,-9.185781075869322576e-01,-6.059515233912250443e-01,-8.384995552435758892e-01,-1.000000000000000000e+00,-6.353658462538551710e-01,-9.288373353495892326e-01,-6.779147873377459055e-01
4.648267801723846571e-01,-2.605908684175957113e-01,-3.762083387028057890e-01,-1.520701833492957844e-01,-8.447491519435124108e-01,-1.000000000000000000e+00,-5.043131429831786416e-01,-6.183183401634393395e-01,-7.584357688567755496e-02,-9.252515956092616234e-01,-1.842894381173160179e-01,-1.665314940328126436e-01,-3.766000090001063727e-01,-1.726239947363399363e-01,-6.236691134878814546e-01,-9.999809737365902285e-01,3.863756703407639215e-02,-5.067011177162568103e-01,-9.016126299423510293e-01,-7.878469101845103628e-01,-3.844635024908638066e-02,-4.876748823871094318e-01,-1.859003001860215498e-01,-9.101062887230947362e-01,-9.999815138195641273e-01,-4.869390404113721482e-01,-3.970113887430465338e-01,-8.021826668878990763e-01,-3.384846936366933123e-01,-7.406731482361886831e-01,-4.867257704008706165e-01,-3.649293681620401353e-01,-9.873009240776282613e-01,-9.990897677117912545e-01,-9.076224321941344098e-01,-3.153835127506172675e-01,-8.336352553494138506e-01,-1.115484774505453025e-01,-4.173940742545311222e-01,-9.676899250587109869e-01,-1.758371251597791174e-01,-9.732526114077165724e-01,-9.999742857005718966e-01,-7.080329575718159463e-01,-7.967012441565857195e-01,-8.966251789274632955e-01,-7.367294292260878619e-01,-9.253641155147980246e-01,-2.731919731118803707e-01,-6.167435380125686484e-01,-8.095949150268080263e-01,-9.999950851463859092e-01,-3.228026526784648631e-01,-5.259955968557552541e-01,-8.649152453548329955e-01,-1.302411316422582566e-01,-8.120229532711464859e-02,-6.674366882595150763e-01,-1.092964712651044445e-01,-6.520585346881956346e-01,-9.999967915129174267e-01,-8.940827611910151518e-01,7.908310706667696088e-01,7.070894723920559954e-01,-8.610627468307121557e-01,-9.085873966038531258e-01,-5.921370204960919592e-01,-8.222552728455672089e-01,-1.000000000000000000e+00,-5.865216853164469946e-01,-9.196711252684494076e-01,-6.515894350078501596e-01
4.107073833837437959e-01,-2.061218285125310246e-01,-3.440159204469416254e-01,-1.284021725105072287e-01,-8.271036122344541663e-01,-1.000000000000000000e+00,-4.448073053004972799e-01,-5.861502163281910871e-01,-2.593736933337986716e-02,-9.347378449540664214e-01,-1.519337036677371744e-01,-1.902701565042019816e-01,-4.038728618772362555e-01,-1.328691537570295678e-01,-6.565086958883701307e-01,-9.999861662844545807e-01,4.528542047406602933e-02,-4.806422148799216476e-01,-9.121933712516931969e-01,-7.659607250299412806e-01,-7.202607566701457742e-02,-4.540517972556392667e-01,-1.501978451910576107e-01,-9.226109449403774310e-01,-9.999857037750772282e-01,-5.158572220182464640e-01,-3.648591150793573101e-01,-8.186678514600922441e-01,-3.083139038635435147e-01,-7.188452145904546953e-01,-4.451957149901010213e-01,-3.233016430069953762e-01,-9.896410267256963156e-01,-9.992348821548714399e-01,-8.956177048270247409e-01,-3.091585669861339758e-01,-8.477948069705605327e-01,-7.576055084118515914e-02,-3.887154433278312560e-01,-9.629674667615757411e-01,-1.376066024189834813e-01,-9.772530895727866707e-01,-9.999803814748255970e-01,-6.856797832164913675e-01,-7.781830382527078482e-01,-9.079050993947650472e-01,-7.151342165269662932e-01,-9.168081473154938710e-01,-2.577119562158413091e-01,-5.832058314460921711e-01,-8.314464989699339448e-01,-9.999962984460050164e-01,-2.946938570432723337e-01,-4.907905446117395432e-01,-8.778072071495035544e-01,-1.359201659436578558e-01,-1.095210454662604027e-01,-6.902546601971633056e-01,-1.516656071678228468e-01,-6.907858088738791924e-01,-9.999977373545961834e-01,-9.051782624019865109e-01,8.063797124692941853e-01,6.601867106568894972e-01,-8.431800342419044636e-01,-8.976398495741827466e-01,-5.790024001414522115e-01,-8.049102946823036842e-01,-1.000000000000000000e+00,-5.333909284740186996e-01,-9.095289394894509050e-01,-6.238820974797434360e-01
3.556709827863657747e-01,-1.499066447641584920e-01,-3.121841139174230673e-01,-1.064318171797306034e-01,-8.080764733196237337e-01,-1.000000000000000000e+00,-3.811507336840921356e-01,-5.524362474818134139e-01,2.426617526874097486e-02,-9.431775380950236931e-01,-1.204440521189582558e-01,-2.152190976763952435e-01,-4.315235943516025907e-01,-9.328363555992880141e-02,-6.879914979165263622e-01,-9.999899901175863803e-01,4.938900690591019327e-02,-4.546351528076205684e-01,-9.218014926754281024e-01,-7.425475111670771788e-01,-1.069420500305237054e-01,-4.196931696013612711e-01,-1.149455972387450897e-01,-9.336967868766187229e-01,-9.999889766571046223e-01,-5.442235971086922808e-01,-3.326684090256607496e-01,-8.340463039751911944e-01,-2.795984803453406276e-01,-6.959895031817477928e-01,-4.021319262611918743e-01,-2.810225092028032501e-01,-9.915905788295525936e-01,-9.993581408662890464e-01,-8.824204538718841695e-01,-3.041696235779437485e-01,-8.609685858896262145e-01,-4.071014756899871134e-02,-3.602082789580076660e-01,-9.576590553993576949e-01,-1.003572055520987050e-01,-9.807478294615170622e-01,-9.999850804701547746e-01,-6.623379980367070097e-01,-7.584962845949130283e-01,-9.181359134397093502e-01,-6.925200655884229395e-01,-9.074783848699775612e-01,-2.436489578126855848e-01,-5.481858588251180553e-01,-8.515082421214951180e-01,-9.999972211823104917e-01,-2.672849646225990972e-01,-4.542686591126254836e-01,-8.896713756360303815e-01,-1.437124135824757731e-01,-1.392759512783536824e-01,-7.122815210806423547e-01,-1.941693354383926540e-01,-7.265251172726001627e-01,-9.999984120475319260e-01,-9.153586050105616545e-01,8.171667611866584302e-01,6.109316332654310955e-01,-8.234931394572937435e-01,-8.856817793676385886e-01,-5.666434145495615748e-01,-7.864565017190726648e-01,-1.000000000000000000e+00,-4.759672657118827477e-01,-8.983362919542781100e-01,-5.948007750167410013e-01
2.999840381515845866e-01,-9.213189724591108742e-02,-2.809221037093601048e-01,-8.631973382918534110e-02,-7.876459572797546160e-01,-1.000000000000000000e+00,-3.135159016088301387e-01,-5.172331069226813183e-01,7.454101865982765140e-02,-9.506624592052035361e-01,-9.000972944238327944e-02,-2.412238014408012443e-01,-4.593862211457144795e-01,-5.406119318211244362e-02,-7.179529419484220742e-01,-9.999927918540050253e-01,5.091730781898151648e-02,-4.288222491233661948e-01,-9.305051698825209661e-01,-7.175938966136731212e-01,-1.429527015711522520e-01,-3.847324091218478070e-01,-8.032649111084555482e-02,-9.434680363976196693e-01,-9.999915253321237651e-01,-5.719408637484900693e-01,-3.006032346161823243e-01,-8.483646794380245160e-01,-2.526289236088629098e-01,-6.721490464331063563e-01,-3.576883585833339207e-01,-2.383030591477005578e-01,-9.932060873457380090e-01,-9.994626143246702066e-01,-8.679674528678990031e-01,-3.004447147296457343e-01,-8.732023008582250334e-01,-6.587893357451690690e-03,-3.320251070266336813e-01,-9.517086890791163212e-01,-6.436434820603564866e-02,-9.837836577844619734e-01,-9.999886905702654039e-01,-6.380378799243302534e-01,-7.376255272857381584e-01,-9.273914194007185641e-01,-6.689211347188781520e-01,-8.973321239307090469e-01,-2.310958345299760630e-01,-5.117933300335715252e-01,-8.698117105801708160e-01,-9.999979205994677933e-01,-2.407457618196824356e-01,-4.165154640088560845e-01,-9.005662450910046912e-01,-1.535606078719427003e-01,-1.702631089635610051e-01,-7.334596732187560475e-01,-2.365809645443025522e-01,-7.592978684534900102e-01,-9.999988909197708997e-01,-9.246660004640326891e-01,8.231042276075046793e-01,5.596116813050628913e-01,-8.018933376156978099e-01,-8.726616069296275757e-01,-5.551523553715050907e-01,-7.668945685750430119e-01,-1.000000000000000000e+00,-4.143095817134897496e-01,-8.860169842680374330e-01,-5.643629756241884676e-01
2.439062694496623163e-01,-3.301034411356262854e-02,-2.504440272840927628e-01,-6.821579653575715607e-02,-7.658024040694308976e-01,-1.000000000000000000e+00,-2.421554949655967404e-01,-4.806142728043896195e-01,1.246488500656213194e-01,-9.572797951394158567e-01,-6.081921150027569389e-02,-2.681273375788952862e-01,-4.873010227746953360e-01,-1.540197466610115917e-02,-7.462647867756536657e-01,-9.999948343830830089e-01,4.985798231726601415e-02,-4.033513972622204680e-01,-9.383704544512825318e-01,-6.910990423467358035e-01,-1.798169687279804752e-01,-3.493160861210168333e-01,-4.652674205676332608e-02,-9.520313397509987396e-01,-9.999935039547437343e-01,-5.989220193825595118e-01,-2.688349337058542066e-01,-8.616705341937244134e-01,-2.276865410879813645e-01,-6.473786084768675675e-01,-3.120440079057791305e-01,-1.953714597908966510e-01,-9.945376712178291001e-01,-9.995509786718653755e-01,-8.522001247437278604e-01,-2.980051761779409780e-01,-8.845419208956517565e-01,2.641467890253657025e-02,-3.043231491178520765e-01,-9.450575100773481729e-01,-2.990347240125501571e-02,-9.864061780145687575e-01,-9.999914547923161035e-01,-6.128184349193862568e-01,-7.155620118694798748e-01,-9.357432549646038655e-01,-6.443818805046275244e-01,-8.863277460485164960e-01,-2.201367841776004086e-01,-4.741609197486574834e-01,-8.864084428316072461e-01,-9.999984489780801011e-01,-2.152459067096720302e-01,-3.776318164132380639e-01,-9.105496466713243198e-01,-1.653928823156810557e-01,-2.022760961914090716e-01,-7.537422821068744394e-01,-2.786862382866964749e-01,-7.891631832725930495e-01,-9.999992291099305541e-01,-9.331452750778479466e-01,8.241424395361807154e-01,5.065189574309565401e-01,-7.782756521879792277e-01,-8.585307010464086064e-01,-5.446169483604296202e-01,-7.462348199537514049e-01,-1.000000000000000000e+00,-3.485488656146539244e-01,-8.724936446758615460e-01,-5.325963546957621642e-01
1.876887354541940667e-01,2.721951098350117171e-02,-2.209667064949363269e-01,-5.225736405700664999e-02,-7.425497369962690275e-01,-1.000000000000000000e+00,-1.674061865789664427e-01,-4.426706339234182108e-01,1.743406450621622916e-01,-9.631118430480117842e-01,-3.305838841450625676e-02,-2.957719326395651382e-01,-5.151159569443372055e-01,2.248897494065849045e-02,-7.728339846227971766e-01,-9.999963159605987917e-01,4.621746803567683415e-02,-3.783748096609967915e-01,-9.454609846738962764e-01,-6.630759211529935193e-01,-2.172969315794096579e-01,-3.136032763391114475e-01,-1.373433674724888753e-02,-9.594935151760284331e-01,-9.999950353137532222e-01,-6.250905309610815808e-01,-2.375408984005693558e-01,-8.740119558489785057e-01,-2.050386814202886931e-01,-6.217450528120376241e-01,-2.654026079316554876e-01,-1.524713555307890545e-01,-9.956294190894368068e-01,-9.996255603715344940e-01,-8.350659195461593853e-01,-2.968654901616177844e-01,-8.950333755966746185e-01,5.810677374999606570e-02,-2.772630114997035600e-01,-9.376440362633789993e-01,2.753292510376370572e-03,-9.886591616651450032e-01,-9.999935642330219920e-01,-5.867277347626391748e-01,-6.923043892963012258e-01,-9.432605433107794646e-01,-6.189574496166263540e-01,-8.744252525433892087e-01,-2.108464693132704459e-01,-4.354444262682070077e-01,-9.013665617997865809e-01,-9.999988468153957477e-01,-1.909532375085143396e-01,-3.377340617516921828e-01,-9.196784111107494386e-01,-1.791236810536639412e-01,-2.351082402020326922e-01,-7.730929675265044709e-01,-3.202849025344506328e-01,-8.162123121559298200e-01,-9.999994667567235762e-01,-9.408430898080137883e-01,8.202706177014267297e-01,4.519474596779766706e-01,-7.525406137018437747e-01,-8.432442820095702452e-01,-5.351192852522048682e-01,-7.244980394891746833e-01,-1.000000000000000000e+00,-2.788941488474312447e-01,-8.576883550734413220e-01,-4.995393113522459405e-01
1.315720870549652588e-01,8.829420338942606250e-02,-1.927072518605551510e-01,-3.856764337863094472e-02,-7.179068640602388474e-01,-1.000000000000000000e+00,-8.969072778622777520e-02,-4.035109281157622796e-01,2.233584029730162346e-01,-9.682358196133716843e-01,-6.908733394291544094e-03,-3.240004952587306475e-01,-5.426878941990518346e-01,5.940331348076743900e-02,-7.976008466959029208e-01,-9.999973852567511923e-01,4.002084850441023356e-02,-3.540476569527672979e-01,-9.518377526469611327e-01,-6.335525302076233656e-01,-2.551602879577206107e-01,-2.777647221006068756e-01,1.786253768071333070e-02,-9.659596327137235372e-01,-9.999962168788588679e-01,-6.503803737128379669e-01,-2.069031186027527891e-01,-8.854372209564097540e-01,-1.849340845076464790e-01,-5.953275852377963862e-01,-2.179919372970988700e-01,-1.098599693352622086e-01,-9.965198079930763786e-01,-9.996883767474767923e-01,-8.165197709591974773e-01,-2.970331952992651958e-01,-9.047222820235593099e-01,8.830001044548541067e-02,-2.510072880307516741e-01,-9.294044648486146087e-01,3.334053459368524486e-02,-9.905840767884463993e-01,-9.999951685995347450e-01,-5.598231924894719880e-01,-6.678594110223250446e-01,-9.500096056644533604e-01,-5.927139786578372593e-01,-8.615868452128813137e-01,-2.032892437227321603e-01,-3.958225777680656199e-01,-9.147674382291319795e-01,-9.999991453661012386e-01,-1.680320565641858499e-01,-2.969540302457027714e-01,-9.280080734751372518e-01,-1.946548279639478407e-01,-2.685548023463751877e-01,-7.914853820987469701e-01,-3.611920040844673885e-01,-8.405630084304380745e-01,-9.999996329197333722e-01,-9.478072214659742922e-01,8.115169257184124962e-01,3.961903881982971054e-01,-7.245961663267024289e-01,-8.267623836182524943e-01,-5.267348116298895544e-01,-7.017162150533358123e-01,-1.000000000000000000e+00,-2.056371823285665368e-01,-8.415233701487578877e-01,-4.652415338192557037e-01
7.578501066543186226e-02,1.499264497411381125e-01,-1.658805775095786306e-01,-2.725421786764947729e-02,-6.919089828970463874e-01,-1.000000000000000000e+00,-9.518124475233813442e-03,-3.632619969551154071e-01,2.714370439538067448e-01,-9.727237612633611308e-01,1.745451696853139723e-02,-3.526580753333525831e-01,-5.698836666980514609e-01,9.513108384277502161e-02,-8.205366368533991706e-01,-9.999981531330310869e-01,3.131149031461766263e-02,-3.305266210620702028e-01,-9.575589240853081829e-01,-6.025730130184338007e-01,-2.931826395875579694e-01,-2.419818143773527774e-01,4.807710599533043805e-02,-9.715314270357056081e-01,-9.999971257573442296e-01,-6.747359461601167840e-01,-1.771066224428724523e-01,-8.959944811859184011e-01,-1.675984607321923114e-01,-5.682178609007442205e-01,-1.700627262454652566e-01,-6.780592059599521715e-02,-9.972421602586430955e-01,-9.997411726367647633e-01,-7.965256151438633303e-01,-2.985088642429026828e-01,-9.136536982782422767e-01,1.168101101587355473e-01,-2.257190953387988586e-01,-9.202730554622149395e-01,6.160296692691047404e-02,-9.922197439402734576e-01,-9.999963847372539405e-01,-5.321717706213040522e-01,-6.422426081189245295e-01,-9.560537362500622915e-01,-5.657287930714502977e-01,-8.477775526678522633e-01,-1.975184935983165246e-01,-3.554964654487048348e-01,-9.267024887701101887e-01,-9.999993686635847423e-01,-1.466414158635548359e-01,-2.554388677908721039e-01,-9.355926188585262926e-01,-2.118767352744899135e-01,-3.024150472247134624e-01,-8.089026923482035558e-01,-4.012389158904666742e-01,-8.623540150963167061e-01,-9.999997485228855343e-01,-9.540859103218853887e-01,7.979479952880730309e-01,3.395375595955774095e-01,-6.943597106035018784e-01,-8.090508666105133972e-01,-5.195313887294452648e-01,-6.779332046408483858e-01,-1.000000000000000000e+00,-1.291555758888446315e-01,-8.239219322562499892e-01,-4.297644867296737115e-01
2.054287358430317845e-02,2.118066476646729424e-01,-1.406968676897498716e-01,-1.840776521535048005e-02,-6.646087563731105652e-01,-1.000000000000000000e+00,7.251829174500779018e-02,-3.220688428316762497e-01,3.183064437489808718e-01,-9.766425045200493038e-01,3.986414370880586588e-02,-3.815932383169038378e-01,-5.965809231574233928e-01,1.294624569692017779e-01,-8.416407190027859198e-01,-9.999987017964691027e-01,2.015045765953371593e-02,-3.079683822017692529e-01,-9.626797069743673330e-01,-5.701986663237308406e-01,-3.311495588401436319e-01,-2.064454037155901700e-01,7.672563712207880471e-02,-9.763060336790263527e-01,-9.999978227405593723e-01,-6.981118705132243196e-01,-1.483378297701635207e-01,-9.057314783516370316e-01,-1.532304093177024873e-01,-5.405199461533307659e-01,-1.218871590974174302e-01,-2.658678471440978353e-02,-9.978251192249837365e-01,-9.997854534032517559e-01,-7.750579525254415181e-01,-3.012861489174997187e-01,-9.218719035732041434e-01,1.434585697603245613e-01,-2.015605602545135211e-01,-9.101825995034013017e-01,8.729877558892518152e-02,-9.936021075488863374e-01,-9.999973035049516401e-01,-5.038501173513854070e-01,-6.154789472814736762e-01,-9.614530351956110943e-01,-5.380904973862543628e-01,-8.329659006999533544e-01,-1.935761032104530432e-01,-3.146885900145105497e-01,-9.372701771423448402e-01,-9.999995351210951844e-01,-1.269334304895806120e-01,-2.133506964311924214e-01,-9.424842675260953762e-01,-2.306697302849270992e-01,-3.364941680129591717e-01,-8.253369779706044573e-01,-4.402740882703953806e-01,-8.817397990644659789e-01,-9.999998285503879369e-01,-9.597272772136768992e-01,7.796679381838844680e-01,2.822729606433678207e-01,-6.617602672403761765e-01,-7.900824753009791923e-01,-5.135684458800731100e-01,-6.532053073499852758e-01,-1.000000000000000000e+00,-4.991414658730342069e-02,-8.048091850813707815e-01,-3.931818339089669934e-01
-3.395342043814442157e-02,2.736047259403666665e-01,-1.173590377525337569e-01,-1.210098678988658083e-02,-6.360773259404740587e-01,-1.000000000000000000e+00,1.557450319594797516e-01,-2.800944772438596075e-01,3.636935813660933103e-01,-9.800537356931284805e-01,6.016266096397893115e-02,-4.106593380719625319e-01,-6.226687870970397665e-01,1.621895129745869468e-01,-8.609373846329625435e-01,-9.999990918677252871e-01,6.615715861827409228e-03,-2.865280614588617825e-01,-9.672522649509984749e-01,-5.365088079927480269e-01,-3.688584123868449138e-01,-1.713544512310509749e-01,1.036290741540204507e-01,-9.803750305972191992e-01,-9.999983555940155089e-01,-7.204726888663042228e-01,-1.207828408705514667e-01,-9.146952883338280715e-01,-1.419977788205627478e-01,-5.123501280438178540e-01,-7.375697706761619177e-02,1.351357449742907058e-02,-9.982931276797987197e-01,-9.998225145622250398e-01,-7.521034304260874048e-01,-3.053518920938725900e-01,-9.294202043683621461e-01,1.680742989339303328e-01,-1.786912806980505142e-01,-8.990649825942809148e-01,1.102028455614543212e-01,-9.947641091209360464e-01,-9.999979952931948857e-01,-4.749446270510324641e-01,-5.876034567594199398e-01,-9.662642946212463002e-01,-5.098989505140537615e-01,-8.171246246121253165e-01,-1.914920526539670709e-01,-2.736415156255989078e-01,-9.465732712660261949e-01,-9.999996587947874715e-01,-1.090516463049880924e-01,-1.708661022067229363e-01,-9.487332976910544113e-01,-2.509054770397339817e-01,-3.706050434878647160e-01,-8.407885652611276628e-01,-4.781635307910480082e-01,-8.988856416828500118e-01,-9.999998836748295039e-01,-9.647788115898134897e-01,7.568168666243746401e-01,2.246724697739210796e-01,-6.267407435472045485e-01,-7.698379279465716873e-01,-5.088962385916052655e-01,-6.276017247193597104e-01,-1.000000000000000000e+00,3.153574145223503322e-02,-7.841131885697935067e-01,-3.555797909859422790e-01
-8.751836079473129804e-02,3.349723316888715274e-01,-9.606023350820203088e-02,-8.387765931576973699e-03,-6.064051307202673602e-01,-1.000000000000000000e+00,2.394149281757109726e-01,-2.375195521879975846e-01,4.073247726878939101e-01,-9.830140993909792790e-01,7.820394007860032026e-02,-4.397156741395709112e-01,-6.480483194750534803e-01,1.931080367863580172e-01,-8.784724830117205396e-01,-9.999993678024693411e-01,-9.198860751896797971e-03,-2.663576418683938352e-01,-9.713256711668132315e-01,-5.016014829523680607e-01,-4.061199240040342939e-01,-1.369145339427640939e-01,1.286146398934797652e-01,-9.838237604453943241e-01,-9.999987617217733771e-01,-7.417924666275769185e-01,-9.462568410196547930e-02,-9.229320936332403580e-01,-1.340345623103805783e-01,-4.838365665924424519e-01,-2.598119443971846909e-02,5.220786302132296441e-02,-9.986668961676108403e-01,-9.998534682676769592e-01,-7.276624219645648761e-01,-3.106863029983905067e-01,-9.363407659167858332e-01,1.904951978471773888e-01,-1.572667819687174617e-01,-8.868518467518081705e-01,1.301098036691923365e-01,-9.957356479383341341e-01,-9.999985144345656662e-01,-4.455514224121591704e-01,-5.586618154665811131e-01,-9.705409329428286158e-01,-4.812651213981925524e-01,-8.002314209876417728e-01,-1.912841528680816472e-01,-2.326161336679992697e-01,-9.547163939720845205e-01,-9.999997503759062711e-01,-9.312948737329207471e-02,-1.281754508033413620e-01,-9.543879038496111411e-01,-2.724484685697060593e-01,-4.045698065604180771e-01,-8.552653105721802484e-01,-5.147910342300969777e-01,-9.139631685990936560e-01,-9.999999214568620065e-01,-9.692869303885633947e-01,7.295689530898727959e-01,1.670017708897755249e-01,-5.892602808165582351e-01,-7.483070301894277909e-01,-5.055552252459725171e-01,-6.012048987433551428e-01,-1.000000000000000000e+00,1.145590152579236687e-01,-7.617660369770377082e-01,-3.170574030409237798e-01
-1.399825436936756873e-01,3.955453347876223269e-01,-7.698141274900305309e-02,-7.302568223576222373e-03,-5.757025019598746018e-01,-1.000000000000000000e+00,3.227159192685895572e-01,-1.945417698036491227e-01,4.489279614035666111e-01,-9.855753557628883499e-01,9.385471809079515282e-02,-4.686285219010674075e-01,-6.726327904886377773e-01,2.220193043966591784e-01,-8.943099686872426624e-01,-9.999995620226515003e-01,-2.718465789921709064e-02,-2.476043915694177144e-01,-9.749458983336506401e-01,-4.655939856400289623e-01,-4.427594648597678040e-01,-1.033362215034621112e-01,1.515173960874438563e-01,-9.867309044473094870e-01,-9.999990703155725580e-01,-7.620543153510104251e-01,-7.004654713597779914e-02,-9.304869840223890520e-01,-1.294384062874907038e-01,-4.551187874934305988e-01,2.111655046017824056e-02,8.920836413098154338e-02,-9.989638512951308780e-01,-9.998792669106169040e-01,-7.017505744942820201e-01,-3.172631936612027026e-01,-9.426744683644869838e-01,2.105696536481611592e-01,-1.374369906476821113e-01,-8.734753586098912281e-01,1.468368208716352985e-01,-9.965436147544241008e-01,-9.999989027130833374e-01,-4.157762565604029570e-01,-5.287108988582766012e-01,-9.743329723237219575e-01,-4.523108219983619227e-01,-7.822697359375652137e-01,-1.929579206358223997e-01,-1.918895471745716286e-01,-9.618038904102728104e-01,-9.999998179669771226e-01,-7.928880726866238682e-02,-8.548203408186882957e-02,-9.594940883894850225e-01,-2.951575646509230211e-01,-4.382212086794791128e-01,-8.687818492580605678e-01,-5.500581462386580078e-01,-9.271463767686912716e-01,-9.999999472238179088e-01,-9.732966063139716351e-01,6.981300692623368942e-01,1.095144798793350471e-01,-5.492966578374381958e-01,-7.254897998560041472e-01,-5.035755729751800747e-01,-5.741107142556731713e-01,-1.000000000000000000e+00,1.984420203462760046e-01,-7.377050812442377259e-01,-2.777267434253303247e-01
-1.911931722408163337e-01,4.549466237446200267e-01,-6.028905154787433940e-02,-8.860091980164241932e-03,-5.441000049914186398e-01,-1.000000000000000000e+00,4.047820649661546533e-01,-1.513750688351251927e-01,4.882350376414250626e-01,-9.877845769686857125e-01,1.069959684990688942e-01,-4.972720268494612572e-01,-6.963477686885017892e-01,2.487318360251178362e-01,-9.085284698142409576e-01,-9.999996980444471051e-01,-4.721964567717618078e-02,-2.304093127884857539e-01,-9.781558406694973451e-01,-4.286231794300415787e-01,-4.786180656389994459e-01,-7.083334380992589718e-02,1.721817353978452037e-01,-9.891682759088263888e-01,-9.999993040815449152e-01,-7.812498475941036524e-01,-4.722001693541200140e-02,-9.374037845147160652e-01,-1.282687962448412211e-01,-4.263470154508414156e-01,6.720097990486140205e-02,1.242300500557653731e-01,-9.991985568601634560e-01,-9.999007240707296074e-01,-6.744002990908137818e-01,-3.250502717687958620e-01,-9.484607863788580007e-01,2.281579355698479805e-01,-1.193447480785148063e-01,-8.588690896481316894e-01,1.602261209240456452e-01,-9.972119843805409278e-01,-9.999991921449286059e-01,-3.857343344856682954e-01,-4.978192755602927067e-01,-9.776870542048099466e-01,-4.231683163365493883e-01,-7.632295864504574645e-01,-1.965065937288940079e-01,-1.517525952495213382e-01,-9.679380220417092007e-01,-9.999998676865349267e-01,-6.763856650494082245e-02,-4.300105313288493658e-02,-9.640955840305214242e-01,-3.188875499257181056e-01,-4.714037691502565020e-01,-8.813588248642840739e-01,-5.838839179972472593e-01,-9.386081926591958169e-01,-9.999999647093054111e-01,-9.768510629197461048e-01,6.627350513223368988e-01,5.245049981076532752e-02,-5.068487228079855411e-01,-7.013975904389344596e-01,-5.029768006808814640e-01,-5.464285550055201224e-01,-1.000000000000000000e+00,2.823999806922232736e-01,-7.118742562240851779e-01,-2.377130308244550516e-01
-2.410143484796615221e-01,5.127891618066071633e-01,-4.613301568376193540e-02,-1.305517224813623756e-02,-5.117485040696472254e-01,-1.000000000000000000e+00,4.847066283768299844e-01,-1.082485899076257585e-01,5.249841543600144433e-01,-9.896843740635542508e-01,1.175241148499159838e-01,-5.255289569860577270e-01,-7.191310385308002928e-01,2.730630932397037913e-01,-9.212179673178906292e-01,-9.999997928315048634e-01,-6.916983417750988128e-02,-2.149056399962261388e-01,-9.809953635458686927e-01,-3.908455958522799589e-01,-5.135531506841587435e-01,-3.962117096829975704e-02,1.904627864962054051e-01,-9.912008002532541884e-01,-9.999994806221399468e-01,-7.993785766156256134e-01,-2.631335346363439243e-02,-9.437249096590523134e-01,-1.305459635881728309e-01,-3.976813509363913424e-01,1.119284598155099175e-01,1.569937499057245667e-01,-9.993831029930460019e-01,-9.999185330551341178e-01,-6.456621712850506567e-01,-3.340094849388459686e-01,-9.537376911361767906e-01,2.431334703881415926e-01,-1.031243846434245492e-01,-8.429690139157649531e-01,1.701471485074623757e-01,-9.977619538557642720e-01,-9.999994071724828126e-01,-3.555500541074543275e-01,-4.660676491787926201e-01,-9.806464879226602926e-01,-3.939798060707893068e-01,-7.431084110677157462e-01,-2.019112838441901037e-01,-1.125070451493523915e-01,-9.732174854752096982e-01,-9.999999041383520471e-01,-5.827365588222743753e-02,-9.584459165113967671e-04,-9.682338045478353639e-01,-3.434906876790043695e-01,-5.039747031009124134e-01,-8.930221123712276388e-01,-6.162044422190224857e-01,-9.485175741639721991e-01,-9.999999765160166865e-01,-9.799915329615187520e-01,6.236446451370489807e-01,-3.965383759220619808e-03,-4.619388232413310647e-01,-6.760541997626929867e-01,-5.037675643457328878e-01,-5.182812046118485672e-01,-1.000000000000000000e+00,3.655867604925129299e-01,-6.842255125630782864e-01,-1.971546625487088367e-01
-2.893271658944501779e-01,5.686792673179903446e-01,-3.464463428613073770e-02,-1.986293665268112907e-02,-4.788189294213612834e-01,-1.000000000000000000e+00,5.615569887831224349e-01,-6.540542499154589073e-02,5.589220119138762488e-01,-9.913131462545247130e-01,1.253520707524087285e-01,-5.532913101465293249e-01,-7.409323600222266215e-01,2.948410983460678647e-01,-9.324766598570785048e-01,-9.999998585542511087e-01,-9.289083458932179127e-02,-2.012174096416751157e-01,-9.835013767754605674e-01,-3.524372991570455804e-01,-5.474389998015023462e-01,-9.914528589857973806e-03,2.062277144538049445e-01,-9.928866486309566586e-01,-9.999996135378454998e-01,-8.164472736612803372e-01,-7.484821415678966083e-03,-9.494912429832718104e-01,-1.362505390398033311e-01,-3.692907956770263844e-01,1.549505371497295059e-01,1.872293243042042477e-01,-9.995274605103197096e-01,-9.999332832475714694e-01,-6.156062124096723931e-01,-3.440974105959518914e-01,-9.585415733803408500e-01,2.553839823385357644e-01,-8.890037482485024789e-02,-8.257146281687997025e-01,1.764983572055951466e-01,-9.982121140057008679e-01,-9.999995663882186303e-01,-3.253566681850126319e-01,-4.335492401811434915e-01,-9.832513275772296613e-01,-3.648967947552044233e-01,-7.219119457149449914e-01,-2.091412625438958672e-01,-7.446248750125372684e-02,-9.777362446092674464e-01,-9.999999307740535803e-01,-5.127388267558719015e-02,4.041043026856128151e-02,-9.719478211651302324e-01,-3.688182455400019766e-01,-5.358046264066770314e-01,-9.038020481481706669e-01,-6.469722052705881854e-01,-9.570371499619843014e-01,-9.999999844486241463e-01,-9.827570757241905763e-01,5.811421897682280679e-01,-5.952466048800797438e-02,-4.146152010715586922e-01,-6.494969496384750407e-01,-5.059455868855127214e-01,-4.898045856165841316e-01,-1.000000000000000000e+00,4.471068184431763459e-01,-6.547203522821507526e-01,-1.562031628860489629e-01
-3.360296135301142906e-01,6.222200784075493374e-01,-2.593500863016728886e-02,-2.923920657700207482e-02,-4.455017304076172024e-01,-1.000000000000000000e+00,6.343910721210992421e-01,-2.310115964573555836e-02,5.898060822416906213e-01,-9.927053453024151652e-01,1.304100933271956642e-01,-5.804607757742255014e-01,-7.617130861668485187e-01,3.139059560979031716e-01,-9.424080737618172332e-01,-9.999999038969791254e-01,-1.182294988328975727e-01,-1.894581224165438060e-01,-9.857079276627680464e-01,-3.135935048045226381e-01,-5.801669483878240108e-01,1.807412763858362581e-02,2.193569007625777445e-01,-9.942774934497566885e-01,-9.999997133021589768e-01,-8.324692952831047599e-01,9.117896993144691820e-03,-9.547420402572047715e-01,-1.453239573815745533e-01,-3.413521345688109720e-01,1.959176816570118440e-01,2.146787967007139919e-01,-9.996397993396149984e-01,-9.999454744795392980e-01,-5.843230206121892145e-01,-3.552656850137335676e-01,-9.629071861717756198e-01,2.648124842842050075e-01,-7.678609136971115134e-02,-8.070501986522272686e-01,1.792085859539591652e-01,-9.985786435192077759e-01,-9.999996838835698565e-01,-2.952958690630290706e-01,-4.003701031832099799e-01,-9.855384725220088793e-01,-3.360793345361483553e-01,-6.996551201220924110e-01,-2.181543731263724251e-01,-3.793297725863986614e-02,-9.815826566830789801e-01,-9.999999501722207640e-01,-4.670313335838072177e-02,8.086224934968222477e-02,-9.752743619846634404e-01,-3.947219708436321417e-01,-5.667780402342522672e-01,-9.137326779597829685e-01,-6.761552779361232890e-01,-9.643213743778411562e-01,-9.999999897518181413e-01,-9.851844484679114222e-01,5.355301011169670833e-01,-1.140360035725045407e-01,-3.649543180885324034e-01,-6.217777217442227444e-01,-5.094977318777871300e-01,-4.611473320108885332e-01,-1.000000000000000000e+00,5.260291658053888320e-01,-6.233314662712736709e-01,-1.150230460880048433e-01
-3.810363051819919411e-01,6.730151590638022707e-01,-2.009358408175754285e-02,-4.112113257922200837e-02,-4.120060037752056870e-01,-1.000000000000000000e+00,7.022749200979176987e-01,1.839778039843209534e-02,6.174067457912575385e-01,-9.938917486829091930e-01,1.326464407343990182e-01,-6.069490532369652414e-01,-7.814456554769572127e-01,3.301112599476641041e-01,-9.511184613352673400e-01,-9.999999350229850092e-01,-1.450256102418779891e-01,-1.797295170848070001e-01,-9.876463101615750029e-01,-2.745279436899935588e-01,-6.116453409644835304e-01,4.413665374946607045e-02,2.297449898034353843e-01,-9.954188563312745819e-01,-9.999997879538399248e-01,-8.474638926230964042e-01,2.335918690673843834e-02,-9.595148551201386766e-01,-1.576695981772816557e-01,-3.140486839070623093e-01,2.344831772611757348e-01,2.390993920453146071e-01,-9.997267711979975768e-01,-9.999555296221429579e-01,-5.519247207999828930e-01,-3.674614646166417531e-01,-9.668676058762378789e-01,2.713381098666074465e-01,-6.688267480984100288e-02,-7.869261379400616097e-01,1.782380015443569832e-01,-9.988755161138318517e-01,-9.999997703000164107e-01,-2.655172988814825663e-01,-3.666493753753272689e-01,-9.875417871097346145e-01,-3.076951604787272476e-01,-6.763629698463324846e-01,-2.288975592787668711e-01,-3.233469189778626074e-03,-9.848388669269930729e-01,-9.999999642523577092e-01,-4.460872305865382081e-02,1.201472863936994262e-01,-9.782478318367310299e-01,-4.210554952840034337e-01,-5.967936019015904758e-01,-9.228510329380257282e-01,-7.037363704480775750e-01,-9.705151633557154156e-01,-9.999999932795182733e-01,-9.873080267529384946e-01,4.871262193492991166e-01,-1.673259306180412409e-01,-3.130630750724877620e-01,-5.929639345124382288e-01,-5.144002176617927802e-01,-4.324701928192720146e-01,-1.000000000000000000e+00,6.014030623712525170e-01,-5.900444710016117256e-01,-7.379159415408820255e-02
-4.242780490260077420e-01,7.206722016328859226e-01,-1.718700764521430280e-02,-5.542804874527296199e-02,-3.785582914312521918e-01,-1.000000000000000000e+00,7.643009634074213743e-01,5.881596410220790716e-02,6.415093165375764794e-01,-9.948997359605940005e-01,1.320278281900375550e-01,-6.326780311726871719e-01,-8.001129778606702603e-01,3.433253675785032932e-01,-9.587145157669335616e-01,-9.999999562828618682e-01,-1.731135979180618012e-01,-1.721204725955781667e-01,-9.893451867333580285e-01,-2.354719672711198530e-01,-6.417992569868342656e-01,6.807115143135322732e-02,2.373017913013872882e-01,-9.963505217770856071e-01,-9.999998436425370230e-01,-8.614555138898385422e-01,3.511686430898830480e-02,-9.638454855216586070e-01,-1.731546276773253679e-01,-2.875689177647281491e-01,2.703071048204210847e-01,2.602664353601167324e-01,-9.997937577194158099e-01,-9.999638055841054696e-01,-5.185457035199633191e-01,-3.806279123145936971e-01,-9.704542098967328112e-01,2.748967794705114986e-01,-5.927803220356853142e-02,-7.653005142713360520e-01,1.735785941537155708e-01,-9.991147128425792445e-01,-9.999998336447794012e-01,-2.361779883482834075e-01,-3.325194521333930675e-01,-9.892922356248536886e-01,-2.799187189759410055e-01,-6.520715584518472774e-01,-2.413074995470370077e-01,2.932389820999792285e-02,-9.875804424545152616e-01,-9.999999744382730427e-01,-4.502093829571862660e-02,1.580110920208903647e-01,-9.809003499813389038e-01,-4.476756507596768575e-01,-6.257641923752819135e-01,-9.311964419327802833e-01,-7.297117778678297029e-01,-9.757529679418153190e-01,-9.999999956144582924e-01,-9.891597681859500835e-01,4.362600840109971401e-01,-2.192392230153302757e-01,-2.590808865609467437e-01,-5.631394454558947826e-01,-5.206189656158430878e-01,-4.039452665348983729e-01,-1.000000000000000000e+00,6.722751129029493899e-01,-5.548597407310655871e-01,-3.269854998905907806e-02
-4.657012745761432981e-01,7.648067797619131358e-01,-1.725828758447411904e-02,-7.206252696249559886e-02,-3.454010478805458195e-01,-1.000000000000000000e+00,8.196065227167579348e-01,9.787095496003628270e-02,6.619159331851958150e-01,-9.957535636509863286e-01,1.285396806621692534e-01,-6.575798345026221403e-01,-8.177077327569320930e-01,3.534325332515537710e-01,-9.653014169212589257e-01,-9.999999707311584274e-01,-2.023242481008867832e-01,-1.667060525567424234e-01,-9.908307197717883819e-01,-1.966733921557999309e-01,-6.705700308718200997e-01,8.968387055364868132e-02,2.419530311852835514e-01,-9.971069930018517935e-01,-9.999998850572396902e-01,-8.744731103981606690e-01,4.428340161671662223e-02,-9.677679393549879494e-01,-1.916124891259680663e-01,-2.621049859975851382e-01,3.030603558477467097e-01,2.779760656658658569e-01,-9.998450859636138777e-01,-9.999706028878018182e-01,-4.843431240229200130e-01,-3.947047014821607469e-01,-9.736966696265858534e-01,2.754416960050938279e-01,-5.404597632805652196e-02,-7.421406946617046252e-01,1.652542223872663918e-01,-9.993064330513596882e-01,-9.999998799212739264e-01,-2.074417274567554870e-01,-2.981260860616372632e-01,-9.908180286595558162e-01,-2.529300977333379663e-01,-6.268289038764939258e-01,-2.553113351487236171e-01,5.943361263656976590e-02,-9.898762137048392473e-01,-9.999999817823442827e-01,-4.795277584497081858e-02,1.941962557137675294e-01,-9.832618031736576336e-01,-4.744436808732069855e-01,-6.536167938822006196e-01,-9.388098871267112067e-01,-7.540902417594828044e-01,-9.801582355135691760e-01,-9.999999971522103293e-01,-9.907692140614976495e-01,3.832691994886019415e-01,-2.696391134892042185e-01,-2.031815720502140321e-01,-5.324053630899125977e-01,-5.281100739571272795e-01,-3.757550683490712418e-01,-1.000000000000000000e+00,7.377073639237319291e-01,-5.177943302983503138e-01,8.054273294492597657e-03
-5.052673349601138897e-01,8.050461058016606941e-01,-2.032626535993742323e-02,-9.091160896683625481e-02,-3.127907832828520363e-01,-1.000000000000000000e+00,8.673920351865569423e-01,1.352754575043149110e-01,6.784472977731312859e-01,-9.964746346321751158e-01,1.221861841245734936e-01,-6.815967476300972550e-01,-8.342315984778312377e-01,3.603338874742709752e-01,-9.709812098393043600e-01,-9.999999805009905929e-01,-2.324863871810196603e-01,-1.635467032716249047e-01,-9.921267097433170701e-01,-1.583950860585412457e-01,-6.979145905241948000e-01,1.087910578838413578e-01,2.436409462131692294e-01,-9.977179697586285867e-01,-9.999999157614669620e-01,-8.865494555572199786e-01,5.076700175416060112e-02,-9.713144176179372424e-01,-2.128459727660443335e-01,-2.378511386759202262e-01,3.324286159769409554e-01,2.920477245963535307e-01,-9.998842137360409721e-01,-9.999761739816114270e-01,-4.494971344952412018e-01,-4.096285301939476264e-01,-9.766229570962997597e-01,2.729436696451550404e-01,-5.124551375633068506e-02,-7.174251216939304676e-01,1.533202136903477619e-01,-9.994592988770746311e-01,-9.999999136144234191e-01,-1.794783716171290955e-01,-2.636284057721048901e-01,-9.921447775338698705e-01,-2.269138656257185804e-01,-6.006959024016663706e-01,-2.708274774821023412e-01,8.680063145327099328e-02,-9.917882909266295677e-01,-9.999999870596608664e-01,-5.339987694194092693e-02,2.284442420681054298e-01,-9.853599117086150327e-01,-5.012263353260266729e-01,-6.802921937437657052e-01,-9.457334082830761712e-01,-7.768917534101531519e-01,-9.838432056312095275e-01,-9.999999981598814980e-01,-9.921635234335378639e-01,3.284953508012620205e-01,-3.184072547701659595e-01,-1.455750235924347935e-01,-5.008807523976639420e-01,-5.368204062390052878e-01,-3.480914341587256766e-01,-1.000000000000000000e+00,7.967959498120096296e-01,-4.788839822237582755e-01,4.825346618992076841e-02
-5.429517031967595608e-01,8.410327476203478536e-01,-2.638540384234222547e-02,-1.118481915363149781e-01,-2.809958938839127729e-01,-1.000000000000000000e+00,9.069384957431911864e-01,1.707395907725859363e-01,6.909442463040649240e-01,-9.970817589073264209e-01,1.129901407309115147e-01,-7.046810239202474513e-01,-8.496944313746059851e-01,3.639482575454699997e-01,-9.758515071869050539e-01,-9.999999870740423624e-01,-2.634285127872533216e-01,-1.626876135264994083e-01,-9.932547374856168787e-01,-1.209133002700759629e-01,-7.238046402361115739e-01,1.252207311897475250e-01,2.423247206386278663e-01,-9.982088313750800967e-01,-9.999999384545295023e-01,-8.977204851136975083e-01,5.449251011879652218e-02,-9.745153134164153963e-01,-2.366307834674661326e-01,-2.150020727237241802e-01,3.581162575097989187e-01,3.023263837123519870e-01,-9.999138874443040947e-01,-9.999807304335375235e-01,-4.142108246256609450e-01,-4.253336384870460840e-01,-9.792593637995038458e-01,2.673912736963774961e-01,-5.092028738823239919e-02,-6.911452222565421799e-01,1.378625349124356081e-01,-9.995805494435252569e-01,-9.999999380627540013e-01,-1.524630865617133679e-01,-2.291988506011743976e-01,-9.932956537133792452e-01,-2.020578312817838951e-01,-5.737472429123748885e-01,-2.877664808747912861e-01,1.111441972939304357e-01,-9.933722236582018805e-01,-9.999999908390680980e-01,-6.134065256733589599e-02,2.604972840809034462e-01,-9.872203061843366489e-01,-5.278968373612114018e-01,-7.057445326187061774e-01,-9.520095595245934295e-01,-7.981463226729981209e-01,-9.869089864729090333e-01,-9.999999988168852827e-01,-9.933675343237379218e-01,2.722810257510839271e-01,-3.654434851622189173e-01,-8.650860917423663921e-02,-4.687032176101324499e-01,-5.466882818958809231e-01,-3.211542672272496013e-01,-1.000000000000000000e+00,8.486898004645211380e-01,-4.381852102130269211e-01,8.767457926448485317e-02
-5.787430814501317577e-01,8.724282615719898271e-01,-3.540588962193091938e-02,-1.347325384200538378e-01,-2.502941972258490022e-01,-1.000000000000000000e+00,9.376236118674510234e-01,2.039732680888151073e-01,6.992691395726879922e-01,-9.975914032026813594e-01,1.009926364582607317e-01,-7.267945928121100074e-01,-8.641134127127594322e-01,3.642128255581189578e-01,-9.800044982450697439e-01,-9.999999914740170803e-01,-2.949803516167291972e-01,-1.641582412614104314e-01,-9.942343083984392926e-01,-8.451575685362611168e-02,-7.482257147020191512e-01,1.388143598580615645e-01,2.379807659870478709e-01,-9.986011115016021344e-01,-9.999999551744210846e-01,-9.080246658157429263e-01,5.540215696691919156e-02,-9.773992251273763143e-01,-2.627195134734988669e-01,-1.937512171907462832e-01,3.798500822064945215e-01,3.086844798362169406e-01,-9.999362753491527478e-01,-9.999844491380938116e-01,-3.787098482758345375e-01,-4.417523217334564656e-01,-9.816305302123131682e-01,2.587908365556472745e-01,-5.309817616329215451e-02,-6.633074445638462713e-01,1.189965560480223949e-01,-9.996762220413373257e-01,-9.999999557425469643e-01,-1.265755350878182695e-01,-1.950230171823267300e-01,-9.942915505328404624e-01,-1.785517295740802757e-01,-5.460723032645905528e-01,-3.060319656758103690e-01,1.322015645585639110e-01,-9.946772726587105318e-01,-9.999999935365726511e-01,-7.173659235086293773e-02,2.901003179764609641e-01,-9.888666128649712395e-01,-5.543357173676581873e-01,-7.299407168503013743e-01,-9.576809211475041383e-01,-8.178927349156984716e-01,-9.894458589540973126e-01,-9.999999992430983475e-01,-9.944038470355713866e-01,2.149659943912543003e-01,-4.106654090997178264e-01,-2.626827093314543227e-02,-4.360293459158923746e-01,-5.576442547448163811e-01,-2.951501350879136565e-01,-1.000000000000000000e+00,8.926089022412484475e-01,-3.957774492429206870e-01,1.260827623352172022e-01
-6.126424421455752833e-01,8.989167008816776328e-01,-4.733404140340347066e-02,-1.594138915254549316e-01,-2.209701949420984635e-01,-1.000000000000000000e+00,9.589361982163542297e-01,2.346886619813266517e-01,7.033070659393094726e-01,-9.980179275065117483e-01,8.625253257100151671e-02,-7.479086768411671304e-01,-8.775121800763763247e-01,3.610836233406227169e-01,-9.835262404015128190e-01,-9.999999944044299927e-01,-3.269743252781975862e-01,-1.679720092577093871e-01,-9.950829965499986551e-01,-4.949950164404715025e-02,-7.711761310678396653e-01,1.494284353595152215e-01,2.306028475964791991e-01,-9.989129541390718847e-01,-9.999999674548093465e-01,-9.175023984905796848e-01,5.345612583945080765e-02,-9.799929820600709052e-01,-2.908459205081019849e-01,-1.742889739094038992e-01,3.973828584663501307e-01,3.110235334775073301e-01,-9.999530790721348206e-01,-9.999874776560403467e-01,-3.432417170049176791e-01,-4.588154336593166516e-01,-9.837594845639213714e-01,2.471662772500136107e-01,-5.779105195537315165e-02,-6.339354175042981598e-01,9.686543751311349482e-02,-9.997513185553424941e-01,-9.999999684839769865e-01,-1.019990082423395394e-01,-1.612994133337024572e-01,-9.951512448836316027e-01,-1.565858452952508806e-01,-5.177760195438876334e-01,-3.255215767255691395e-01,1.497315770592586581e-01,-9.957467660312504520e-01,-9.999999954553348003e-01,-8.453274677822220085e-02,3.170029447832067859e-01,-9.903205456767872894e-01,-5.804315086891030928e-01,-7.528597155611649328e-01,-9.627896676829090783e-01,-8.361773166238981592e-01,-9.915337584109260582e-01,-9.999999995181962920e-01,-9.952929248765464143e-01,1.568840907921498218e-01,-4.540078125794014818e-01,3.482072283096626641e-02,-4.030349955645139426e-01,-5.696119643207948613e-01,-2.702907258013221847e-01,-1.000000000000000000e+00,9.278616006885846978e-01,-3.517652601412842861e-01,1.632334871461482706e-01
-6.446620193902790064e-01,9.202079618022707130e-01,-6.209301112282294977e-02,-1.857321535302912663e-01,-1.933120910001828729e-01,-1.000000000000000000e+00,9.704883820691641017e-01,2.626027328991793475e-01,7.029668512529665403e-01,-9.983738072090265758e-01,6.884579460578299503e-02,-7.680033314483185602e-01,-8.899199587801456257e-01,3.545358664957194428e-01,-9.864962044055322066e-01,-9.999999963461819741e-01,-3.592469082864545582e-01,-1.741261691243853882e-01,-9.958165870018437227e-01,-1.616853676551388563e-02,-7.926658654749618726e-01,1.569359172502335920e-01,2.202020638775019634e-01,-9.991595432916895447e-01,-9.999999764460684171e-01,-9.261954603531439290e-01,4.863294661334194302e-02,-9.823216809944637085e-01,-3.207294075252897780e-01,-1.568009303328408155e-01,4.104966010362041118e-01,3.092754314103918212e-01,-9.999656261297926729e-01,-9.999899387947640550e-01,-3.080747445286574626e-01,-4.764528731287334118e-01,-9.856676894723843674e-01,2.325587941859514896e-01,-6.499469111684941236e-02,-6.030722236786647539e-01,7.163817756805279657e-02,-9.998099562240790883e-01,-9.999999776348693636e-01,-7.891950296000516119e-02,-1.282391140875460689e-01,-9.958915568617807690e-01,-1.363495832211835124e-01,-4.889797177861248123e-01,-3.461279625241244773e-01,1.635180397553577247e-01,-9.966185141151419069e-01,-9.999999968154996699e-01,-9.965836995238730456e-02,3.409614048195122038e-01,-9.916020030335486179e-01,-6.060813045045172487e-01,-7.744917635433234970e-01,-9.673771922471865459e-01,-8.530527280157758074e-01,-9.932428877362147190e-01,-9.999999996948568670e-01,-9.960532079765255231e-01,9.836023541709182361e-02,-4.954219346137440638e-01,9.639341276101620615e-02,-3.699154116767632283e-01,-5.825090443079936620e-01,-2.467911740096634388e-01,-1.000000000000000000e+00,9.538604481163521775e-01,-3.062805739114630166e-01,1.988733552735433285e-01
-6.748242683801466413e-01,9.360409333897841133e-01,-7.958375967398456652e-02,-2.135196144112015970e-01,-1.676085979056916031e-01,-1.000000000000000000e+00,9.720252507499320682e-01,2.874398005270504264e-01,6.981818743484493606e-01,-9.986698399900283407e-01,4.886467442622954849e-02,-7.870669207305773796e-01,-9.013707072107735030e-01,3.445641320676946506e-01,-9.889870417551823722e-01,-9.999999976262525792e-01,-3.916398653889995307e-01,-1.826018302435974405e-01,-9.964492149225893103e-01,1.516875119688876339e-02,-8.127153795349599807e-01,1.612275428147007528e-01,2.068066861941808554e-01,-9.993535010335492519e-01,-9.999999830082555441e-01,-9.341464902112334157e-01,4.092971450945270817e-02,-9.844087320314613976e-01,-3.520795996777130732e-01,-1.414660611614719787e-01,4.190055461959807381e-01,3.034033604986472454e-01,-9.999749461034670439e-01,-9.999919345260090964e-01,-2.734966298496053216e-01,-4.945940494995055836e-01,-9.873750951264143039e-01,2.150264184691632607e-01,-7.468883587672092705e-02,-5.707827743564655165e-01,4.350736154059009486e-02,-9.998555024845856565e-01,-9.999999841842862613e-01,-5.752474748688352069e-02,-9.606531390830486128e-02,-9.965275056965764433e-01,-1.180299935429387492e-01,-4.598218963273827953e-01,-3.677397610337814760e-01,1.733728312476636724e-01,-9.973252608950579079e-01,-9.999999977763657233e-01,-1.170277081985418022e-01,3.617405523417409619e-01,-9.927291678546056319e-01,-6.311911772947979005e-01,-7.948374908887650969e-01,-9.714837861892304804e-01,-8.685767986502549443e-01,-9.946344207053983144e-01,-9.999999998077253593e-01,-9.967012363106584338e-01,3.970772929276189522e-02,-5.348746165857192203e-01,1.580452111966927919e-01,-3.368851529322218763e-01,-5.962480721264300509e-01,-2.248682683874401178e-01,-1.000000000000000000e+00,9.701361311696872214e-01,-2.594849579486192548e-01,2.327409940675100319e-01
-7.031608094373300588e-01,9.461864204563386060e-01,-9.968628509023214068e-02,-2.426026953324769142e-01,-1.441455675788864133e-01,-1.000000000000000000e+00,9.634316455323812534e-01,3.089341368504250340e-01,6.889106894113450341e-01,-9.989153370206889093e-01,2.641676221353028708e-02,-8.050955422677282813e-01,-9.119022883090118770e-01,3.311823863616849550e-01,-9.910645413022108885e-01,-9.999999984657829133e-01,-4.240013585282782493e-01,-1.933641480123905465e-01,-9.969935003128660433e-01,4.420234901207154010e-02,-8.313544206604401854e-01,1.622129908256804143e-01,1.904618688126957782e-01,-9.995052508647183087e-01,-9.999999877822789429e-01,-9.413985191277960407e-01,3.036213883447436146e-02,-9.862759122589657146e-01,-3.846009164794181867e-01,-1.284549350032065940e-01,4.227587808065891295e-01,2.934023857585024153e-01,-9.999818328480652996e-01,-9.999935493273186538e-01,-2.398126707647467715e-01,-5.131683221346258206e-01,-9.889001977697292611e-01,1.946434444262525876e-01,-8.683739886156249810e-02,-5.371562709557806681e-01,1.268665826314907541e-02,-9.998906941805066895e-01,-9.999999888554329530e-01,-3.800317520465334997e-02,-6.501276825282020777e-02,-9.970724605836793764e-01,-1.018102613484218599e-01,-4.304589453564036106e-01,-3.902425789618677587e-01,1.791387083136082303e-01,-9.978951529901909367e-01,-9.999999984527950803e-01,-1.365409183428990536e-01,3.791158187576015859e-01,-9.937186093086820549e-01,-6.556764648257631389e-01,-8.139069997430334880e-01,-9.751483721535034732e-01,-8.828114195347538384e-01,-9.957612595688662971e-01,-9.999999998794671940e-01,-9.972517784752173986e-01,-1.877415619232269961e-02,-5.723473516141155404e-01,2.193324324391825453e-01,-3.041778121921726585e-01,-6.107375439212223700e-01,-2.047385531015666338e-01,-1.000000000000000000e+00,9.763490620347952120e-01,-2.115718827222081710e-01,2.645680446091815963e-01
-7.297113720534744719e-01,9.504498130091025843e-01,-1.222610777607967547e-01,-2.728036848466783848e-01,-1.232024873387614905e-01,-1.000000000000000000e+00,9.447358902491289623e-01,3.268325605911521770e-01,6.751374589293419604e-01,-9.991182984002879852e-01,1.623926039182377323e-03,-8.220924138630870681e-01,-9.215556775995240590e-01,3.144238709988220748e-01,-9.927877422552848774e-01,-9.999999990135373107e-01,-4.561869168523038365e-01,-2.063626637448661150e-01,-9.974606773981217200e-01,7.062354017303440479e-02,-8.486208182685858192e-01,1.598218921246172819e-01,1.712292394718191169e-01,-9.996233449621342304e-01,-9.999999912441777106e-01,-9.479945480632405719e-01,1.696442731915448476e-02,-9.879434258184671691e-01,-4.179970423679362224e-01,-1.179279418444867389e-01,4.216424894594867911e-01,2.792996712385078517e-01,-9.999868949118994044e-01,-9.999948530239702871e-01,-2.073436037405798071e-01,-5.321054104933576889e-01,-9.902601023272308289e-01,1.714997507540856336e-01,-1.013888024436426782e-01,-5.023087335035817391e-01,-2.059188840643089158e-02,-9.999177418057368927e-01,-9.999999921752321663e-01,-2.054284677991291552e-02,-3.532711666980437037e-02,-9.975382853283686346e-01,-8.786816851519341220e-02,-4.010657884702176768e-01,-4.135199525287447386e-01,1.806917590760122039e-01,-9.983522105893871679e-01,-9.999999989273168355e-01,-1.580850985492431304e-01,3.928751539125976411e-01,-9.945853849851318262e-01,-6.794619287117603657e-01,-8.317189075987214686e-01,-9.784082879385679332e-01,-8.958215027315294954e-01,-9.966688165113042341e-01,-9.999999999248325722e-01,-9.977179632097644690e-01,-7.680227737887512784e-02,-6.078352557960209346e-01,2.797733293555260126e-01,-2.720455140706228292e-01,-6.258828597468930610e-01,-1.866163368064365224e-01,-1.000000000000000000e+00,9.722982801111359485e-01,-1.627689634390724338e-01,2.940802468501295674e-01
-7.545227528604673273e-01,9.486734791021433910e-01,-1.471507748007185867e-01,-3.039424443334821646e-01,-1.050488846740423865e-01,-1.000000000000000000e+00,9.161103336901448291e-01,3.408970131161590533e-01,6.568722028540678881e-01,-9.992855730415211024e-01,-2.537884307635684955e-02,-8.380672344964731346e-01,-9.303742163350432470e-01,2.943408563830314240e-01,-9.942091719846745113e-01,-9.999999993690578126e-01,-4.880602661967692324e-01,-2.215317870111846998e-01,-9.978607179608350863e-01,9.412797141415274460e-02,-8.645592956581475974e-01,1.540046817286078173e-01,1.491863817851646346e-01,-9.997147553165873779e-01,-9.999999937463773803e-01,-9.539771730663710869e-01,7.890135938219966505e-04,-9.894299690467137642e-01,-4.519752065725878287e-01,-1.100335566053165515e-01,4.155817900423541822e-01,2.611543474417892252e-01,-9.999905960982603537e-01,-9.999959031993801428e-01,-1.764230707565004330e-01,-5.513357721036884485e-01,-9.914705881002451315e-01,1.457000260409835324e-01,-1.182764434520808816e-01,-4.663855718409376516e-01,-5.608072393208041184e-02,-9.999384197349504566e-01,-9.999999945262232348e-01,-5.330319962440488446e-03,-7.264078680382923814e-03,-9.979354759620849835e-01,-7.637453610509703505e-02,-3.718364291083944284e-01,-4.374542790835640460e-01,1.779434672197750533e-01,-9.987167878624666484e-01,-9.999999992590177245e-01,-1.815354141524984088e-01,4.028209359172443271e-01,-9.953431423599550243e-01,-7.024817934422977750e-01,-8.482993752407167465e-01,-9.812991179403978137e-01,-9.076740169908825706e-01,-9.973957940361881658e-01,-9.999999999533695227e-01,-9.981114110977766796e-01,-1.341113949754413337e-01,-6.413459825230979350e-01,3.388496736530930420e-01,-2.407581725445057108e-01,-6.415873045971163258e-01,-1.707116235642796020e-01,-1.000000000000000000e+00,9.579273865472277549e-01,-1.133401466601955399e-01,3.209986282208896480e-01
-7.776477998620163756e-01,9.407388613682368117e-01,-1.741819840377308859e-01,-3.358380619457552729e-01,-8.994068725585824264e-02,-1.000000000000000000e+00,8.778686794446639574e-01,3.509070963187002068e-01,6.341508709390750731e-01,-9.994230034534071772e-01,-5.444466294513772286e-02,-8.530355310390126400e-01,-9.384029164955938196e-01,2.710042723661854058e-01,-9.953751791268647953e-01,-9.999999995985945356e-01,-5.194940172955317959e-01,-2.387914100013420748e-01,-9.982024480782595299e-01,1.144188380188395637e-01,-8.792203149291757391e-01,1.447332888794576888e-01,1.244262208937381153e-01,-9.997851298149017518e-01,-9.999999955489324854e-01,-9.593882577243206811e-01,-1.809386340780205771e-02,-9.907527994637763680e-01,-4.862501929395924849e-01,-1.049066535796472355e-01,4.045421341515118563e-01,2.390570336158792664e-01,-9.999932878594505192e-01,-9.999967472339034158e-01,-1.473947186793570507e-01,-5.707909466080725025e-01,-9.925461765495334765e-01,1.173629122661050683e-01,-1.374192730167936860e-01,-4.295641700984128564e-01,-9.351975428776992949e-02,-9.999541435731030825e-01,-9.999999961851291364e-01,7.450534084275650670e-03,1.891148719682278490e-02,-9.982732907275650991e-01,-6.749165519730282448e-02,-3.429843827052966310e-01,-4.619277104299466252e-01,1.708423558230196537e-01,-9.990060133099363249e-01,-9.999999994900510281e-01,-2.067563009552626507e-01,4.087718407036311508e-01,-9.960042185839113049e-01,-7.246796752330545432e-01,-8.636811358787446213e-01,-9.838545685238727634e-01,-9.184371055629404479e-01,-9.979749445262534602e-01,-9.999999999712263499e-01,-9.984423643003135229e-01,-1.904556266450265767e-01,-6.728986000231054199e-01,3.960089150562200455e-01,-2.106024919683249230e-01,-6.577530120481437370e-01,-1.572279809557433072e-01,-1.000000000000000000e+00,9.333273191824098536e-01,-6.358780685173293090e-02,3.450408029557565648e-01
-7.991444335841549895e-01,9.265682604433529423e-01,-2.031672471933169133e-01,-3.683104369363587871e-01,-7.811658696917589406e-02,-1.000000000000000000e+00,8.304601716167443470e-01,3.566625531902358759e-01,6.070352459785561816e-01,-9.995355560539426198e-01,-8.541605182262013152e-02,-8.670180013607975411e-01,-9.456878226187224179e-01,2.445032260370363364e-01,-9.963263352097910808e-01,-9.999999997460037315e-01,-5.503702145674800317e-01,-2.580476427076042745e-01,-9.984936579055202488e-01,1.312101615699143853e-01,-8.926589697562238301e-01,1.320016628196520880e-01,9.705632357291804624e-02,-9.998390151092801936e-01,-9.999999968431058095e-01,-9.642686518284779851e-01,-3.959671850508772462e-02,-9.919278074805031320e-01,-5.205480116772692734e-01,-1.026668861838201385e-01,3.885302547866551492e-01,2.131290272226140647e-01,-9.999952349840263155e-01,-9.999974240246538582e-01,-1.206089420765662501e-01,-5.904038649508576153e-01,-9.935002002781784247e-01,8.662007932819415501e-02,-1.587224809385534563e-01,-3.920564492046157978e-01,-1.326393760690035561e-01,-9.999660358552168171e-01,-9.999999973514065443e-01,1.761976924934249844e-02,4.292667162710084305e-02,-9.985598720340933543e-01,-6.137171412242825586e-02,-3.147429733116975381e-01,-4.868230003075105783e-01,1.593751856885254892e-01,-9.992342031487634335e-01,-9.999999996503822208e-01,-2.336027289024693587e-01,4.105646628993400160e-01,-9.965797377728282669e-01,-7.460084111920545213e-01,-8.779025402246050103e-01,-9.861063833565479886e-01,-9.281792901066425738e-01,-9.984337940126976063e-01,-9.999999999823409036e-01,-9.987198125758232070e-01,-2.456095791258986472e-01,-7.025224509165771680e-01,4.506669517549772852e-01,-1.818806954178985302e-01,-6.742818986032497186e-01,-1.463603615885492593e-01,-1.000000000000000000e+00,8.987358670449985265e-01,-1.385471246806357914e-02,3.659223900832964116e-01
-8.190747140873164689e-01,9.061262909701919277e-01,-2.339071116552080554e-01,-4.011817789979117421e-01,-6.979445862622490893e-02,-1.000000000000000000e+00,7.744607964254728305e-01,3.579856717658345122e-01,5.756126858603018981e-01,-9.996274377809126754e-01,-1.181262638645802499e-01,-8.800398634134916076e-01,-9.522754337714477435e-01,2.149444162571119143e-01,-9.970978811421195021e-01,-9.999999998401610801e-01,-5.805807496232122666e-01,-2.791936572959315965e-01,-9.987412042967359627e-01,1.442301316967011804e-01,-9.049339382227270523e-01,1.158261330855872018e-01,6.719812340319042399e-02,-9.998800486510532881e-01,-9.999999977691010900e-01,-9.686579545700165772e-01,-6.361550776400548557e-02,-9.929695898029601286e-01,-5.546091773747785503e-01,-1.034171461994590757e-01,3.675946495402171443e-01,1.835211762479465047e-01,-9.999966358237549757e-01,-9.999979654323659650e-01,-9.641928613548123028e-02,-6.101091236138398433e-01,-9.943448724202746947e-01,5.361524273796680617e-02,-1.820782739610330436e-01,-3.541113659578472017e-01,-1.731635196611195360e-01,-9.999749813616435334e-01,-9.999999981683008743e-01,2.500265898623021954e-02,6.450176065487989163e-02,-9.988023601648290395e-01,-5.815523032173286477e-02,-2.873654713737761046e-01,-5.120243000848192505e-01,1.435676894098263379e-01,-9.994132431330333688e-01,-9.999999997612357694e-01,-2.619215098577107881e-01,4.080560796191305961e-01,-9.970797051241679920e-01,-7.664298000732443494e-01,-8.910066303599442072e-01,-9.880842945554186851e-01,-9.369687625644015361e-01,-9.987953194595975415e-01,-9.999999999892216218e-01,-9.989516142079259975e-01,-2.993691689752934204e-01,-7.302560109632114660e-01,5.022115406824811945e-01,-1.549089652352829694e-01,-6.910765582846132293e-01,-1.382928952769632014e-01,-1.000000000000000000e+00,8.545339183300986186e-01,3.547418451397366113e-02,3.833585583765053428e-01
-8.375039610705221627e-01,8.794209978352784951e-01,-2.661922806787992979e-01,-4.342780100564138657e-01,-6.516788548436047712e-02,-1.000000000000000000e+00,7.105617449238441630e-01,3.547235927834690994e-01,5.399957120075167261e-01,-9.997021998643145224e-01,-1.524006537564677188e-01,-8.921302187304941400e-01,-9.582121874402697026e-01,1.824514538754584692e-01,-9.977201982333548935e-01,-9.999999998999761219e-01,-6.100276455959499078e-01,-3.021106299428846231e-01,-9.989511061892512034e-01,1.532244811142891017e-01,-9.161065053515154988e-01,9.624560375136526069e-02,3.498608069772335405e-02,-9.999111225927612701e-01,-9.999999984293518329e-01,-9.725943200469572281e-01,-9.003043435982882592e-02,-9.938915236171789180e-01,-5.881915506293315943e-01,-1.072421166362865774e-01,3.418255929650839686e-01,1.504124527294903313e-01,-9.999976381117799962e-01,-9.999983974954045340e-01,-7.517853256062456691e-02,-6.298432245831513399e-01,-9.950913557342617732e-01,1.850313539967252119e-02,-2.073667376153307540e-01,-3.160173005744304486e-01,-2.148126624261702533e-01,-9.999816732974670108e-01,-9.999999987383133560e-01,2.943104768798820992e-02,8.335165081974738044e-02,-9.990069986734466667e-01,-5.796949559427444498e-02,-2.611250474127350119e-01,-5.374178982992398046e-01,1.234848286778653659e-01,-9.995529361599116980e-01,-9.999999998375915800e-01,-2.915526342974565921e-01,4.011243483567270562e-01,-9.975130973179514582e-01,-7.859142663358749115e-01,-9.030402532606075505e-01,-9.898160054272850950e-01,-9.448727650333184069e-01,-9.990785725807516116e-01,-9.999999999934580108e-01,-9.991446107980022084e-01,-3.515521457531025629e-01,-7.561457623677705353e-01,5.500063712091229906e-01,-1.300155820949884244e-01,-7.080411085570446073e-01,-1.331966703951488196e-01,-1.000000000000000000e+00,8.012385303838713835e-01,8.397018753314489103e-02,3.970657064463511965e-01
-8.544999326288814645e-01,8.465046217702454356e-01,-2.998058128125677957e-01,-4.674300587212111280e-01,-6.440284471822910195e-02,-1.000000000000000000e+00,6.395554581309241815e-01,3.467505007223370406e-01,5.003214509879765348e-01,-9.997628296833106498e-01,-1.880580573448360493e-01,-9.033214375956837294e-01,-9.635440057355904031e-01,1.471640955443158649e-01,-9.982192867666136449e-01,-9.999999999377642279e-01,-6.386232200036510154e-01,-3.266687685953387765e-01,-9.991286327887962671e-01,1.579598607990551073e-01,-9.262396624889179808e-01,7.332158136355615419e-02,5.667857151789856829e-04,-9.999345224189459813e-01,-9.999999988984455968e-01,-9.761143024433233117e-01,-1.187068630046244078e-01,-9.947058407427041837e-01,-6.210727137294469458e-01,-1.142069324680945464e-01,3.113546769354456067e-01,1.140082480134132492e-01,-9.999983512494629023e-01,-9.999987414457309765e-01,-5.723449798203139594e-02,-6.495447824257276626e-01,-9.957498307905200408e-01,-1.855155701194433071e-02,-2.344567718536516576e-01,-2.781042777539652899e-01,-2.573067722980898475e-01,-9.999866515310438242e-01,-9.999999991345216444e-01,3.074475891669314898e-02,9.918744374468113634e-02,-9.991792315384915302e-01,-6.092704433704099198e-02,-2.363145146324219237e-01,-5.628929011782012326e-01,9.923056845717859176e-02,-9.996613146164207153e-01,-9.999999998899827824e-01,-3.223306230343111478e-01,3.896709292932363233e-01,-9.978879487833985928e-01,-8.044404593611709231e-01,-9.140532228555566796e-01,-9.913272006123381441e-01,-9.519570560586728680e-01,-9.992992463351809684e-01,-9.999999999960520469e-01,-9.993047351782455845e-01,-4.019983353613444388e-01,-7.802450950848696110e-01,5.933958195123130164e-01,-1.075387509771499328e-01,-7.250819802267300940e-01,-1.312275243311030737e-01,-1.000000000000000000e+00,7.394930014212162117e-01,1.311595806138237119e-01,4.067632855081004806e-01
-8.701320666335609078e-01,8.074740044924333393e-01,-3.345253427054778461e-01,-5.004750402228764772e-01,-6.763460656670261528e-02,-1.000000000000000000e+00,5.623196404148813610e-01,3.339696768846207586e-01,4.567509349113114681e-01,-9.998118316599767796e-01,-2.249121767043972264e-01,-9.136485719241121961e-01,-9.683159030972909864e-01,1.092373978152803016e-01,-9.986172383965388200e-01,-9.999999999615024615e-01,-6.662901350841159420e-01,-3.527284155002288202e-01,-9.992783846874788711e-01,1.582271794956939814e-01,-9.353972883718151277e-01,4.713803632928059706e-02,-3.590198764376695273e-02,-9.999520431883323068e-01,-9.999999992305111940e-01,-9.792527379257753850e-01,-1.494963336328822834e-01,-9.954237010465862845e-01,-6.530518636691018397e-01,-1.243559638025146796e-01,2.763538826116040958e-01,7.453841187632503917e-02,-9.999988557867172112e-01,-9.999990145569352951e-01,-4.292558151824799051e-02,-6.691547004498261675e-01,-9.963295627304572522e-01,-5.737528911455846981e-02,-2.632070914158719521e-01,-2.407459593400076425e-01,-3.003681460256127922e-01,-9.999903340073608149e-01,-9.999999994088336619e-01,2.879305922216390812e-02,1.117182298435319687e-01,-9.993237922523245942e-01,-6.712415553416239966e-02,-2.132458321197088225e-01,-5.883418526498427337e-01,7.094716759865882239e-02,-9.997449176982636798e-01,-9.999999999257892513e-01,-3.540858814925778031e-01,3.736220210372425132e-01,-9.982114335245909631e-01,-8.219947995281814412e-01,-9.240975375553256432e-01,-9.926415795538724440e-01,-9.582854604133413945e-01,-9.994701828051292258e-01,-9.999999999976313392e-01,-9.994371119625673483e-01,-4.505696243040926419e-01,-8.026132475673329880e-01,6.317103929922107675e-01,-8.782410523097516908e-02,-7.421086454850649439e-01,-1.325238645923126901e-01,-1.000000000000000000e+00,6.700542084858420733e-01,1.765227031477087927e-01,4.121757710743849668e-01
-8.844707872176640340e-01,7.624706242772449905e-01,-3.701252971081069321e-01,-5.332573170960510645e-01,-7.496490093983465552e-02,-1.000000000000000000e+00,4.797996781473299333e-01,3.163153919012686721e-01,4.094682648323650920e-01,-9.998512981465323968e-01,-2.627729596877066420e-01,-9.231488007069134083e-01,-9.725716536577636573e-01,6.884079681728483280e-02,-9.989326916875075346e-01,-9.999999999763290459e-01,-6.929613454165801656e-01,-3.801412138782725991e-01,-9.994043681232183118e-01,1.538448689334908082e-01,-9.436434145709797772e-01,1.780109732927326327e-02,-7.425227186310723315e-02,-9.999650861909694655e-01,-9.999999994646954216e-01,-9.820426600877278922e-01,-1.822376656867893407e-01,-9.960552645092823898e-01,-6.839512179492917010e-01,-1.377117364997849647e-01,2.370341921217991032e-01,3.225505885860746602e-02,-9.999992106887825027e-01,-9.999992308502836380e-01,-3.257610565500279609e-02,-6.886163184080245081e-01,-9.968389661578441752e-01,-9.778677092821774774e-02,-2.934672827035856857e-01,-2.043613398170561757e-01,-3.437241104041207640e-01,-9.999930423564827864e-01,-9.999999995979826917e-01,2.343617458601077175e-02,1.206530692576728292e-01,-9.994447851089520718e-01,-7.663940069476737893e-02,-1.922493394283376622e-01,-6.136612935624470300e-01,3.881399120453066232e-02,-9.998090349054673531e-01,-9.999999999501620884e-01,-3.866460455052616041e-01,3.529299971174764128e-01,-9.984899422988386952e-01,-8.385709824549654190e-01,-9.332266583325479203e-01,-9.937809093994806053e-01,-9.639194983100433101e-01,-9.996018231788522668e-01,-9.999999999985874632e-01,-9.995461504775680073e-01,-4.971497078438966710e-01,-8.233142964008550724e-01,6.642728644877067268e-01,-7.122188354600822446e-02,-7.590342797175152478e-01,-1.372045439226847741e-01,-1.000000000000000000e+00,5.937775518302326194e-01,2.194934428244077473e-01,4.130347878726485789e-01
-8.975868774951538676e-01,7.116802533874559966e-01,-4.063790817139567579e-01,-5.656294380317508086e-01,-8.645940475537150505e-02,-1.000000000000000000e+00,3.929899371775662509e-01,2.937546135536310832e-01,3.586796398622535964e-01,-9.998829712470440612e-01,-3.014479655418559334e-01,-9.318609117266093422e-01,-9.763535155696698720e-01,2.615711740759540938e-02,-9.991812628691655318e-01,-9.999999999855353483e-01,-7.185799531691063891e-01,-4.087513287047895849e-01,-9.995100626499563434e-01,1.446620332102228623e-01,-9.510415760912618310e-01,-1.456142198551457767e-02,-1.143069351569999670e-01,-9.999747386720669873e-01,-9.999999996292129323e-01,-9.845152456471372160e-01,-2.167581450517931385e-01,-9.966097614293180085e-01,-7.136169398640855865e-01,-1.542740058014708815e-01,1.936437523524330295e-01,-1.256983393675070726e-02,-9.999994588700402698e-01,-9.999994016810647146e-01,-2.649150244252240771e-02,-7.078755345634915042e-01,-9.972856678018848786e-01,-1.395981001510538944e-01,-3.250789097917735626e-01,-1.694160694276588552e-01,-3.871095590376001372e-01,-9.999950226136161691e-01,-9.999999997278652408e-01,1.454685439017233684e-02,1.257031758930462484e-01,-9.995457590232496026e-01,-8.953225163451450364e-02,-1.736726930935202917e-01,-6.387522608539825120e-01,3.045855641865546914e-03,-9.998579176246551459e-01,-9.999999999666832062e-01,-4.198373090034455135e-01,3.275747285362862193e-01,-9.987291550302106469e-01,-8.541694521101735882e-01,-9.414948507122737897e-01,-9.947650936759044882e-01,-9.689180891166290222e-01,-9.997026020875261487e-01,-9.999999999991627808e-01,-9.996356300049441534e-01,-5.416436264458437400e-01,-8.424162023098613616e-01,6.904050845781468659e-01,-5.808377920547225237e-02,-7.757763540340549824e-01,-1.453668147388982312e-01,-1.000000000000000000e+00,5.115999101498354129e-01,2.594592196620408853e-01,4.090813896096108238e-01
-9.095509184302105199e-01,6.553322293050496405e-01,-4.430612164042326828e-01,-5.974529541966235868e-01,-1.021456020790785235e-01,-1.000000000000000000e+00,3.029144338110749679e-01,2.662885042215474840e-01,3.046122531989965410e-01,-9.999082964831557119e-01,-3.407437095623548906e-01,-9.398248221717527828e-01,-9.797020089345622740e-01,-1.861848564988410892e-02,-9.993759463221612016e-01,-9.999999999912173587e-01,-7.430989815191726411e-01,-4.383967121403827827e-01,-9.995984825342373314e-01,1.305614378875656900e-01,-9.576542462396786526e-01,-4.980066508779601442e-02,-1.558807470120239236e-01,-9.999818390740805585e-01,-9.999999997443275168e-01,-9.866997870623187561e-01,-2.528747863737045298e-01,-9.970955603436045811e-01,-7.419196000409402636e-01,-1.740189990895916194e-01,1.464656073808632275e-01,-5.964701260696547713e-02,-9.999996313809722537e-01,-9.999995362243128127e-01,-2.495340504981780061e-02,-7.268809051761313533e-01,-9.976765666648430564e-01,-1.826159080853801964e-01,-3.578766630115757241e-01,-1.364233239147680798e-01,-4.302693013392266952e-01,-9.999964618612741107e-01,-9.999999998166678727e-01,2.011975261133835957e-03,1.265843074399721768e-01,-9.996297742650375184e-01,-1.058417638791233628e-01,-1.578794761553091730e-01,-6.635207282281688768e-01,-3.610907744671709718e-02,-9.998949611813157112e-01,-9.999999999778340642e-01,-4.534857252586519394e-01,2.975647754646861820e-01,-9.989341084180609620e-01,-8.687968527367873062e-01,-9.489565924609718595e-01,-9.956122533568290134e-01,-9.733373239965003032e-01,-9.997792896385716555e-01,-9.999999999995069500e-01,-9.997087774221337098e-01,-5.839771155850599360e-01,-8.599899181502588252e-01,7.094354468745025510e-01,-4.875946653361307170e-02,-7.922571566749690986e-01,-1.570843902111718204e-01,-1.000000000000000000e+00,4.245210621054407163e-01,2.957615374517226225e-01,4.000684917997126000e-01
-9.204327927223637795e-01,5.936983324102564907e-01,-4.799493983751742521e-01,-6.285991138767355046e-01,-1.220110671490794996e-01,-1.000000000000000000e+00,2.106073795279783667e-01,2.339536807377895489e-01,2.475130549682342807e-01,-9.999284691701089134e-01,-3.804669809263071523e-01,-9.470811397902993978e-01,-9.826557434668995450e-01,-6.527965308656258347e-02,-9.995274813952433890e-01,-9.999999999947025708e-01,-7.664810767220194831e-01,-4.689104046589817054e-01,-9.996722322271006655e-01,1.114622915780869583e-01,-9.635423534559216519e-01,-8.774754477454749235e-02,-1.987814778966132678e-01,-9.999870300201142426e-01,-9.999999998245409083e-01,-9.886236887598309764e-01,-2.903956640558295055e-01,-9.975202333242876307e-01,-7.687541997511805336e-01,-1.968988443739133620e-01,9.581502018814247457e-02,-1.086726901618213503e-01,-9.999997505557916000e-01,-9.999996418761744055e-01,-2.821471275872933226e-02,-7.455837245738351493e-01,-9.980178914345723129e-01,-2.266425168429117010e-01,-3.916895442183150333e-01,-1.059441351287853106e-01,-4.729602045096062968e-01,-9.999975015002039447e-01,-9.999999998771132992e-01,-1.426582576832480243e-02,1.230193604954186171e-01,-9.996994625271249379e-01,-1.255853534523895254e-01,-1.452474532126267759e-01,-6.878779904944360979e-01,-7.837183641498202125e-02,-9.999228600254084220e-01,-9.999999999853267374e-01,-4.874184744609503239e-01,2.629384288477272236e-01,-9.991092587667320668e-01,-8.824654686477388932e-01,-9.556660473699529756e-01,-9.963388172472588122e-01,-9.772303014600776105e-01,-9.998372852086345741e-01,-9.999999999997115641e-01,-9.997683374522635669e-01,-6.240957940320313035e-01,-8.761085627610381010e-01,7.207069659305087583e-01,-4.359281598996644913e-02,-8.084042424877178057e-01,-1.724056412991400444e-01,-1.000000000000000000e+00,3.335840659530413532e-01,3.276971809134185953e-01,3.857634517556811637e-01
-9.303012516838990997e-01,5.270912638275153661e-01,-5.168264744786112974e-01,-6.589494375498754497e-01,-1.460022174394851602e-01,-1.000000000000000000e+00,1.170940899670094293e-01,1.968232081160390390e-01,1.876473807472491817e-01,-9.999444743175976980e-01,-4.204261287591953833e-01,-9.536707653330763756e-01,-9.852512916836497769e-01,-1.136100126130031862e-01,-9.996446838936190460e-01,-9.999999999968267606e-01,-7.886981489909555831e-01,-5.001218632958788213e-01,-9.997335562822450283e-01,8.732277037241531481e-02,-9.687648766366252495e-01,-1.282137268324716750e-01,-2.428110319381311388e-01,-9.999908010208643505e-01,-9.999999998801937240e-01,-9.903124837587121698e-01,-3.291213056137561876e-01,-9.978906183903820670e-01,-7.940397888321407693e-01,-2.228412013907836720e-01,4.203640844362976914e-02,-1.593314219185676395e-01,-9.999998323636809516e-01,-9.999997245847588312e-01,-3.649470529478371361e-02,-7.639380889592718438e-01,-9.983152550037261985e-01,-2.714771063171045329e-01,-4.263420833568686286e-01,-7.858709334971736293e-02,-5.149531130507477572e-01,-9.999982477573404749e-01,-9.999999999180662069e-01,-3.436650253646933439e-02,1.147411653766463591e-01,-9.997570807687972128e-01,-1.487576867890544330e-01,-1.361664460144507149e-01,-7.117409941187747835e-01,-1.234355771121521395e-01,-9.999437388367856672e-01,-9.999999999903380621e-01,-5.214650913302356638e-01,2.237645804441048547e-01,-9.992585401184596039e-01,-8.951926599946050667e-01,-9.616766043230359218e-01,-9.969596189279807952e-01,-9.806470195686229907e-01,-9.998808674710816247e-01,-9.999999999998324673e-01,-9.998166358304584334e-01,-6.619642152204776586e-01,-8.908466629572980855e-01,7.235859103600825737e-01,-4.291781688592188893e-02,-8.241508105514275817e-01,-1.913519608837066510e-01,-1.000000000000000000e+00,2.398551100193553332e-01,3.545201371288582148e-01,3.659507850564394094e-01
-9.392235423606603018e-01,4.558627187992161378e-01,-5.534823058524378503e-01,-6.883961764380841508e-01,-1.740235799278617712e-01,-1.000000000000000000e+00,2.337272452585792415e-02,1.550072977089327342e-01,1.252974440550373991e-01,-9.999571208127557842e-01,-4.604323121142372965e-01,-9.596345362611237162e-01,-9.875231032074888171e-01,-1.633844365330399118e-01,-9.997347419808265689e-01,-9.999999999981129539e-01,-8.097309618531317588e-01,-5.318583086429775619e-01,-9.997843841036336832e-01,5.814223356670300547e-02,-9.733785145674250794e-01,-1.709927862645810315e-01,-2.877666118770741965e-01,-9.999935226463179117e-01,-9.999999999186318655e-01,-9.917898676151584159e-01,-3.688461411958363634e-01,-9.982128788428803468e-01,-8.177187169312746251e-01,-2.517491121734733994e-01,-1.450007656669971556e-02,-2.112990855682811420e-01,-9.999998881540008711e-01,-9.999997891221948931e-01,-4.997428968379735714e-02,-7.819009469721844852e-01,-9.985737059926140802e-01,-3.169168899377342585e-01,-4.616555812052850483e-01,-5.500733054514095333e-02,-5.560345339360972527e-01,-9.999987799481696582e-01,-9.999999999456786748e-01,-5.835095261914946541e-02,1.014954699545986827e-01,-9.998045592871879217e-01,-1.753297053609612632e-01,-1.310358082290532522e-01,-7.350326167227783092e-01,-1.709688902236056185e-01,-9.999592623374520262e-01,-9.999999999936736161e-01,-5.554586471420808191e-01,1.801433978134323599e-01,-9.993854178174994551e-01,-9.070003016148746600e-01,-9.670404798235913146e-01,-9.974879978287114479e-01,-9.836343184557228003e-01,-9.999134052954834484e-01,-9.999999999999032996e-01,-9.998556357644303727e-01,-6.975648053494621914e-01,-9.042794645328431358e-01,7.174709151641516236e-01,-4.705423513010242864e-02,-8.394360107489027278e-01,-2.139163276655279278e-01,-1.000000000000000000e+00,1.444033518693128570e-01,3.754443180367805777e-01,3.404350024429498855e-01
-9.472650915811031691e-01,3.804010533241970471e-01,-5.897155095394939206e-01,-7.168426582698607108e-01,-2.059376085490667307e-01,-1.000000000000000000e+00,-6.960271449193367044e-02,1.086536800351234344e-01,6.076069103009662520e-02,-9.999670705822719663e-01,-5.003007098717862089e-01,-9.650129110278363731e-01,-9.895034556944721782e-01,-2.143703656744665453e-01,-9.998034773266567532e-01,-9.999999999988863353e-01,-8.295686790021926660e-01,-5.639460822279572794e-01,-9.998263699096094914e-01,2.396307803567854222e-02,-9.774374243913658278e-01,-2.158615365184577417e-01,-3.334419157546956169e-01,-9.999954736711612613e-01,-9.999999999450545074e-01,-9.930777467903656452e-01,-4.093600029166372112e-01,-9.984925593953047906e-01,-8.397555612080613852e-01,-2.835010875035141042e-01,-7.340229434525369356e-02,-2.642459380241670708e-01,-9.999999259434793064e-01,-9.999998393078022296e-01,-6.879146925370205334e-02,-7.994321397924912809e-01,-9.987977772215939076e-01,-3.627582983888092416e-01,-4.974493731871569846e-01,-3.590469430259002337e-02,-5.960080788448853806e-01,-9.999991569287495219e-01,-9.999999999642018578e-01,-8.625939241049829231e-02,8.304409591847927707e-02,-9.998435444703804853e-01,-2.052478081882591621e-01,-1.302614828993133855e-01,-7.576818982795042734e-01,-2.206194407358423870e-01,-9.999707265063598749e-01,-9.999999999958825159e-01,-5.892368809972634569e-01,1.322067791633971812e-01,-9.994929376703710622e-01,-9.179142310657623094e-01,-9.718083813301511276e-01,-9.979359023201198609e-01,-9.862358668999324784e-01,-9.999375341258918137e-01,-9.999999999999447109e-01,-9.998869881162101292e-01,-7.308967105816903675e-01,-9.164823119138231222e-01,7.018024775008382399e-01,-5.630304261994611981e-02,-8.542051806635195810e-01,-2.400621035710136519e-01,-1.000000000000000000e+00,4.828125346223277603e-02,3.896471566318604474e-01,3.090435452615116763e-01
-9.544892432029123963e-01,3.011285450438998534e-01,-6.253350632936467424e-01,-7.442035244286533402e-01,-2.415650843422041394e-01,-1.000000000000000000e+00,-1.609377433354405307e-01,5.794762297696176567e-02,-5.651983937234095201e-03,-9.999748633692771005e-01,-5.398516866089970723e-01,-9.698456926988431315e-01,-9.912224379269007901e-01,-2.663291995110014243e-01,-9.998555731435401217e-01,-9.999999999993479660e-01,-8.482083769337180890e-01,-5.962120057215077873e-01,-9.998609282975591261e-01,-1.512782150582403506e-02,-9.809930235695882850e-01,-2.625815310365745558e-01,-3.796283645528746309e-01,-9.999968624854572719e-01,-9.999999999631264958e-01,-9.941962987515349237e-01,-4.504496671768289939e-01,-9.987346390277757058e-01,-8.601357766653081605e-01,-3.179514446634977842e-01,-1.342601447669728998e-01,-3.178397201362433977e-01,-9.999999513595808631e-01,-9.999998781907233347e-01,-9.303712959530729965e-02,-8.164944332452397369e-01,-9.989915311216376326e-01,-4.087981702661465100e-01,-5.335421088815658353e-01,-2.202102521935156432e-02,-6.346956578890450285e-01,-9.999994220997437955e-01,-9.999999999765611935e-01,-1.181097784686585550e-01,5.916824441910195631e-02,-9.998754366796385185e-01,-2.384332165857653285e-01,-1.342526322416437434e-01,-7.796242266142637822e-01,-2.720178964993178461e-01,-9.999791337359948962e-01,-9.999999999973373521e-01,-6.226432753869007852e-01,8.011856195144484438e-02,-9.995837708956725187e-01,-9.279637109834588671e-01,-9.760292281044697926e-01,-9.983139930258539962e-01,-9.884921868697422731e-01,-9.999553022705151006e-01,-9.999999999999685807e-01,-9.999120757620727495e-01,-7.619745741765758806e-01,-9.275300950711962145e-01,6.760727196544371598e-01,-7.094166469992524426e-02,-8.684100146280617771e-01,-2.697220988518462814e-01,-1.000000000000000000e+00,-4.749410598251235793e-02,3.962741427196396771e-01,2.716297914237035815e-01
-9.609570445501216529e-01,2.184982535635200396e-01,-6.601617611725734136e-01,-7.704048629277074900e-01,-2.806861219628371540e-01,-1.000000000000000000e+00,-2.498107978762017511e-01,3.111567465086340079e-03,-7.361816165361811937e-02,-9.999809376998486377e-01,-5.789119102754082258e-01,-9.741717902359307013e-01,-9.927079607305485665e-01,-3.190177515722248947e-01,-9.998947713191879139e-01,-9.999999999996215250e-01,-8.656545308657541682e-01,-6.284847330335040505e-01,-9.998892657845126486e-01,-5.899813796675956734e-02,-9.840938495079234460e-01,-3.109007348187586839e-01,-4.261163593819643491e-01,-9.999978438634353761e-01,-9.999999999754212165e-01,-9.951640413426029452e-01,-4.919004323566444903e-01,-9.989435805416736480e-01,-8.788641170118205448e-01,-3.549309102872477695e-01,-1.966498399122335039e-01,-3.717487792042402095e-01,-9.999999683275115903e-01,-9.999999081990212924e-01,-1.227512398574112096e-01,-8.330535439717947632e-01,-9.991586021084614133e-01,-4.548349480858322469e-01,-5.697530413331425292e-01,-1.413645645476790946e-02,-6.719384220386851458e-01,-9.999996072611896381e-01,-9.999999999847611898e-01,-1.538963024115036493e-01,2.967192117295236464e-02,-9.999014236954291146e-01,-2.747815461292079098e-01,-1.434178368874046150e-01,-8.008014795584622592e-01,-3.247820976385034086e-01,-9.999852542709783965e-01,-9.999999999982902565e-01,-6.555280711304234398e-01,2.407445886643544419e-02,-9.996602550779999374e-01,-9.371809099907441043e-01,-9.797499257988324661e-01,-9.986317448503605476e-01,-9.904407102448642419e-01,-9.999682912606593366e-01,-9.999999999999823475e-01,-9.999320526022104083e-01,-7.908272627349487438e-01,-9.374967614576640296e-01,6.398352823683208790e-01,-9.121910225548757190e-02,-8.820086670972349108e-01,-3.027979387210858464e-01,-1.000000000000000000e+00,-1.419582972103266005e-01,3.944443544145113112e-01,2.280760975587172723e-01
-9.667270778824142985e-01,1.329904905914756075e-01,-6.940295088549476299e-01,-7.953842417820611299e-01,-3.230417970250218929e-01,-1.000000000000000000e+00,-3.354844197897607350e-01,-5.559564472215661191e-02,-1.428059588269220415e-01,-9.999856485549982743e-01,-6.173154170827015452e-01,-9.780290154395392399e-01,-9.939857915645792241e-01,-3.721897680015797683e-01,-9.999240412115295573e-01,-9.999999999997823963e-01,-8.819184806556821243e-01,-6.605960858136437075e-01,-9.999124086859614291e-01,-1.074696320817625228e-01,-9.867854709064356467e-01,-3.605553615298393577e-01,-4.726965658231170320e-01,-9.999985320051986148e-01,-9.999999999837378972e-01,-9.959979091986754796e-01,-5.334977231943810461e-01,-9.991233768340948007e-01,-8.959628744894445607e-01,-3.942474997680653903e-01,-2.601383703787431001e-01,-4.256451779957849402e-01,-9.999999795673450986e-01,-9.999999312611128621e-01,-1.579195692822688013e-01,-8.490781612816006296e-01,-9.993022359766298157e-01,-5.006698771592529296e-01,-6.059033194991996218e-01,-1.306466325475108547e-02,-7.075974540264311496e-01,-9.999997355619513195e-01,-9.999999999901685310e-01,-1.935879895392297323e-01,-5.614555979718716117e-03,-9.999225101443042218e-01,-3.141626107869918139e-01,-1.581608703622121581e-01,-8.211621257608985314e-01,-3.785214135208334607e-01,-9.999896760457126499e-01,-9.999999999989105381e-01,-6.877492166323697642e-01,-3.569830455903111321e-02,-9.997244313549492611e-01,-9.456004055318140145e-01,-9.830151906848190180e-01,-9.988975464924815251e-01,-9.921158622728956100e-01,-9.999777140975590894e-01,-9.999999999999901190e-01,-9.999478776933595769e-01,-8.174965590161304974e-01,-9.464548900768564588e-01,5.927151917122026603e-01,-1.173509952040174831e-01,-8.949657927806250468e-01,-3.391597640875827491e-01,-1.000000000000000000e+00,-2.342149980163115153e-01,3.832570288619552290e-01,1.782968367981223601e-01
-9.718553326964171069e-01,4.510891643886472124e-02,-7.267864489430735375e-01,-8.190906473978852853e-01,-3.683363982059426611e-01,-1.000000000000000000e+00,-4.173140451748671431e-01,-1.178799727007656672e-01,-2.128762216980912836e-01,-9.999892822077544041e-01,-6.549046184343370047e-01,-9.814539133085806721e-01,-9.950796088754166879e-01,-4.255975054601275342e-01,-9.999457228600054925e-01,-9.999999999998760991e-01,-8.970178826608382616e-01,-6.923823622090818919e-01,-9.999312276786940235e-01,-1.603182521273818217e-01,-9.891104449125988074e-01,-4.112718690167715963e-01,-5.191612217156484910e-01,-9.999990106093685771e-01,-9.999999999893290914e-01,-9.967133352190907791e-01,-5.750287118413349718e-01,-9.992775939468426794e-01,-9.114699865490010211e-01,-4.356876815933180547e-01,-3.242881135283339766e-01,-4.792077577646947084e-01,-9.999999869514445416e-01,-9.999999489044349987e-01,-1.984710180075857089e-01,-8.645399658155646927e-01,-9.994253263956638378e-01,-5.461082036721841559e-01,-6.418172762084189964e-01,-1.964700278311470871e-02,-7.415542099275777010e-01,-9.999998237413074698e-01,-9.999999999937111417e-01,-2.371274337578540559e-01,-4.683101117205212827e-02,-9.999395433024871327e-01,-3.564204833364021940e-01,-1.788760644626499197e-01,-8.406612857706805553e-01,-4.328412292851121501e-01,-9.999928448052736174e-01,-9.999999999993117727e-01,-7.191732461678788102e-01,-9.894167481638083128e-02,-9.997780780748338758e-01,-9.532587112538108975e-01,-9.858674192358037880e-01,-9.991187964656847997e-01,-9.935491667265149429e-01,-9.999844948312536230e-01,-9.999999999999945599e-01,-9.999603449690217527e-01,-8.420358370874408971e-01,-9.544753243067933823e-01,5.344185240545782367e-01,-1.495147040282092110e-01,-9.072525261842173672e-01,-3.786462966029587873e-01,-1.000000000000000000e+00,-3.234493125109685341e-01,3.617991998388050412e-01,1.222413856754340777e-01
-9.763951147096533445e-01,-4.462371355405381212e-02,-7.582959078734501368e-01,-8.414843326164241910e-01,-4.162402963109664844e-01,-1.000000000000000000e+00,-4.947542876754494889e-01,-1.834138244413980878e-01,-2.834848451909953715e-01,-9.999920686320976637e-01,-6.915312440506392599e-01,-9.844816234260286292e-01,-9.960110725870705561e-01,-4.789933625424180885e-01,-9.999616474198292915e-01,-9.999999999999302780e-01,-9.109761527815136706e-01,-7.236856080085036780e-01,-9.999464593745085450e-01,-2.172748319324697697e-01,-9.911083142974359550e-01,-4.627691029671563427e-01,-5.653054630954831294e-01,-9.999993405987372963e-01,-9.999999999930628825e-01,-9.973243353523090216e-01,-6.162839440848042472e-01,-9.994094109740438991e-01,-9.254370557588704749e-01,-4.790178311118589161e-01,-3.886615265860737800e-01,-5.321251216743574375e-01,-9.999999917597806043e-01,-9.999999623354205447e-01,-2.442756575350816250e-01,-8.794136456561278958e-01,-9.995304486107792208e-01,-5.909603669082956756e-01,-6.773237029038798873e-01,-3.474550069022785959e-02,-7.737107159184177796e-01,-9.999998838210883978e-01,-9.999999999960156316e-01,-2.844297031317967184e-01,-9.408387725500033660e-02,-9.999532356482878637e-01,-4.013738344782780132e-01,-2.059432920801483879e-01,-8.592607546059766177e-01,-4.873474997195156311e-01,-9.999950961623458312e-01,-9.999999999995693445e-01,-7.496760816250710446e-01,-1.653677991445854367e-01,-9.998227411664382114e-01,-9.601938308871192929e-01,-9.883465987012601817e-01,-9.993019948716564960e-01,-9.947693681646024855e-01,-9.999893325289249679e-01,-9.999999999999970024e-01,-9.999701089954644573e-01,-8.645087339356961609e-01,-9.616268597701617127e-01,4.647416773722707894e-01,-1.878444951820690267e-01,-9.188464033910623829e-01,-4.210652947267918833e-01,-1.000000000000000000e+00,-4.089386958347051015e-01,3.291544109532986706e-01,5.989700817565468682e-02
-9.803969875044724613e-01,-1.356701213654585292e-01,-7.884371575098305662e-01,-8.625365790777623776e-01,-4.663934097571725834e-01,-1.000000000000000000e+00,-5.673626833663322211e-01,-2.518381613769153926e-01,-3.542852066022377233e-01,-9.999941918414616548e-01,-7.270572147605661728e-01,-9.871457699023574728e-01,-9.967999074061316689e-01,-5.321315565488649035e-01,-9.999732375745630231e-01,-9.999999999999612532e-01,-9.238219052914699025e-01,-7.543548385859361050e-01,-9.999587252110876401e-01,-2.780264181443469207e-01,-9.928156391034619332e-01,-5.147605749250581120e-01,-6.109286612112323489e-01,-9.999995660047181767e-01,-9.999999999955381247e-01,-9.978435951763517942e-01,-6.570589576324311620e-01,-9.995216569360678704e-01,-9.379273270063407386e-01,-5.239859736357007636e-01,-4.528258634114818992e-01,-5.840985041911145315e-01,-9.999999948611212330e-01,-9.999999725041726073e-01,-2.951435696250791496e-01,-8.936769100304936542e-01,-9.996198904668760488e-01,-6.350431790175321556e-01,-7.122571012718201811e-01,-5.923466056056325701e-02,-8.039895269504295783e-01,-9.999999243744109867e-01,-9.999999999975031084e-01,-3.353814513668025299e-01,-1.474427325916892739e-01,-9.999641845101651105e-01,-4.488165704200868245e-01,-2.397226057412625844e-01,-8.769289866477623097e-01,-5.416513047686939419e-01,-9.999966810210275669e-01,-9.999999999997334355e-01,-7.791437518678857588e-01,-2.346604156117253481e-01,-9.998597614616145934e-01,-9.664448400030575259e-01,-9.904902543332642084e-01,-9.994528303741525566e-01,-9.958025671546227864e-01,-9.999927523084256586e-01,-9.999999999999984457e-01,-9.999777071894130342e-01,-8.849878301485637477e-01,-9.679759833521526247e-01,3.835800439506280579e-01,-2.324269242670101709e-01,-9.297312290870750617e-01,-4.661944227922416584e-01,-1.000000000000000000e+00,-4.900613044911411587e-01,2.844124912580057174e-01,-8.708419729227978578e-03
-9.839087429951248742e-01,-2.274833578988129101e-01,-8.171059860831494381e-01,-8.822293786441535168e-01,-5.184092324659010931e-01,-1.000000000000000000e+00,-6.348009378947622183e-01,-3.227650626262292821e-01,-4.249306989234501453e-01,-9.999957984695087010e-01,-7.613554378081037743e-01,-9.894783773944773042e-01,-9.974639959379590914e-01,-5.847698349433765319e-01,-9.999815905551699968e-01,-9.999999999999787947e-01,-9.355883915156724129e-01,-7.842471994212099062e-01,-9.999685479448015002e-01,-3.422182480872314470e-01,-9.942660575113627663e-01,-5.669568570902062676e-01,-6.558357616564025605e-01,-9.999997184182009002e-01,-9.999999999971656006e-01,-9.982825569773601249e-01,-6.971558777477606661e-01,-9.996168447457681738e-01,-9.490136630336067913e-01,-5.703238114959007232e-01,-5.163578503338112080e-01,-6.348444915589281923e-01,-9.999999968407623507e-01,-9.999999801566358260e-01,-3.508245625452377503e-01,-9.073105002913651740e-01,-9.996956808862310639e-01,-6.781809841326338351e-01,-7.464589006945004934e-01,-9.399209562713495281e-02,-8.323334562743738285e-01,-9.999999514704763781e-01,-9.999999999984551247e-01,-3.898402705953679659e-01,-2.069369709806752056e-01,-9.999728891311727708e-01,-4.985187850882926153e-01,-2.805485824312606846e-01,-8.936410433784333085e-01,-5.953733383523704958e-01,-9.999977855912302038e-01,-9.999999999998371303e-01,-8.074730236980280917e-01,-3.064766170508992360e-01,-9.998902992075705543e-01,-9.720514965457717205e-01,-9.923334290258768453e-01,-9.995762619946598759e-01,-9.966723647694577526e-01,-9.999951457485283246e-01,-9.999999999999991118e-01,-9.999835788970122818e-01,-9.035533508840895012e-01,-9.735866593923871992e-01,2.909358704052082967e-01,-2.832965173956746296e-01,-9.398968920239473279e-01,-5.137825491116736476e-01,-1.000000000000000000e+00,-5.663016727021705776e-01,2.266803554517753394e-01,-8.350390544072916477e-02
-9.869753971104995305e-01,-3.195118859099571607e-01,-8.442150749067330873e-01,-9.005550387696362735e-01,-5.718793763107405947e-01,-1.000000000000000000e+00,-6.968337853248842695e-01,-3.957807432506863510e-01,-4.950773447484463352e-01,-9.999970048650121957e-01,-7.943105170317049657e-01,-9.915098107534456862e-01,-9.980194789314688064e-01,-6.366712082265314487e-01,-9.999875462144323102e-01,-9.999999999999885647e-01,-9.463129419629472405e-01,-8.132290524912382246e-01,-9.999763660083178518e-01,-4.094563882154285128e-01,-9.954903710189755284e-01,-6.190680723982870948e-01,-6.998386147542554614e-01,-9.999998203324601542e-01,-9.999999999982259746e-01,-9.986515062330797443e-01,-7.363849740193592064e-01,-9.996972024066417273e-01,-9.587765557623753043e-01,-6.177490238222934638e-01,-5.788482539242427727e-01,-6.840975585352537802e-01,-9.999999980899633156e-01,-9.999999858765828975e-01,-4.110088305162715727e-01,-9.202981974411514887e-01,-9.997596159384696257e-01,-7.202067870728581234e-01,-7.797786293930649704e-01,-1.398880087044170883e-01,-8.587050869229988503e-01,-9.999999693732994910e-01,-9.999999999990584199e-01,-4.476343199071535217e-01,-2.725526724653636323e-01,-9.999797654443133288e-01,-5.502280385702014165e-01,-3.287244378414854173e-01,-9.093785042473300217e-01,-6.481482607084576575e-01,-9.999985470285113198e-01,-9.999999999999019673e-01,-8.345719383478437114e-01,-3.804489952634885208e-01,-9.999153559989376605e-01,-9.770538806388983089e-01,-9.939086912888835945e-01,-9.996765955013515725e-01,-9.974000131184123097e-01,-9.999968026490466677e-01,-9.999999999999995559e-01,-9.999880817047530623e-01,-9.202918970983812175e-01,-9.785201591000448618e-01,1.869250867373157821e-01,-3.404318557111507548e-01,-9.493391323201197940e-01,-5.635514820497584676e-01,-1.000000000000000000e+00,-6.372536960288148755e-01,1.550937638566309840e-01,-1.643731178881665533e-01
-9.896392073434303605e-01,-4.112048380018321625e-01,-8.696941792558140483e-01,-9.175157169376159105e-01,-6.263785664629426542e-01,-1.000000000000000000e+00,-7.533256306870317331e-01,-4.704490114953137070e-01,-5.643864675370318107e-01,-9.999979029358702087e-01,-8.258193699859046610e-01,-9.932687359285998774e-01,-9.984808602853781911e-01,-6.876056883936992881e-01,-9.999917423940779537e-01,-9.999999999999940048e-01,-9.560364151614604289e-01,-8.411769755679838756e-01,-9.999825459741213951e-01,-4.793110303069725298e-01,-9.965166494038956158e-01,-6.708064544683538521e-01,-7.427572845150292036e-01,-9.999998876361165800e-01,-9.999999999989096500e-01,-9.989596565957720165e-01,-7.745661607374050295e-01,-9.997647015918722513e-01,-9.673022068238252835e-01,-6.659678215440771876e-01,-6.399062722016306548e-01,-7.316123872845754494e-01,-9.999999988681387286e-01,-9.999999901193197260e-01,-4.753286059260144469e-01,-9.326268251059799397e-01,-9.998132826462590161e-01,-7.609633404339977147e-01,-8.120750262265103991e-01,-1.977735758051376580e-01,-8.830860784152215759e-01,-9.999999810548553247e-01,-9.999999999994366728e-01,-5.085622620665616322e-01,-3.442297462125590846e-01,-9.999851588275039393e-01,-6.036709679281851981e-01,-3.845159856828838096e-01,-9.241293408084894079e-01,-6.996288443324986117e-01,-9.999990655651935789e-01,-9.999999999999420464e-01,-8.603602475781766401e-01,-4.561881648487233765e-01,-9.999357943507932722e-01,-9.814920638481089421e-01,-9.952461676828879833e-01,-9.997575542894074907e-01,-9.980045691006075304e-01,-9.999979358064149393e-01,-9.999999999999997780e-01,-9.999915053228412010e-01,-9.352952158912111180e-01,-9.828349293402522946e-01,7.178288757780282303e-02,-4.037521702121648071e-01,-9.580592642393830349e-01,-6.151981448174832501e-01,-1.000000000000000000e+00,-7.026209822229809721e-01,6.882994851495460864e-02,-2.511525124899558481e-01
-9.919397090920738513e-01,-5.020173855782729122e-01,-8.934901139625605060e-01,-9.331228896155321362e-01,-6.814700146781670353e-01,-1.000000000000000000e+00,-8.042352025240440128e-01,-5.463151398326046015e-01,-6.325273929683097318e-01,-9.999985649444137481e-01,-8.557917440415501176e-01,-9.947820998584068208e-01,-9.988611147524835143e-01,-7.373520147481882336e-01,-9.999946595940590877e-01,-9.999999999999968914e-01,-9.648026561702263137e-01,-8.679786614882728513e-01,-9.999873933437538609e-01,-5.513204284370540886e-01,-9.973703513351911409e-01,-7.218889482765803445e-01,-7.844213218520101893e-01,-9.999999314588783328e-01,-9.999999999993451905e-01,-9.992152326390570938e-01,-8.115304223420620744e-01,-9.998210837588965560e-01,-9.746807063397976423e-01,-7.146777335943499398e-01,-6.991636807484036265e-01,-7.771659357959864733e-01,-9.999999993457977521e-01,-9.999999932386758328e-01,-5.433608346361111785e-01,-9.442862465772186020e-01,-9.998580806722283665e-01,-8.003041776356312198e-01,-8.432170794633249145e-01,-2.684683208494746953e-01,-9.054762840626158216e-01,-9.999999885692575363e-01,-9.999999999996707079e-01,-5.723935377515738665e-01,-4.218594185804951380e-01,-9.999893550818451660e-01,-6.585552302725289353e-01,-4.481455297535058557e-01,-9.378877542530785760e-01,-7.494898449431547371e-01,-9.999994138499498364e-01,-9.999999999999665823e-01,-8.847697438268911085e-01,-5.332856581493159442e-01,-9.999523551232575302e-01,-9.854058078273381094e-01,-9.963735960791162416e-01,-9.998223447556779941e-01,-9.985030489729929126e-01,-9.999987001959462773e-01,-9.999999999999998890e-01,-9.999940833509478599e-01,-9.486590178440769128e-01,-9.865864970955974256e-01,-5.413214350440465061e-02,-4.731145534997029944e-01,-9.660638583556878656e-01,-6.683971806695030438e-01,-1.000000000000000000e+00,-7.622147032418510326e-01,-3.287901831125006336e-02,-3.436298664820368609e-01
-9.939137679985999840e-01,-5.914161476097297143e-01,-9.155665466280438203e-01,-9.473967615896704553e-01,-7.367110832751229132e-01,-1.000000000000000000e+00,-8.496084862180313113e-01,-6.229101141131501151e-01,-6.991801494050945420e-01,-9.999990474270454843e-01,-8.841506237684330083e-01,-9.960751272000093470e-01,-9.991717965659743239e-01,-7.856993467241104590e-01,-9.999966567215733404e-01,-9.999999999999984457e-01,-9.726579675385461643e-01,-8.935337048292375517e-01,-9.999911618620718201e-01,-6.249954447702734672e-01,-9.980744568982098386e-01,-7.720398190471340349e-01,-8.246709863869634560e-01,-9.999999595280777420e-01,-9.999999999996185274e-01,-9.994255497851357584e-01,-8.471211447883072454e-01,-9.998678839566342846e-01,-9.810043344073660077e-01,-7.635705937560137713e-01,-7.562786667265050111e-01,-8.205592254916241890e-01,-9.999999996339764552e-01,-9.999999955085628889e-01,-6.146308828420810055e-01,-9.552693543297390288e-01,-9.998952420322967383e-01,-8.380945785602180731e-01,-8.730849785118895978e-01,-3.527466025732773902e-01,-9.258926963090304829e-01,-9.999999933236273231e-01,-9.999999999998133715e-01,-6.388690024314280791e-01,-5.052821397394831049e-01,-9.999925898529781199e-01,-7.145717710612660145e-01,-5.197857876249798448e-01,-9.506539765556116794e-01,-7.974315318879555692e-01,-9.999996440841720791e-01,-9.999999999999812372e-01,-9.077444794821473151e-01,-6.113171743200465080e-01,-9.999656729965952229e-01,-9.888342920776613809e-01,-9.973163963626763273e-01,-9.998737162558686276e-01,-9.989105817003619547e-01,-9.999992077112148658e-01,-1.000000000000000000e+00,-9.999960032061774307e-01,-9.604818483447852273e-01,-9.898274061015160941e-01,-1.903355613113303368e-01,-5.483118915225710932e-01,-9.733643873072717057e-01,-7.228039704392140719e-01,-1.000000000000000000e+00,-8.159491491311350320e-01,-1.507322675007057855e-01,-4.415432860233685641e-01
-9.955956457661955250e-01,-6.788845621972142697e-01,-9.359036038583292694e-01,-9.603656220280886169e-01,-7.916591417756685400e-01,-1.000000000000000000e+00,-8.895702424262490471e-01,-6.997552145690082437e-01,-7.640381332892771660e-01,-9.999993943856186895e-01,-9.108325224996600689e-01,-9.971713318822204020e-01,-9.994231474797772297e-01,-8.324489016571943178e-01,-9.999979994708766418e-01,-9.999999999999992228e-01,-9.796505953422082191e-01,-9.177542641681188940e-01,-9.999940615363016594e-01,-6.998246567447814481e-01,-9.986496086898422053e-01,-8.209932340113824667e-01,-8.633584001809853081e-01,-9.999999771581900010e-01,-9.999999999997872813e-01,-9.995970909628748569e-01,-8.811953335196257564e-01,-9.999064524823398914e-01,-9.863660050285670833e-01,-8.123356912389090301e-01,-8.109392869566838247e-01,-8.616188208654813607e-01,-9.999999998042597982e-01,-9.999999971401486443e-01,-6.886172599732247601e-01,-9.655720503036975266e-01,-9.999258489782919535e-01,-8.742124538428854841e-01,-9.015709646408184286e-01,-4.513233693748063269e-01,-9.443682394703607486e-01,-9.999999962727184055e-01,-9.999999999998987477e-01,-7.077019457140077963e-01,-5.942859805896265613e-01,-9.999950566927439111e-01,-7.713974031920677321e-01,-5.995539546960291233e-01,-9.624340356678167119e-01,-8.431828170857611493e-01,-9.999997934332620630e-01,-9.999999999999900080e-01,-9.292408712526053494e-01,-6.898461566704932046e-01,-9.999762901833340045e-01,-9.918158703916254426e-01,-9.980977554627324944e-01,-9.999140157999424350e-01,-9.992405593984399204e-01,-9.999995384027778877e-01,-1.000000000000000000e+00,-9.999974144640334517e-01,-9.708640190921032920e-01,-9.926071823724940124e-01,-3.362164112436035746e-01,-6.290716116587093953e-01,-9.799768396533736770e-01,-7.780580341898698515e-01,-1.000000000000000000e+00,-8.638352419246283498e-01,-2.853457727340479311e-01,-5.445807425587885220e-01
-9.970170771999282699e-01,-7.639281395576446032e-01,-9.544972985429777124e-01,-9.720651541518502414e-01,-8.458775093988839533e-01,-1.000000000000000000e+00,-9.243144368403699573e-01,-7.763668721746619372e-01,-8.268107027644157059e-01,-9.999996398755521820e-01,-9.357876519121653969e-01,-9.980925416040492548e-01,-9.996242029615912683e-01,-8.774155142264525864e-01,-9.999988826702810307e-01,-9.999999999999996669e-01,-9.858302328231535183e-01,-9.405655892461066703e-01,-9.999962655212931706e-01,-7.752799627759843215e-01,-9.991142585226582273e-01,-8.684957795349816934e-01,-9.003486161649729702e-01,-9.999999879670714575e-01,-9.999999999998889777e-01,-9.997355796640579051e-01,-9.136246991174383769e-01,-9.999379745426417720e-01,-9.908578675015768944e-01,-8.606630421692111899e-01,-8.628664911226189282e-01,-9.001979780382828311e-01,-9.999999999022953778e-01,-9.999999982955030120e-01,-7.647573166757503094e-01,-9.751932152026467904e-01,-9.999508501888523249e-01,-9.085491337096253117e-01,-9.285800671818460472e-01,-5.648393724548101957e-01,-9.609504310073428979e-01,-9.999999980576860237e-01,-9.999999999999485967e-01,-7.785795067146312753e-01,-6.886055881210428886e-01,-9.999969139372550941e-01,-8.286976747705320223e-01,-6.875060255237491758e-01,-9.732394855186984328e-01,-8.865039279871949063e-01,-9.999998880979202864e-01,-9.999999999999950040e-01,-9.492276867718690836e-01,-7.684276634766802339e-01,-9.999846685511140087e-01,-9.943878554309886209e-01,-9.987387238594384042e-01,-9.999452376933952724e-01,-9.995047834921785279e-01,-9.999997489807632700e-01,-1.000000000000000000e+00,-9.999984358355640257e-01,-9.799066052268819993e-01,-9.949723255641754749e-01,-4.910385514551280917e-01,-7.150553334266305239e-01,-9.859213066586343110e-01,-8.337867785053367786e-01,-1.000000000000000000e+00,-9.059723140624263982e-01,-4.372377997873435618e-01,-6.523801901799806124e-01
-9.982073564650350006e-01,-8.460795124855096105e-01,-9.713587888452379637e-01,-9.825377059445655759e-01,-8.989413702787024674e-01,-1.000000000000000000e+00,-9.540939174572556913e-01,-8.522617343239083931e-01,-8.872256611249629277e-01,-9.999998100962055325e-01,-9.589799647264182214e-01,-9.988589335376475420e-01,-9.997828955017690200e-01,-9.204290936604986317e-01,-9.999994477342871724e-01,-9.999999999999998890e-01,-9.912475440800382342e-01,-9.619064038937986671e-01,-9.999979160152434599e-01,-8.508226087094730161e-01,-9.994848171399600689e-01,-9.143088747885138590e-01,-9.355205839693359060e-01,-9.999999943902641020e-01,-9.999999999999487077e-01,-9.998460491656768756e-01,-9.442965926323328985e-01,-9.999634880691586902e-01,-9.945700756455567726e-01,-9.082467339432200859e-01,-9.118166577785096205e-01,-9.361774439921698443e-01,-9.999999999568400799e-01,-9.999999990984086429e-01,-8.424538507709915525e-01,-9.841346651144817770e-01,-9.999710754024483395e-01,-9.410100475524119101e-01,-9.540307126087288481e-01,-6.938460611402850198e-01,-9.756999339966451190e-01,-9.999999991042467506e-01,-9.999999999999769074e-01,-8.511644918432557105e-01,-7.879217617203261304e-01,-9.999982905579510861e-01,-8.861299957147418249e-01,-7.836314953749857759e-01,-9.830871019998489446e-01,-9.271885780542226119e-01,-9.999999463528419508e-01,-9.999999999999977796e-01,-9.676859119888973071e-01,-8.466124886931815086e-01,-9.999912003171030905e-01,-9.965863307820869155e-01,-9.992583209797050170e-01,-9.999690683704827165e-01,-9.997136054898926316e-01,-9.999998791960649225e-01,-1.000000000000000000e+00,-9.999991609780259916e-01,-9.877105128163889969e-01,-9.969663233437437988e-01,-6.539440550392796592e-01,-8.058594947927955054e-01,-9.912215471269020250e-01,-8.896095409295008416e-01,-1.000000000000000000e+00,-9.425384898116034860e-01,-6.068144054097066586e-01,-7.645303082023890973e-01
-9.991934307840625307e-01,-9.249031998071148841e-01,-9.865134821866788917e-01,-9.918315298638168409e-01,-9.504435447885887234e-01,-1.000000000000000000e+00,-9.792096738274305157e-01,-9.269618653041766798e-01,-9.450315909419331195e-01,-9.999999250722112487e-01,-9.803870672074685988e-01,-9.994890796270752276e-01,-9.999061542034567429e-01,-9.613359548228400664e-01,-9.999997961791093903e-01,-1.000000000000000000e+00,-9.959537101829305517e-01,-9.817291374921436331e-01,-9.999991292943111176e-01,-9.259095434473409991e-01,-9.997758046865582449e-01,-9.582110427542630537e-01,-9.687679963007856943e-01,-9.999999980472467076e-01,-9.999999999999822364e-01,-9.999329077717331593e-01,-9.731147741211577662e-01,-9.999838998335183193e-01,-9.975897307595442687e-01,-9.547882900790061189e-01,-9.575835990933613262e-01,-9.694658938737561460e-01,-9.999999999857642763e-01,-9.999999996429017601e-01,-9.210825280731319564e-01,-9.924010938990160957e-01,-9.999872486202751043e-01,-9.715152811908114305e-01,-9.778551952294752825e-01,-8.387904155931900085e-01,-9.886890246994357589e-01,-9.999999996915373002e-01,-9.999999999999922284e-01,-9.250975935303898945e-01,-8.918617052418716939e-01,-9.999992911242457927e-01,-9.433469858381612339e-01,-8.878485684612703599e-01,-9.919985466120919693e-01,-9.650655977724997836e-01,-9.999999807960882059e-01,-9.999999999999992228e-01,-9.846084995273719498e-01,-9.239514807310137412e-01,-9.999962174620919964e-01,-9.984459897416571028e-01,-9.996736471478359087e-01,-9.999869266923356870e-01,-9.998760615207528124e-01,-9.999999565900744569e-01,-1.000000000000000000e+00,-9.999996633125007861e-01,-9.943756207031849703e-01,-9.986296861590410190e-01,-8.239587614175358787e-01,-9.010170105645016747e-01,-9.959045356690723327e-01,-9.451418736434102907e-01,-1.000000000000000000e+00,-9.737800290163634021e-01,-7.943552490795808829e-01,-8.805719039544540605e-01
-1.000000000000000000e+00,-1.000000000000000000e+00,-1.000000000000000000e+00,-1.000000000000000000e+00,-1.000000000000000000e+00,-1.000000000000000000e+00,-1.000000000000000000e+00,-1.000000000000000000e+00,-1.000000000000000000e+00,-1.000000000000000000e+00,-1.000000000000000000e+00,-1.000000000000000000e+00,-1.000000000000000000e+00,-1.000000000000000000e+00,-1.000000000000000000e+00,-1.000000000000000000e+00,-1.000000000000000000e+00,-1.000000000000000000e+00,-1.000000000000000000e+00,-1.000000000000000000e+00,-1.000000000000000000e+00,-1.000000000000000000e+00,-1.000000000000000000e+00,-1.000000000000000000e+00,-1.000000000000000000e+00,-1.000000000000000000e+00,-1.000000000000000000e+00,-1.000000000000000000e+00,-1.000000000000000000e+00,-1.000000000000000000e+00,-1.000000000000000000e+00,-1.000000000000000000e+00,-1.000000000000000000e+00,-1.000000000000000000e+00,-1.000000000000000000e+00,-1.000000000000000000e+00,-1.000000000000000000e+00,-1.000000000000000000e+00,-1.000000000000000000e+00,-1.000000000000000000e+00,-1.000000000000000000e+00,-1.000000000000000000e+00,-1.000000000000000000e+00,-1.000000000000000000e+00,-1.000000000000000000e+00,-1.000000000000000000e+00,-1.000000000000000000e+00,-1.000000000000000000e+00,-1.000000000000000000e+00,-1.000000000000000000e+00,-1.000000000000000000e+00,-1.000000000000000000e+00,-1.000000000000000000e+00,-1.000000000000000000e+00,-1.000000000000000000e+00,-1.000000000000000000e+00,-1.000000000000000000e+00,-1.000000000000000000e+00,-1.000000000000000000e+00,-1.000000000000000000e+00,-1.000000000000000000e+00,-1.000000000000000000e+00,-1.000000000000000000e+00,-1.000000000000000000e+00,-1.000000000000000000e+00,-1.000000000000000000e+00,-1.000000000000000000e+00,-1.000000000000000000e+00,-1.000000000000000000e+00,-1.000000000000000000e+00,-1.000000000000000000e+00,-1.000000000000000000e+00
-9.988954123211829517e-01,-9.999999939085543188e-01,-9.999999889990226487e-01,-9.999996579611484249e-01,-9.999999999943085527e-01,-1.000000000000000000e+00,-9.999999999999737987e-01,-9.999999983045456675e-01,-9.999998684367321644e-01,-9.729417541650190460e-01,-9.999997419975147350e-01,-9.998880486413856961e-01,-9.999159253619545051e-01,-9.999997689233011133e-01,-9.999989216299555173e-01,-9.786833451079159918e-01,-9.999948709585296802e-01,-9.999999732618035653e-01,-9.354297545938723424e-01,-9.999999999144236762e-01,-9.999510441599309685e-01,-9.999999866191282560e-01,-9.999996578052086083e-01,-9.999582795647834477e-01,-8.748011992433928352e-01,-9.989954972375622022e-01,-9.999999526616539791e-01,-9.132201444793345280e-01,-9.999999995616056792e-01,-9.999999990729263599e-01,-9.999999994666508574e-01,-9.999999956797792633e-01,-9.993592592654181317e-01,-8.267463966409523968e-01,-9.999999999984560128e-01,-9.999727262506816761e-01,-9.025659823190298470e-01,-9.999994846951493210e-01,-9.999999260717472582e-01,-9.999999999980361265e-01,-9.999999859365700239e-01,-9.999602215404236327e-01,-8.046086598565370673e-01,-9.999999858423237464e-01,-9.999999969919132203e-01,-9.473431981393267698e-01,-9.999999974527248314e-01,-9.999999998785945587e-01,-9.999981889140081570e-01,-9.999999998724951045e-01,-9.999921499596133856e-01,-8.793656170097435831e-01,-9.999998764226718517e-01,-9.999999888459174535e-01,-9.208279489096669046e-01,-9.999889062103108905e-01,-9.999475179983339235e-01,-9.994163237182989157e-01,-9.997549824177046629e-01,-9.999898313089736757e-01,-9.487043576450377991e-01,-9.975667416526636799e-01,-9.999969772672030466e-01,-9.996374458602077517e-01,-9.999999999917498217e-01,-9.999999999776225668e-01,-9.999999294058720123e-01,-9.999999998337093521e-01,-1.000000000000000000e+00,-9.999999999999885647e-01,-9.999999999519145755e-01,-9.999999809908093340e-01
-9.975558428190071103e-01,-9.999999842867065558e-01,-9.999999715373127929e-01,-9.999991572497256564e-01,-9.999999999839788156e-01,-1.000000000000000000e+00,-9.999999999999147349e-01,-9.999999956070702023e-01,-9.999996761078026042e-01,-9.427318030737207311e-01,-9.999993678462598679e-01,-9.997445691548328961e-01,-9.998051988412672841e-01,-9.999994366551705482e-01,-9.999971458500162003e-01,-9.550564386563715757e-01,-9.999878125662988726e-01,-9.999999326398761879e-01,-8.680340844001239731e-01,-9.999999997697640586e-01,-9.998850664726295356e-01,-9.999999661287177766e-01,-9.999991702287260864e-01,-9.998958493089200594e-01,-7.614333228403911136e-01,-9.977812532095547970e-01,-9.999998817972339804e-01,-8.256324077106164117e-01,-9.999999987710744831e-01,-9.999999975858266943e-01,-9.999999985673526659e-01,-9.999999887237772667e-01,-9.984843810719375989e-01,-6.699590592002822032e-01,-9.999999999956378227e-01,-9.999383575746961794e-01,-8.051374168767932993e-01,-9.999987554086260388e-01,-9.999998167096429968e-01,-9.999999999946863616e-01,-9.999999634090717127e-01,-9.999021286509071071e-01,-6.237054741498622157e-01,-9.999999650135402707e-01,-9.999999924625385672e-01,-8.915736761076036299e-01,-9.999999935025474240e-01,-9.999999996867414698e-01,-9.999956914663770124e-01,-9.999999996506070410e-01,-9.999798512796715944e-01,-7.709075580700124330e-01,-9.999996939339721447e-01,-9.999999719209907711e-01,-8.398970066129639589e-01,-9.999738736884035140e-01,-9.998776180068055242e-01,-9.986909599526727632e-01,-9.994392272682465217e-01,-9.999737951683838055e-01,-8.951037970264938970e-01,-9.946496400748522371e-01,-9.999926563718727346e-01,-9.991821848103789039e-01,-9.999999999773286907e-01,-9.999999999399904471e-01,-9.999998234062014157e-01,-9.999999995589016200e-01,-1.000000000000000000e+00,-9.999999999999628075e-01,-9.999999998743557272e-01,-9.999999532759342724e-01
-9.959509434146457396e-01,-9.999999696689908513e-01,-9.999999449097453086e-01,-9.999984461582872575e-01,-9.999999999662724237e-01,-1.000000000000000000e+00,-9.999999999997933875e-01,-9.999999914823018976e-01,-9.999994031297159136e-01,-9.093107903084323151e-01,-9.999988407140653068e-01,-9.995637818565682453e-01,-9.996622863614820220e-01,-9.999989719205929495e-01,-9.999943594734157504e-01,-9.292461958433797520e-01,-9.999783255464035348e-01,-9.999998730108228262e-01,-7.980688088011615999e-01,-9.999999995365627115e-01,-9.997981170396263995e-01,-9.999999358334926702e-01,-9.999984937939521146e-01,-9.998058625302895797e-01,-6.599316305222325818e-01,-9.963316790699637826e-01,-9.999997791070076580e-01,-7.375519437399005174e-01,-9.999999974253885870e-01,-9.999999952956800664e-01,-9.999999971214663663e-01,-9.999999779810039291e-01,-9.973231034427382236e-01,-5.292202848548956950e-01,-9.999999999907820403e-01,-9.998956631645050663e-01,-7.080619640804721726e-01,-9.999977497383907288e-01,-9.999996598859738350e-01,-9.999999999892397184e-01,-9.999999287873756471e-01,-9.998201922005935938e-01,-4.580281920672606422e-01,-9.999999352695697619e-01,-9.999999858597213853e-01,-8.328597306134338796e-01,-9.999999875955364326e-01,-9.999999993949014732e-01,-9.999923273183286554e-01,-9.999999992839611052e-01,-9.999613848730531940e-01,-6.746266604644937104e-01,-9.999994326963772551e-01,-9.999999470912933619e-01,-7.575291966250956577e-01,-9.999539514313693367e-01,-9.997864545818324622e-01,-9.978031751362738122e-01,-9.990396082441164172e-01,-9.999495766636218308e-01,-8.398330349681313312e-01,-9.911988280900907444e-01,-9.999866499777105844e-01,-9.986190241332258966e-01,-9.999999999533882855e-01,-9.999999998795738865e-01,-9.999996694692628862e-01,-9.999999991245193121e-01,-1.000000000000000000e+00,-9.999999999999089617e-01,-9.999999997542353691e-01,-9.999999140078872362e-01
-9.940478932219110053e-01,-9.999999480751000647e-01,-9.999999054581081293e-01,-9.999974590540046115e-01,-9.999999999370650094e-01,-1.000000000000000000e+00,-9.999999999995564659e-01,-9.999999853517272941e-01,-9.999990241806127056e-01,-8.726431419578506432e-01,-9.999981140775543453e-01,-9.993391286911611493e-01,-9.994808025225453418e-01,-9.999983354012186298e-01,-9.999901350981630355e-01,-9.014260032502406927e-01,-9.999658067594912048e-01,-9.999997876657841234e-01,-7.258086764324869211e-01,-9.999999991728140136e-01,-9.996855441566978584e-01,-9.999998921770839599e-01,-9.999975742404820789e-01,-9.996797517004796241e-01,-5.702004892834576788e-01,-9.946194551549012441e-01,-9.999996338387752148e-01,-6.492900658918124845e-01,-9.999999952222907718e-01,-9.999999918699012946e-01,-9.999999948725201149e-01,-9.999999618755205377e-01,-9.958158868898686622e-01,-4.040244716687225734e-01,-9.999999999827321462e-01,-9.998432472932833326e-01,-6.116765065596222462e-01,-9.999963902320989639e-01,-9.999994401630059038e-01,-9.999999999806709061e-01,-9.999998771321322311e-01,-9.997076499384501824e-01,-3.080924428523859060e-01,-9.999998937292267076e-01,-9.999999764611455788e-01,-7.713927779365602477e-01,-9.999999789923809113e-01,-9.999999989629395625e-01,-9.999878776022844695e-01,-9.999999986992594847e-01,-9.999345064908018443e-01,-5.903800571872870329e-01,-9.999990673118358542e-01,-9.999999115564178753e-01,-6.740520377696315180e-01,-9.999280069782062741e-01,-9.996695353781782645e-01,-9.967303901913945330e-01,-9.985412588527863287e-01,-9.999141358170163807e-01,-7.835705363565372839e-01,-9.871631899871354809e-01,-9.999784766396833113e-01,-9.979309928414014097e-01,-9.999999999150197549e-01,-9.999999997856586775e-01,-9.999994513768060145e-01,-9.999999984590181024e-01,-1.000000000000000000e+00,-9.999999999998032685e-01,-9.999999995734796254e-01,-9.999998595525093625e-01
-9.918113253571863019e-01,-9.999999168489902557e-01,-9.999998482745940942e-01,-9.999961131412289372e-01,-9.999999998902135978e-01,-1.000000000000000000e+00,-9.999999999991114885e-01,-9.999999764342826225e-01,-9.999985071958911176e-01,-8.327186409313838134e-01,-9.999971295077318967e-01,-9.990632003062662747e-01,-9.992534183025144623e-01,-9.999974779311922024e-01,-9.999838961385394409e-01,-8.718144484930911986e-01,-9.999495312606042630e-01,-9.999996678788155569e-01,-6.515451134632715968e-01,-9.999999986191588919e-01,-9.995418996415731394e-01,-9.999998304985034947e-01,-9.999963442006752912e-01,-9.995069074512681340e-01,-4.920245823133312379e-01,-9.926155455005445383e-01,-9.999994321511349593e-01,-5.611523534910602962e-01,-9.999999917170793173e-01,-9.999999868568566486e-01,-9.999999914597382800e-01,-9.999999382670895498e-01,-9.938956506010048209e-01,-2.937901762247910886e-01,-9.999999999697556374e-01,-9.997795318978460744e-01,-5.163053439303215697e-01,-9.999945812455469651e-01,-9.999991378463892744e-01,-9.999999999675143192e-01,-9.999998017782519844e-01,-9.995563163270624329e-01,-1.741980278026176165e-01,-9.999998367136352373e-01,-9.999999633274546662e-01,-7.073859596987699394e-01,-9.999999667130852199e-01,-9.999999983366997247e-01,-9.999820779612413890e-01,-9.999999977909268534e-01,-9.998963179125550660e-01,-5.178945662223675139e-01,-9.999985654630639820e-01,-9.999998616646424976e-01,-5.897960954254894972e-01,-9.998946984445088448e-01,-9.995216392387015203e-01,-9.954481463374861283e-01,-9.979274252679902757e-01,-9.998635238868145425e-01,-7.270243177624671205e-01,-9.824907836531864280e-01,-9.999675414724801259e-01,-9.970992068136009800e-01,-9.999999998550969105e-01,-9.999999996431300220e-01,-9.999991482811355636e-01,-9.999999974629899535e-01,-1.000000000000000000e+00,-9.999999999996028732e-01,-9.999999993073118709e-01,-9.999997852957699385e-01
-9.892032643253707569e-01,-9.999998724523810889e-01,-9.999997668224398506e-01,-9.999943045680044218e-01,-9.999999998166568815e-01,-1.000000000000000000e+00,-9.999999999982988053e-01,-9.999999636825868121e-01,-9.999978117848904446e-01,-7.895537604667097753e-01,-9.999958140104548976e-01,-9.987276600357818390e-01,-9.989717639833849416e-01,-9.999963383346324175e-01,-9.999748729594866159e-01,-8.406728295481905588e-01,-9.999286318132671880e-01,-9.999995023701626629e-01,-5.755838734441561799e-01,-9.999999977923894612e-01,-9.993608357617187465e-01,-9.999997447265143169e-01,-9.999947204353017982e-01,-9.992743217545503320e-01,-4.250812221142545866e-01,-9.902892286006803602e-01,-9.999991563290703267e-01,-4.734369326308016657e-01,-9.999999862623332181e-01,-9.999999796475342873e-01,-9.999999863798195721e-01,-9.999999042704712515e-01,-9.914876512645663942e-01,-1.978720674150981074e-01,-9.999999999492816816e-01,-9.997027377766239953e-01,-4.222586282875070429e-01,-9.999922052263860994e-01,-9.999987279516080463e-01,-9.999999999476913981e-01,-9.999996937995337953e-01,-9.993563804667585648e-01,-5.643866166344668756e-02,-9.999997595489658053e-01,-9.999999452435760494e-01,-6.410725631129645663e-01,-9.999999494666568234e-01,-9.999999974435589412e-01,-9.999746105233817683e-01,-9.999999964082607606e-01,-9.998431141418190338e-01,-4.567813363455623943e-01,-9.999978862613861930e-01,-9.999997926816799332e-01,-5.050926233856325442e-01,-9.998524432085852398e-01,-9.993367276368289032e-01,-9.939300873179991447e-01,-9.971793172863337995e-01,-9.997926637184376686e-01,-6.709168895132884280e-01,-9.771293131952951683e-01,-9.999531134668677712e-01,-9.961027315134448612e-01,-9.999999997633622906e-01,-9.999999994308284013e-01,-9.999987335499216368e-01,-9.999999959993506327e-01,-1.000000000000000000e+00,-9.999999999992338351e-01,-9.999999989219887642e-01,-9.999996854074838515e-01
-9.861830757901289823e-01,-9.999998102008543777e-01,-9.999996524528528274e-01,-9.999919037620055295e-01,-9.999999997031451260e-01,-1.000000000000000000e+00,-9.999999999968468556e-01,-9.999999457008235115e-01,-9.999968873154051474e-01,-7.431927367938379048e-01,-9.999940768435364724e-01,-9.983231651745085866e-01,-9.986263278451421588e-01,-9.999948408418779522e-01,-9.999620483368498736e-01,-8.083014759999893606e-01,-9.999020755863904375e-01,-9.999992766415037870e-01,-4.982426251188926125e-01,-9.999999965767112364e-01,-9.991349936810607346e-01,-9.999996269975452989e-01,-9.999926005549409913e-01,-9.989661966708870411e-01,-3.689534286887296011e-01,-9.876081458760208598e-01,-9.999987838212176516e-01,-3.864329439805093136e-01,-9.999999779244140852e-01,-9.999999694259276151e-01,-9.999999789358900992e-01,-9.999998560222014277e-01,-9.885095353796955475e-01,-1.155726062294717416e-01,-9.999999999175286369e-01,-9.996108643452646936e-01,-3.298310464964151478e-01,-9.999891183316728105e-01,-9.999981789467691229e-01,-9.999999999182742627e-01,-9.999995413239528563e-01,-9.990961952963705039e-01,4.528529741684095278e-02,-9.999996563248513270e-01,-9.999999206455122414e-01,-5.727042838558622506e-01,-9.999999255620508620e-01,-9.999999961866770093e-01,-9.999650946788075645e-01,-9.999999943378821143e-01,-9.997702039502270877e-01,-4.065513262521122106e-01,-9.999969782452987621e-01,-9.999996985023869023e-01,-4.202713236260190444e-01,-9.997993829896870688e-01,-9.991078494769154439e-01,-9.921479603169763850e-01,-9.962759590412781918e-01,-9.996950896798179054e-01,-6.159697937697237169e-01,-9.710266502914134401e-01,-9.999342989818386096e-01,-9.949184433386134563e-01,-9.999999996251639489e-01,-9.999999991193374571e-01,-9.999981733569344167e-01,-9.999999938803509902e-01,-1.000000000000000000e+00,-9.999999999985691446e-01,-9.999999983718274033e-01,-9.999995525531614193e-01
-9.827074307405563314e-01,-9.999997239279690975e-01,-9.999994937926810490e-01,-9.999887498649402406e-01,-9.999999995304553746e-01,-1.000000000000000000e+00,-9.999999999942997819e-01,-9.999999206394148965e-01,-9.999956706038920506e-01,-6.937083650710725857e-01,-9.999918057206096389e-01,-9.978392860352887084e-01,-9.982063513427417156e-01,-9.999928920121157194e-01,-9.999440902393558206e-01,-7.750349552980863033e-01,-9.998686377443966045e-01,-9.999989721557962508e-01,-4.198485131332490017e-01,-9.999999948120457116e-01,-9.988558834779047713e-01,-9.999994671798138057e-01,-9.999898591434738249e-01,-9.985635216115457125e-01,-3.231434462039377564e-01,-9.845383693926339497e-01,-9.999982860625680203e-01,-3.004192061862378527e-01,-9.999999653685660572e-01,-9.999999551050799962e-01,-9.999999681696715159e-01,-9.999997883809471633e-01,-9.848715957874119020e-01,-4.615330186492561104e-02,-9.999999998689765857e-01,-9.995016679004783411e-01,-2.393007503494649635e-01,-9.999851452757156922e-01,-9.999974512287300721e-01,-9.999999998751641916e-01,-9.999993286621531308e-01,-9.987620623256738828e-01,1.312516281935089957e-01,-9.999995195993909292e-01,-9.999998875292762657e-01,-5.025493605138849906e-01,-9.999998927957909345e-01,-9.999999944375869143e-01,-9.999530765136279697e-01,-9.999999912798971380e-01,-9.996717012682757586e-01,-3.666312116951987443e-01,-9.999957769648144534e-01,-9.999995712926021962e-01,-3.356582470279451114e-01,-9.997333450629950491e-01,-9.988270393692167959e-01,-9.900716379192262551e-01,-9.951940414142296243e-01,-9.995626427902487565e-01,-5.628882055345603153e-01,-9.641314018521943696e-01,-9.999100108937614140e-01,-9.935208908545090090e-01,-9.999999994197182884e-01,-9.999999986680190300e-01,-9.999974249699145057e-01,-9.999999908504555446e-01,-1.000000000000000000e+00,-9.999999999973938625e-01,-9.999999975953137721e-01,-9.999993775435651600e-01
-9.787302862900543188e-01,-9.999996055594495559e-01,-9.999992759716698210e-01,-9.999846441164078614e-01,-9.999999992708998864e-01,-1.000000000000000000e+00,-9.999999999898998571e-01,-9.999998860604518702e-01,-9.999940831390832230e-01,-6.412025068555305962e-01,-9.999888622989432374e-01,-9.972644234027633336e-01,-9.976997216733102247e-01,-9.999903770793868718e-01,-9.999192697065801827e-01,-7.412362757429610260e-01,-9.998268716280545032e-01,-9.999985653292132737e-01,-3.407357242701307687e-01,-9.999999922784412743e-01,-9.985137559480634639e-01,-9.999992522827862995e-01,-9.999863431886094611e-01,-9.980436239197491011e-01,-2.870863917435769741e-01,-9.810444904337851657e-01,-9.999976270398827083e-01,-2.156630789702820294e-01,-9.999999467018156896e-01,-9.999999352449711054e-01,-9.999999527717754466e-01,-9.999996945442095608e-01,-9.804772619366354247e-01,1.115458378129385864e-02,-9.999999997956255937e-01,-9.993726383536957192e-01,-1.509285308528725000e-01,-9.999800732914444490e-01,-9.999964952823948705e-01,-9.999999998126566370e-01,-9.999990352033463203e-01,-9.983380173154944304e-01,2.018990560876809948e-01,-9.999993400399606047e-01,-9.999998433379523322e-01,-4.308906094992499547e-01,-9.999998483106556924e-01,-9.999999920266751108e-01,-9.999380167449684054e-01,-9.999999868156834726e-01,-9.995402852206269895e-01,-3.363793431696249225e-01,-9.999942020763574746e-01,-9.999994010456693116e-01,-2.515738534859522924e-01,-9.996517993660821721e-01,-9.984852096299832169e-01,-9.876691635403334057e-01,-9.939077783952681155e-01,-9.993851169321159578e-01,-5.123460545544715750e-01,-9.563935209134848403e-01,-9.998789328364942053e-01,-9.918821574001474017e-01,-9.999999991177305203e-01,-9.999999980210558803e-01,-9.999964346788933200e-01,-9.999999865638737884e-01,-1.000000000000000000e+00,-9.999999999953472773e-01,-9.999999965100279109e-01,-9.999991489096464736e-01
-9.742028855829866218e-01,-9.999994445754343264e-01,-9.999989796514768825e-01,-9.999793420185190129e-01,-9.999999988848624621e-01,-1.000000000000000000e+00,-9.999999999823999675e-01,-9.999998387664079669e-01,-9.999920277552308834e-01,-5.858063013791752205e-01,-9.999850768341298490e-01,-9.965857251372395309e-01,-9.970928628562617524e-01,-9.999871556271517914e-01,-9.998853613932249251e-01,-7.072902327358698837e-01,-9.997750752137639640e-01,-9.999980262966799982e-01,-2.612430888078717262e-01,-9.999999886753845324e-01,-9.980974666003127327e-01,-9.999989657269471310e-01,-9.999818667118669513e-01,-9.973796997248757235e-01,-2.601637562573885232e-01,-9.770897305933577970e-01,-9.999967615496659912e-01,-1.324195256971096857e-01,-9.999999192594966058e-01,-9.999999079475015984e-01,-9.999999309636219413e-01,-9.999995655600947275e-01,-9.752238509277809664e-01,5.713998880251969226e-02,-9.999999996859567641e-01,-9.992209744104266766e-01,-6.495722841713547080e-02,-9.999736450741877336e-01,-9.999952494648607360e-01,-9.999999997228532500e-01,-9.999986340228794734e-01,-9.978056235490732062e-01,2.578086152663765507e-01,-9.999991059870839694e-01,-9.999997848220270047e-01,-3.580233884706042202e-01,-9.999997884185917174e-01,-9.999999887309928281e-01,-9.999192769890670185e-01,-9.999999803645732710e-01,-9.993669270825086270e-01,-3.151014125791850029e-01,-9.999921538614275907e-01,-9.999991750351091557e-01,-1.683312450106900782e-01,-9.995518112691224033e-01,-9.980720364154623825e-01,-9.849068228102308975e-01,-9.923887699831167586e-01,-9.991498525661972607e-01,-4.649720996857356070e-01,-9.477649570140020963e-01,-9.998394779196828619e-01,-9.899717268147679716e-01,-9.999999986781508143e-01,-9.999999971021934497e-01,-9.999951352994359555e-01,-9.999999805551889054e-01,-1.000000000000000000e+00,-9.999999999918312010e-01,-9.999999950060474152e-01,-9.999988523883239777e-01
-9.690737795349363415e-01,-9.999992273338951243e-01,-9.999985798107260404e-01,-9.999725440913608265e-01,-9.999999983160094974e-01,-1.000000000000000000e+00,-9.999999999697669617e-01,-9.999997745829097839e-01,-9.999893846582613710e-01,-5.276800766557674383e-01,-9.999802418689225370e-01,-9.957890028382155867e-01,-9.963706266875334006e-01,-9.999830564835521240e-01,-9.998395241793284205e-01,-6.735960744067860384e-01,-9.997112535335356265e-01,-9.999973174056360214e-01,-1.817117429763691616e-01,-9.999999835944629600e-01,-9.975943324785615518e-01,-9.999985864439649985e-01,-9.999762044768083502e-01,-9.965403344406762454e-01,-2.417165091627813123e-01,-9.726360771133313321e-01,-9.999956330900471313e-01,-5.093037104538056248e-02,-9.999998793169000422e-01,-9.999998707226903649e-01,-9.999999003426979227e-01,-9.999993897079996197e-01,-9.690036025483996784e-01,9.260274432271375922e-02,-9.999999995234849504e-01,-9.990435571893233613e-01,1.838863335379858910e-02,-9.999655505613275208e-01,-9.999936373469181516e-01,-9.999999995948719578e-01,-9.999980901339503570e-01,-9.971437805982891200e-01,2.996840743070459112e-01,-9.999988029263344735e-01,-9.999997078671486461e-01,-2.842535146969726867e-01,-9.999997083795388875e-01,-9.999999842586968501e-01,-9.998961041838501096e-01,-9.999999711258874546e-01,-9.991405831211720434e-01,-3.020655292738482212e-01,-9.999895090693855515e-01,-9.999988771412828825e-01,-8.623458054899213465e-02,-9.994299898075912347e-01,-9.975758405834533882e-01,-9.817492434305499227e-01,-9.906058745731851634e-01,-9.988412752057342914e-01,-4.213373452038626787e-01,-9.382003416372067806e-01,-9.997897412676740592e-01,-9.877563543215638342e-01,-9.999999980437711544e-01,-9.999999958077757656e-01,-9.999934431754289310e-01,-9.999999722011204684e-01,-1.000000000000000000e+00,-9.999999999858618649e-01,-9.999999929373987184e-01,-9.999984703020020627e-01
-9.632888733854299002e-01,-9.999989362224944722e-01,-9.999980442310840711e-01,-9.999638850067222862e-01,-9.999999974847008088e-01,-1.000000000000000000e+00,-9.999999999487133584e-01,-9.999996880842264568e-01,-9.999860066936143710e-01,-4.670129598549437322e-01,-9.999741048065033944e-01,-9.948586496499334242e-01,-9.955161851903108206e-01,-9.999778717151907026e-01,-9.997781591277192792e-01,-6.405596859203750437e-01,-9.996330767378991400e-01,-9.999963913847598196e-01,-1.024828744280943393e-01,-9.999999764833820137e-01,-9.969899827089733213e-01,-9.999980877716495575e-01,-9.999690846395946631e-01,-9.954890249306189709e-01,-2.310575927635994953e-01,-9.676444442244694910e-01,-9.999941713182709524e-01,2.857625438915589733e-02,-9.999998217020532598e-01,-9.999998203188195101e-01,-9.999998576806613526e-01,-9.999991517161893606e-01,-9.617050162561324722e-01,1.183450691579537306e-01,-9.999999992847516950e-01,-9.988369222972961481e-01,9.890300616306380022e-02,-9.999554173848919092e-01,-9.999915645341047599e-01,-9.999999994137874770e-01,-9.999973583020804746e-01,-9.963285577372379409e-01,3.283319117313328039e-01,-9.999984128506118619e-01,-9.999996072823049698e-01,-2.098951625794183151e-01,-9.999996021260955104e-01,-9.999999782292463557e-01,-9.998676129776473687e-01,-9.999999580017263634e-01,-9.988478532129958509e-01,-2.965164518132145099e-01,-9.999861159704689362e-01,-9.999984870256294345e-01,-5.577676437688916522e-03,-9.992824312131939335e-01,-9.969834640892920596e-01,-9.781595260338573627e-01,-9.885250941602651276e-01,-9.984403770947840595e-01,-3.819441331427961828e-01,-9.276577036034785451e-01,-9.997274456803320053e-01,-9.851999449185183666e-01,-9.999999971352715455e-01,-9.999999939975608987e-01,-9.999912545951710197e-01,-9.999999606709292221e-01,-1.000000000000000000e+00,-9.999999999758354408e-01,-9.999999901110157019e-01,-9.999979808117805957e-01
-9.567915012881024195e-01,-9.999985485991931267e-01,-9.999973316184739280e-01,-9.999529208636220856e-01,-9.999999962789635211e-01,-1.000000000000000000e+00,-9.999999999139669304e-01,-9.999995722475796267e-01,-9.999817137284053858e-01,-4.040221893871207559e-01,-9.999663592001729606e-01,-9.937775604803023022e-01,-9.945109264670415339e-01,-9.999713495816753284e-01,-9.996967420269877724e-01,-6.085855077108455191e-01,-9.995378334908480156e-01,-9.999951891253993086e-01,-2.389556831449757279e-02,-9.999999665987938657e-01,-9.962682039725818672e-01,-9.999974361014767332e-01,-9.999601801901899512e-01,-9.941837181963603109e-01,-2.274836292926517567e-01,-9.620748622588749521e-01,-9.999922889945961346e-01,1.058862941497475951e-01,-9.999997392786721395e-01,-9.999997525075854377e-01,-9.999997986610387191e-01,-9.999988317772324775e-01,-9.532145013435621150e-01,1.351639064647267574e-01,-9.999999989365537800e-01,-9.985972304039992808e-01,1.763982867165969637e-01,-9.999427998168873843e-01,-9.999889148780479742e-01,-9.999999991592178894e-01,-9.999963803247059468e-01,-9.953330623405459709e-01,3.446412915067043059e-01,-9.999979134921044288e-01,-9.999994765400233021e-01,-1.352687618183390228e-01,-9.999994619218632863e-01,-9.999999701482739090e-01,-9.998327658875315604e-01,-9.999999394945945363e-01,-9.984726063200688451e-01,-2.976887698616658140e-01,-9.999817884895232378e-01,-9.999979791211121016e-01,7.335720817701640861e-02,-9.991046576279294378e-01,-9.962801429660206320e-01,-9.740994085429931504e-01,-9.861094760731713427e-01,-9.979241421332669670e-01,-3.472171799572514317e-01,-9.160992085804239293e-01,-9.996498796816899457e-01,-9.822634419627015445e-01,-9.999999958432036484e-01,-9.999999914826470659e-01,-9.999884415226444334e-01,-9.999999448623365650e-01,-1.000000000000000000e+00,-9.999999999591583366e-01,-9.999999862725189592e-01,-9.999973570209149676e-01
-9.495225323906918424e-01,-9.999980354736771604e-01,-9.999963892808918509e-01,-9.999391143443866481e-01,-9.999999945421853553e-01,-1.000000000000000000e+00,-9.999999998571363902e-01,-9.999994180193141347e-01,-9.999762860027011646e-01,-3.389521337204729479e-01,-9.999566345719659299e-01,-9.925270561082971676e-01,-9.933343561586649439e-01,-9.999631862963643814e-01,-9.995896278171173543e-01,-5.780684111108411738e-01,-9.994223794012557782e-01,-9.999936370032738164e-01,5.371523286562074340e-02,-9.999999529446911284e-01,-9.954107824457122389e-01,-9.999965892288097402e-01,-9.999490990158648174e-01,-9.925763843835402334e-01,-2.302857006137554174e-01,-9.558866962746368490e-01,-9.999898783211708109e-01,1.807999851626060916e-01,-9.999996222596073681e-01,-9.999996618132992454e-01,-9.999997175398637195e-01,-9.999984043139154011e-01,-9.434183433579443889e-01,1.438441232245826207e-01,-9.999999984321334967e-01,-9.983202363909247090e-01,2.507051189176336958e-01,-9.999271660092382552e-01,-9.999855459761515242e-01,-9.999999988034421472e-01,-9.999950816593510261e-01,-9.941273546625554181e-01,3.495644435920988169e-01,-9.999972773997843900e-01,-9.999993074585846742e-01,-6.069891462930321335e-02,-9.999992779388460207e-01,-9.999999593757876726e-01,-9.997903510247465597e-01,-9.999999135722564825e-01,-9.979955753922591377e-01,-3.048188789518991859e-01,-9.999762992739286149e-01,-9.999973214017544576e-01,1.503004058575634350e-01,-9.988915509492604095e-01,-9.954493782116284883e-01,-9.695294664503224524e-01,-9.833190353546606977e-01,-9.972649161404103513e-01,-3.174967528426637653e-01,-9.034919161282053413e-01,-9.995538271953119391e-01,-9.789047289889982739e-01,-9.999999940172361601e-01,-9.999999880096613891e-01,-9.999848465329802538e-01,-9.999999233190243197e-01,-1.000000000000000000e+00,-9.999999999316681043e-01,-9.999999810879541817e-01,-9.999965659012101105e-01
-9.414205120523148063e-01,-9.999973598719461565e-01,-9.999951502696795558e-01,-9.999218174647551693e-01,-9.999999920564079936e-01,-1.000000000000000000e+00,-9.999999997649633432e-01,-9.999992137723017205e-01,-9.999694562851235702e-01,-2.720730241059095000e-01,-9.999444845522033054e-01,-9.910868128711985969e-01,-9.919640070328725745e-01,-9.999530164207856009e-01,-9.994498243857731223e-01,-5.493857551659653282e-01,-9.992830802206565943e-01,-9.999916436565616795e-01,1.300206468313580555e-01,-9.999999341922545248e-01,-9.943973441316646955e-01,-9.999954943471539570e-01,-9.999353724012162159e-01,-9.906126448436544107e-01,-2.387590972269169054e-01,-9.490388958547673059e-01,-9.999868065708280573e-01,2.531319331011210316e-01,-9.999994573002027876e-01,-9.999995411727510275e-01,-9.999996067084173657e-01,-9.999978364383895757e-01,-9.322049803250748168e-01,1.451525756167839631e-01,-9.999999977059641498e-01,-9.980012571875068739e-01,3.216720516081357228e-01,-9.999078833118674181e-01,-9.999812838437711626e-01,-9.999999983089029598e-01,-9.999933672620118230e-01,-9.926784212556101217e-01,3.440978031785271174e-01,-9.999964708343357378e-01,-9.999990898143397144e-01,1.348765287927777834e-02,-9.999990377363641159e-01,-9.999999450860487249e-01,-9.997389571814970788e-01,-9.999998774901102117e-01,-9.973939260463592360e-01,-3.171556378750453042e-01,-9.999693715308956010e-01,-9.999964738875040116e-01,2.249957040044312517e-01,-9.986372818330067069e-01,-9.944728062092996757e-01,-9.644093512979237115e-01,-9.801107022912576294e-01,-9.964297270866325773e-01,-2.930341042872396384e-01,-8.898085469079930476e-01,-9.994354880694005239e-01,-9.750785481707060498e-01,-9.999999914517837540e-01,-9.999999832401204047e-01,-9.999802768273806652e-01,-9.999998941248074980e-01,-1.000000000000000000e+00,-9.999999998867334927e-01,-9.999999741204109727e-01,-9.999955670106180916e-01
-9.324218419929335422e-01,-9.999964748149881011e-01,-9.999935298743229950e-01,-9.999002516062818202e-01,-9.999999885197456972e-01,-1.000000000000000000e+00,-9.999999996166456517e-01,-9.999989446295873829e-01,-9.999609006466839700e-01,-2.036794101577429350e-01,-9.999293731107355976e-01,-9.894347998484810391e-01,-9.903753595483235639e-01,-9.999404017012186729e-01,-9.992687335790774172e-01,-5.228898410525356644e-01,-9.991157495747068351e-01,-9.999890961237041243e-01,2.046996418036790555e-01,-9.999999085759538886e-01,-9.932051959261218865e-01,-9.999940856177332860e-01,-9.999184417609456865e-01,-9.882314788182303689e-01,-2.522119681646429745e-01,-9.414902776028900577e-01,-9.999829108856652660e-01,3.227110626268692162e-01,-9.999992263074930499e-01,-9.999993815094622152e-01,-9.999994561321065012e-01,-9.999970860356832691e-01,-9.194675715841745811e-01,1.398330274969155074e-01,-9.999999966666415219e-01,-9.976351384491923824e-01,3.891650759801912329e-01,-9.998842014340549866e-01,-9.999759166279115208e-01,-9.999999976249043243e-01,-9.999911164723266355e-01,-9.909502198734838618e-01,3.292642068370588149e-01,-9.999954524479299778e-01,-9.999988108700050837e-01,8.696409338961008650e-02,-9.999987256205468134e-01,-9.999999262170856662e-01,-9.996769460738044177e-01,-9.999998275587209662e-01,-9.966408054664896987e-01,-3.339696428205374268e-01,-9.999606694498003323e-01,-9.999953868330279105e-01,2.972010484824865184e-01,-9.983352339764439698e-01,-9.933300706381266165e-01,-9.586980694277863480e-01,-9.764382999715784939e-01,-9.953795629742392403e-01,-2.739892061892245101e-01,-8.750282518534447940e-01,-9.992903886734602059e-01,-9.707364391994149910e-01,-9.999999878668714981e-01,-9.999999767235837611e-01,-9.999744971882387201e-01,-9.999998547683593975e-01,-1.000000000000000000e+00,-9.999999998138640045e-01,-9.999999648001688390e-01,-9.999943109653095519e-01
-9.224610032532315484e-01,-9.999953208291404438e-01,-9.999914213417302467e-01,-9.998734844948956590e-01,-9.999999835159926187e-01,-1.000000000000000000e+00,-9.999999993797650255e-01,-9.999985916241190820e-01,-9.999502276437688408e-01,-1.340883486954498327e-01,-9.999106586289558951e-01,-9.875472256893255141e-01,-9.885417765687795066e-01,-9.999248181361148902e-01,-9.990358578264354472e-01,-4.989009659394894047e-01,-9.989155810469044772e-01,-9.999858552300958658e-01,2.774406985545894155e-01,-9.999998737593601694e-01,-9.918091702123680298e-01,-9.999922812342593170e-01,-9.998976433834257938e-01,-9.853650348741624931e-01,-2.699728357930072375e-01,-9.331998416446972699e-01,-9.999779921087473822e-01,3.893804624830237149e-01,-9.999989048845542294e-01,-9.999991712025986246e-01,-9.999992526332770471e-01,-9.999960993891244820e-01,-9.051068302927642861e-01,1.286018954969985195e-01,-9.999999951872332593e-01,-9.972162202804466524e-01,4.530670671885339562e-01,-9.998552331961755302e-01,-9.999691872151954541e-01,-9.999999966832578968e-01,-9.999881767535935273e-01,-9.889038089369370788e-01,3.060963865860524269e-01,-9.999941717112131867e-01,-9.999984548022486930e-01,1.594053865706317463e-01,-9.999983218594813428e-01,-9.999999014073432946e-01,-9.996024215400268753e-01,-9.999997588408664484e-01,-9.957048803588633978e-01,-3.545610930198027644e-01,-9.999497870047350245e-01,-9.999939985403143439e-01,3.666891022078329065e-01,-9.979779239186110651e-01,-9.919986981889048483e-01,-9.523543027729326482e-01,-9.722525570931711547e-01,-9.940686186133895763e-01,-2.604307502585487821e-01,-8.591373742409974534e-01,-9.991132818054808684e-01,-9.658267027246505432e-01,-9.999999828827480508e-01,-9.999999678628473943e-01,-9.999672217201156510e-01,-9.999998019709046559e-01,-1.000000000000000000e+00,-9.999999996965757143e-01,-9.999999523866863749e-01,-9.999927376238418875e-01
-9.114708258449867317e-01,-9.999938228902547355e-01,-9.999886906693152833e-01,-9.998404037667284472e-01,-9.999999764738878305e-01,-1.000000000000000000e+00,-9.999999990041299469e-01,-9.999981306583087814e-01,-9.999369656766605718e-01,-6.363733748845679106e-02,-9.998875755400249421e-01,-9.853984974599742097e-01,-9.864344557209130393e-01,-9.999056410426541142e-01,-9.987384715700832194e-01,-4.777012571219606540e-01,-9.986770745001679606e-01,-9.999817500972817408e-01,3.479433465059782460e-01,-9.999998266624640086e-01,-9.901814762653712299e-01,-9.999899798898737036e-01,-9.998721909450081213e-01,-9.819385753461910005e-01,-2.913969687803391606e-01,-9.241271231457319768e-01,-9.999718074942971491e-01,4.529971460212693923e-01,-9.999984603090429358e-01,-9.999988954267442498e-01,-9.999989789781977834e-01,-9.999948082494205526e-01,-8.890340781930383685e-01,1.121447827815704734e-01,-9.999999930922290892e-01,-9.967383022590481367e-01,5.132771544572172218e-01,-9.998199326017820354e-01,-9.999607845695325237e-01,-9.999999953925601259e-01,-9.999843560635015560e-01,-9.864975744277986180e-01,2.756219459617925693e-01,-9.999925670441952574e-01,-9.999980020089042076e-01,2.304902272144038200e-01,-9.999978017244904871e-01,-9.999998689164042442e-01,-9.995131955049514350e-01,-9.999996647583672127e-01,-9.945498754508391714e-01,-3.782662587459553194e-01,-9.999362349112262960e-01,-9.999922327250273524e-01,4.332476750519187458e-01,-9.975569167292239747e-01,-9.904539807779725313e-01,-9.453367730633112087e-01,-9.675011615290051159e-01,-9.924435266005154910e-01,-2.523383121973415966e-01,-8.421301947046369030e-01,-9.988980351883328668e-01,-9.602943928374952920e-01,-9.999999759863268389e-01,-9.999999558689670609e-01,-9.999581042068674819e-01,-9.999997314675016513e-01,-1.000000000000000000e+00,-9.999999995091363170e-01,-9.999999359203374238e-01,-9.999907739347223545e-01
-8.993828088749596938e-01,-9.999918866859179856e-01,-9.999851702969630995e-01,-9.997996867423106782e-01,-9.999999666127437070e-01,-1.000000000000000000e+00,-9.999999984125255148e-01,-9.999975312200216626e-01,-9.999205482640761700e-01,7.317993329440497519e-03,-9.998592132437043034e-01,-9.829611941085504290e-01,-9.840224031909661218e-01,-9.998821278701540693e-01,-9.983612577506475461e-01,-4.595294407859705776e-01,-9.983939566065525018e-01,-9.999765716313639974e-01,4.159195787974432346e-01,-9.999997632402535253e-01,-9.882915622484621521e-01,-9.999870565387952714e-01,-9.998411555375663617e-01,-9.778705835438697980e-01,-3.158716321092787105e-01,-9.142325794627188529e-01,-9.999640621224098469e-01,5.134317477449754641e-01,-9.999978489203691367e-01,-9.999985353339264638e-01,-9.999986127193390972e-01,-9.999931262308834334e-01,-8.711744684038320585e-01,9.111375425340439982e-02,-9.999999901399636570e-01,-9.961946080765119449e-01,5.697100431270025744e-01,-9.997770699443933040e-01,-9.999503336166973844e-01,-9.999999936306932513e-01,-9.999794135954225283e-01,-9.836875663428461536e-01,2.388499472834848536e-01,-9.999905636013998178e-01,-9.999974282727306374e-01,2.999028503360452458e-01,-9.999971343226717879e-01,-9.999998265260500174e-01,-9.994067505360830772e-01,-9.999995365839564609e-01,-9.931341268992772697e-01,-4.044625935617811585e-01,-9.999194254894971934e-01,-9.999899953553454957e-01,4.966800426016357850e-01,-9.970627381126927480e-01,-9.886688673453681853e-01,-9.376046503127754006e-01,-9.621288603854374344e-01,-9.904425923097213147e-01,-2.496065156296146670e-01,-8.240096483420676909e-01,-9.986375079008831257e-01,-9.540813433924146825e-01,-9.999999664869787530e-01,-9.999999397033281223e-01,-9.999467268999110425e-01,-9.999996377303737027e-01,-1.000000000000000000e+00,-9.999999992116318515e-01,-9.999999141612984088e-01,-9.999883313915950422e-01
-8.861274947123340961e-01,-9.999893940594808406e-01,-9.999806514960035697e-01,-9.997497660142206088e-01,-9.999999528701699614e-01,-1.000000000000000000e+00,-9.999999974868997166e-01,-9.999967548032514530e-01,-9.999002969472311486e-01,7.840641827890504345e-02,-9.998244919824468280e-01,-9.802060573504521868e-01,-9.812724330254295468e-01,-9.998533984877001624e-01,-9.978859109605123789e-01,-4.445766689816459394e-01,-9.980590956594779239e-01,-9.999700648291198757e-01,4.810951532029899003e-01,-9.999996781998080619e-01,-9.861059921025796537e-01,-9.999833573291198041e-01,-9.998034429354922814e-01,-9.730730641513333223e-01,-3.428202547139038714e-01,-9.034780130497024331e-01,-9.999543988237601377e-01,5.705681758753768928e-01,-9.999970127603849956e-01,-9.999980670436600105e-01,-9.999981247331570788e-01,-9.999909443973491463e-01,-8.514703092456867850e-01,6.612529895665586466e-02,-9.999999859990359452e-01,-9.955777501726587042e-01,6.222953106880630969e-01,-9.997252036500205996e-01,-9.999373834741606126e-01,-9.999999912350280296e-01,-9.999730485902087462e-01,-9.804279555024083548e-01,1.967591878952732465e-01,-9.999880706546162568e-01,-9.999967037547173865e-01,3.673347923691527850e-01,-9.999962811797130646e-01,-9.999997714171183771e-01,-9.992801988429359517e-01,-9.999993627872779678e-01,-9.914101679925725330e-01,-4.325725584223242270e-01,-9.998986551652013777e-01,-9.999871708694076933e-01,5.568051717829716196e-01,-9.964847836299053352e-01,-9.866138687236197802e-01,-9.291180058259219665e-01,-9.560776124116312502e-01,-9.879950575648940303e-01,-2.520509797195049639e-01,-8.047880021773692327e-01,-9.983234141880396040e-01,-9.471262332216987545e-01,-9.999999534584999017e-01,-9.999999180032742574e-01,-9.999325875378509698e-01,-9.999995136201385026e-01,-1.000000000000000000e+00,-9.999999987425339798e-01,-9.999998855123746200e-01,-9.999853030324403758e-01
-8.716349004251091603e-01,-9.999861974762642713e-01,-9.999748752236666816e-01,-9.996887904427221860e-01,-9.999999338063878529e-01,-1.000000000000000000e+00,-9.999999960478591632e-01,-9.999957529720557847e-01,-9.998754015092617964e-01,1.492438668370592580e-01,-9.997821353477678308e-01,-9.771020029577384136e-01,-9.781491962246621208e-01,-9.998184126538064431e-01,-9.972907105608260769e-01,-4.329834945267029278e-01,-9.976644108679549872e-01,-9.999619197209757004e-01,5.432107870228732871e-01,-9.999995646401184102e-01,-9.835883421428933682e-01,-9.999786935654646491e-01,-9.997577678139547563e-01,-9.674520668771965370e-01,-3.717055730260669932e-01,-8.918270296367933891e-01,-9.999423863981850014e-01,6.243032398361703095e-01,-9.999958752772176718e-01,-9.999974604002147549e-01,-9.999974773805854200e-01,-9.999881258764817815e-01,-8.298844099165474386e-01,3.775892047306594890e-02,-9.999999802167931495e-01,-9.948796948095544046e-01,6.709766969515396084e-01,-9.996626485462855038e-01,-9.999213938053104211e-01,-9.999999879896607213e-01,-9.999648868747164077e-01,-9.766716195059804706e-01,1.502881963662592302e-01,-9.999849785088609222e-01,-9.999957917854623846e-01,4.324865891305038623e-01,-9.999951945249965224e-01,-9.999997000166549466e-01,-9.991302376028400323e-01,-9.999991281966054135e-01,-9.893243675935577963e-01,-4.620662455889774645e-01,-9.998730843178441630e-01,-9.999836176634294693e-01,6.134578711338758428e-01,-9.958112259374276576e-01,-9.842569794599672628e-01,-9.198383092094362112e-01,-9.492867986324498020e-01,-9.850204227406398338e-01,-2.594157931219548407e-01,-7.844874804141610536e-01,-9.979461742294201132e-01,-9.393646954897161283e-01,-9.999999356631981140e-01,-9.999998889869360363e-01,-9.999150843840221015e-01,-9.999993499476579339e-01,-1.000000000000000000e+00,-9.999999980075705563e-01,-9.999998479218119574e-01,-9.999815599105323916e-01
-8.558350092208908411e-01,-9.999821133258558481e-01,-9.999675211792304896e-01,-9.996145811505080525e-01,-9.999999074780641095e-01,-1.000000000000000000e+00,-9.999999938244185094e-01,-9.999944649951506559e-01,-9.998448971679817499e-01,2.194363703909862906e-01,-9.997306390714030266e-01,-9.736161555808254819e-01,-9.746152440794422223e-01,-9.997759443578198013e-01,-9.965500690790946026e-01,-4.248380479155841050e-01,-9.972007764796975149e-01,-9.999517607496845040e-01,6.020232546010442221e-01,-9.999994135951564278e-01,-9.806991226753101198e-01,-9.999728345407177255e-01,-9.997026246184799181e-01,-9.609084617904197767e-01,-4.020318224701455723e-01,-8.792455304870431254e-01,-9.999275058886997192e-01,6.745462699612641000e-01,-9.999943358601958154e-01,-9.999966774487158983e-01,-9.999966222020394424e-01,-9.999844993141875360e-01,-8.064033577622936599e-01,6.556293100915100425e-03,-9.999999721773733530e-01,-9.940917281004474360e-01,7.157114062104863450e-01,-9.995874402429310024e-01,-9.999017190580742342e-01,-9.999999836088376837e-01,-9.999544647359465133e-01,-9.723708639109304164e-01,1.003269382272768961e-01,-9.999811548786933235e-01,-9.999946474180756439e-01,4.950694121525260893e-01,-9.999938152230598565e-01,-9.999996078087065587e-01,-9.989531005390817064e-01,-9.999988129287730176e-01,-9.868166447475353875e-01,-4.924629054598143041e-01,-9.998417141678602738e-01,-9.999791627269655203e-01,6.664888826443495784e-01,-9.950289211606272444e-01,-9.815636208553251141e-01,-9.097289679891804592e-01,-9.416934969484886953e-01,-9.814278621670580183e-01,-2.713822270417031168e-01,-7.631408241748379728e-01,-9.974947516235731504e-01,-9.307294765410210058e-01,-9.999999114529255495e-01,-9.999998503318334730e-01,-9.998934990566132885e-01,-9.999991349254989670e-01,-1.000000000000000000e+00,-9.999999968631589908e-01,-9.999997987612340156e-01,-9.999769469554214973e-01
-8.386583239815149637e-01,-9.999769138446523709e-01,-9.999581947634039736e-01,-9.995245821132433539e-01,-9.999998712726244632e-01,-1.000000000000000000e+00,-9.999999904096308345e-01,-9.999928149657496546e-01,-9.998076383725307270e-01,2.885831874141306930e-01,-9.996682357454822476e-01,-9.697139103293007656e-01,-9.706311302812743458e-01,-9.997245527069132942e-01,-9.956340635619872481e-01,-4.201754341459401632e-01,-9.966579212505867202e-01,-9.999391343626107265e-01,6.573063959442810855e-01,-9.999992134562666335e-01,-9.773957304073317420e-01,-9.999654990550878031e-01,-9.996362547777313257e-01,-9.533389917124361901e-01,-4.333460589374166227e-01,-8.657022367187368062e-01,-9.999091346498437671e-01,7.212187447285607345e-01,-9.999922629250259654e-01,-9.999956705729342588e-01,-9.999954970406152999e-01,-9.999798509506441224e-01,-7.810406275182444347e-01,-2.697907963729273551e-02,-9.999999610460591493e-01,-9.932044235818472400e-01,7.564694366113324797e-01,-9.994972953077030375e-01,-9.998775903294030432e-01,-9.999999777154890968e-01,-9.999412096891749924e-01,-9.674782812573822222e-01,4.771018530023041215e-02,-9.999764406428508501e-01,-9.999932157003337263e-01,5.548066452708397822e-01,-9.999920702865124911e-01,-9.999994891007488729e-01,-9.987445057301159723e-01,-9.999983910288574585e-01,-9.838202856133229091e-01,-5.233314896874774469e-01,-9.998033603764456823e-01,-9.999735952846663389e-01,7.157649306339548545e-01,-9.941233157521277564e-01,-9.784966098333257589e-01,-8.987559074237033707e-01,-9.332328261540224768e-01,-9.771157726618900918e-01,-2.875783819068152836e-01,-7.407917718243599570e-01,-9.969564775683755764e-01,-9.211506495981871545e-01,-9.999998786405022155e-01,-9.999997990205256038e-01,-9.998669769167526367e-01,-9.999988534835652088e-01,-1.000000000000000000e+00,-9.999999950918924130e-01,-9.999997346727568237e-01,-9.999712781319074484e-01
-8.200364841718024156e-01,-9.999703174096311598e-01,-9.999464116057603658e-01,-9.994158049592248849e-01,-9.999998216915468863e-01,-1.000000000000000000e+00,-9.999999851958988328e-01,-9.999907083066195135e-01,-9.997622688082836717e-01,3.562800862656092526e-01,-9.995928551111843419e-01,-9.653590243792030678e-01,-9.661555563195521890e-01,-9.996625490198103314e-01,-9.945079602337060232e-01,-4.189783319114001037e-01,-9.960243239720660835e-01,-9.999234945743343816e-01,7.088520440995524918e-01,-9.999989492446110795e-01,-9.736324378327375628e-01,-9.999563454180566691e-01,-9.995566099477684041e-01,-9.446376223619890045e-01,-4.652386987856692580e-01,-8.511692427637620462e-01,-9.998865279267452610e-01,7.642539384871442909e-01,-9.999894852118004218e-01,-9.999943802276086702e-01,-9.999940224659847887e-01,-9.999739150658821796e-01,-7.538394158411654278e-01,-6.238176730427447136e-02,-9.999999456957590072e-01,-9.922076119902285551e-01,7.932329490921314896e-01,-9.993895669271882776e-01,-9.998480945797555419e-01,-9.999999698135121351e-01,-9.999244176453799815e-01,-9.619477463800802930e-01,-6.787526773004981528e-03,-9.999706448852734297e-01,-9.999914296173758599e-01,6.114354030203821289e-01,-9.999898698954510223e-01,-9.999993367361343921e-01,-9.984995996930613460e-01,-9.999978287480286721e-01,-9.802618911808397284e-01,-5.542903297849914868e-01,-9.997566230187575620e-01,-9.999666592851917946e-01,7.611687411920400326e-01,-9.930783554372077937e-01,-9.750161585559206090e-01,-8.868881869748492797e-01,-9.238383643433170089e-01,-9.719714995108916789e-01,-3.075894551924609477e-01,-7.174954455755153671e-01,-9.963168619927615932e-01,-9.105558885431699334e-01,-9.999998343332430206e-01,-9.999997311449900783e-01,-9.998345047741763469e-01,-9.999984864182295263e-01,-1.000000000000000000e+00,-9.999999923664791845e-01,-9.999996513780183838e-01,-9.999643307938375081e-01
-7.999029464279635571e-01,-9.999619769176437689e-01,-9.999315792867793373e-01,-9.992847676213301167e-01,-9.999997540680614083e-01,-1.000000000000000000e+00,-9.999999772812103727e-01,-9.999880275437824650e-01,-9.997071871903617790e-01,4.221227624417440705e-01,-9.995020795575337846e-01,-9.605137418450631070e-01,-9.611455645440389883e-01,-9.995879597798638105e-01,-9.931317457633008772e-01,-4.211787439730023674e-01,-9.952871059853966029e-01,-9.999041862353570398e-01,7.564708775616613146e-01,-9.999986016980241255e-01,-9.693604260940571482e-01,-9.999449597048994942e-01,-9.994613109781752547e-01,-9.346972045477652813e-01,-4.973433693059601257e-01,-8.356225950302972327e-01,-9.998587976395785226e-01,8.035966000605458959e-01,-9.999857808935447290e-01,-9.999927321867589924e-01,-9.999920973468983121e-01,-9.999663625059389549e-01,-7.248750903037419757e-01,-9.922393718737210211e-02,-9.999999246102433403e-01,-9.910903539774823523e-01,8.259956852371879155e-01,-9.992611957555360691e-01,-9.998121509063481183e-01,-9.999999592520881775e-01,-9.999032259286103619e-01,-9.557355415807070598e-01,-6.245545162240839776e-02,-9.999635391200438761e-01,-9.999892076490518589e-01,6.647079914815314794e-01,-9.999871038372238896e-01,-9.999991417410653005e-01,-9.982128978615137926e-01,-9.999970823723840496e-01,-9.760614859088604378e-01,-5.850060723392132012e-01,-9.996998525822281545e-01,-9.999580445577659349e-01,8.025990433612784081e-01,-9.918763981094412818e-01,-9.710799099401914436e-01,-8.740986486607396078e-01,-9.134426459875163440e-01,-9.658712879459685485e-01,-3.309683215567378323e-01,-6.933186299237075190e-01,-9.955593922239935889e-01,-8.988708067519762812e-01,-9.999997747181588181e-01,-9.999996416595040571e-01,-9.997948856689471420e-01,-9.999980093381527491e-01,-1.000000000000000000e+00,-9.999999881970071947e-01,-9.999995434402902950e-01,-9.999558391176508465e-01
-7.781937279933721641e-01,-9.999514659243297077e-01,-9.999129758419889047e-01,-9.991274265298282220e-01,-9.999996622008892055e-01,-1.000000000000000000e+00,-9.999999653340310157e-01,-9.999846272136969638e-01,-9.996405084053182621e-01,4.857103641528408566e-01,-9.993930944826907581e-01,-9.551389550449186361e-01,-9.555567830018650843e-01,-9.994984850969497181e-01,-9.914596816079142005e-01,-4.266608167135974572e-01,-9.944319218512499559e-01,-9.998804257226571179e-01,7.999932021366780166e-01,-9.999981461290645690e-01,-9.645278680453647224e-01,-9.999308420144142895e-01,-9.993476022995094743e-01,-9.234114545175254873e-01,-5.293361622836896263e-01,-8.190428907676866599e-01,-9.998248880479324585e-01,8.392026698634049708e-01,-9.999808640194987053e-01,-9.999906342165988393e-01,-9.999895933918712121e-01,-9.999567869604518711e-01,-6.942571413430884686e-01,-1.371145600572409862e-01,-9.999998957572726610e-01,-9.898409165694569412e-01,8.547624403424647355e-01,-9.991086556764414706e-01,-9.997684835714085727e-01,-9.999999451798771144e-01,-9.998765815389288880e-01,-9.488015997680022684e-01,-1.186488123454514376e-01,-9.999548505866263648e-01,-9.999864508780637040e-01,7.143933108000151133e-01,-9.999836372680345198e-01,-9.999988928923868592e-01,-9.978782216675171624e-01,-9.999960954971398586e-01,-9.711328182268508247e-01,-6.151919905374537700e-01,-9.996311116388119089e-01,-9.999473764352692085e-01,8.399705606080780651e-01,-9.904981328081345904e-01,-9.666430143848966372e-01,-8.603645911962795045e-01,-9.019777410513829530e-01,-9.586805107759401867e-01,-3.572461296435733846e-01,-6.683399276206807293e-01,-9.946653201610301531e-01,-8.860193655300624416e-01,-9.999996947857516805e-01,-9.999995240694736776e-01,-9.997467104923182246e-01,-9.999973913628040778e-01,-1.000000000000000000e+00,-9.999999818542719687e-01,-9.999994039689594771e-01,-9.999454864879511184e-01
-7.548482108769787313e-01,-9.999382621731579546e-01,-9.998897245967858227e-01,-9.989391020979353497e-01,-9.999995378809725111e-01,-1.000000000000000000e+00,-9.999999473997606136e-01,-9.999803277479932806e-01,-9.995600195443404834e-01,5.466490968112316384e-01,-9.992626331909738591e-01,-9.491944050847400671e-01,-9.493437257381728278e-01,-9.993914523311071552e-01,-9.894399011771379815e-01,-4.352646197568069697e-01,-9.934428496029160671e-01,-9.998512787494815424e-01,8.392696644986787913e-01,-9.999975510021108516e-01,-9.590800683239870672e-01,-9.999133904487711444e-01,-9.992123014488121235e-01,-9.106772486217824536e-01,-5.609343816859591048e-01,-8.014158910161026661e-01,-9.997835479519026070e-01,8.710390403526180325e-01,-9.999743677350894089e-01,-9.999879720672606442e-01,-9.999863484452302664e-01,-9.999446886194155448e-01,-6.621305289257315430e-01,-1.756983522546101684e-01,-9.999998564228820275e-01,-9.884467542378240212e-01,8.795485949729053843e-01,-9.989278942367536551e-01,-9.997155914729884962e-01,-9.999999264863914661e-01,-9.998432040028621959e-01,-9.411108477401584071e-01,-1.747897376032181427e-01,-9.999442544901584462e-01,-9.999830395762564494e-01,7.602781967789009610e-01,-9.999793056843240269e-01,-9.999985761899264913e-01,-9.974886325406800980e-01,-9.999947956189103593e-01,-9.653838835632878590e-01,-6.446057875579143115e-01,-9.995481318445221808e-01,-9.999342036199438954e-01,8.732139983076818712e-01,-9.889225071778573462e-01,-9.616582530647640459e-01,-8.456684624491128677e-01,-8.893759183698077830e-01,-9.502542239261184687e-01,-3.859426413913593645e-01,-6.426497794227761240e-01,-9.936134393697277911e-01,-8.719243561012958166e-01,-9.999995879760763540e-01,-9.999993700408935648e-01,-9.996883262215472410e-01,-9.999965935213706025e-01,-1.000000000000000000e+00,-9.999999722589512086e-01,-9.999992242534334608e-01,-9.999328966941125607e-01
-7.298100031770533569e-01,-9.999217280983553335e-01,-9.998607648429701511e-01,-9.987143973355645521e-01,-9.999993702824198083e-01,-1.000000000000000000e+00,-9.999999206251062311e-01,-9.999749081568775066e-01,-9.994631303610551631e-01,6.045558734942100276e-01,-9.991069160316772280e-01,-9.426389243857582478e-01,-9.424601516649053767e-01,-9.992637645423532167e-01,-9.870140728290952570e-01,-4.467907537903403892e-01,-9.923022822885282368e-01,-9.998156349759856898e-01,8.741718972806058474e-01,-9.999967761668604460e-01,-9.529596671663361773e-01,-9.998918825104324837e-01,-9.990517434768397820e-01,-8.963972168494984682e-01,-5.918948730642021872e-01,-7.827331403913690977e-01,-9.997332990725574797e-01,8.990833618352662704e-01,-9.999658236299222569e-01,-9.999846046615531447e-01,-9.999821582889605320e-01,-9.999294547911224962e-01,-6.286763232870381524e-01,-2.146545051015775751e-01,-9.999998029957577472e-01,-9.868944955149876463e-01,9.003797054061928318e-01,-9.987142675550465531e-01,-9.996517137421809807e-01,-9.999999017271832269e-01,-9.998015421029535776e-01,-9.326346255638656713e-01,-2.303670899063928745e-01,-9.999313650495674777e-01,-9.999788291868021428e-01,8.021686968251930949e-01,-9.999739089771702005e-01,-9.999981742141199614e-01,-9.970363632540161225e-01,-9.999930898936024715e-01,-9.587176989615541212e-01,-6.730470010613146536e-01,-9.994482659332355468e-01,-9.999179840439603728e-01,9.022760300928045485e-01,-9.871266660723627684e-01,-9.560762130754663080e-01,-8.299985613389602168e-01,-8.755703941128751833e-01,-9.404381008497800787e-01,-4.165760680145115247e-01,-6.163503347885779249e-01,-9.923798540195892803e-01,-8.565079583259489482e-01,-9.999994457267566972e-01,-9.999991689117934124e-01,-9.996178005636383590e-01,-9.999955667901404555e-01,-1.000000000000000000e+00,-9.999999578223466301e-01,-9.999989933108799356e-01,-9.999176237831481906e-01
-7.030278524610571456e-01,-9.999010878360047316e-01,-9.998248178333815073e-01,-9.984471095328019130e-01,-9.999991451819119082e-01,-1.000000000000000000e+00,-9.999998808678574047e-01,-9.999680973071215506e-01,-9.993468176843518513e-01,6.590619748208268458e-01,-9.989215835323334014e-01,-9.354307233663785581e-01,-9.348594843427162626e-01,-9.991118434520873670e-01,-9.841171548020570814e-01,-4.610056368968397100e-01,-9.909908227981759632e-01,-9.997721790902236449e-01,9.045930930733994124e-01,-9.999957706733496599e-01,-9.461069144439828715e-01,-9.998654535855289183e-01,-9.988617200186057365e-01,-8.804826067631914555e-01,-6.220120173875325342e-01,-7.629925853385421952e-01,-9.996724002449967061e-01,9.233238929583929000e-01,-9.999546364668675524e-01,-9.999803583413505725e-01,-9.999767666594971960e-01,-9.999103370156607884e-01,-5.941115512493144735e-01,-2.536952480006195998e-01,-9.999997306877514980e-01,-9.851699361326533566e-01,9.172911506746606047e-01,-9.984624695668693484e-01,-9.995747911531291940e-01,-9.999998690286528991e-01,-9.997497237335702946e-01,-9.233521517231191300e-01,-2.849353256503831533e-01,-9.999157252041299682e-01,-9.999736456095655868e-01,8.398912732594603359e-01,-9.999672044271272764e-01,-9.999976653462205878e-01,-9.965127471758216116e-01,-9.999908598783131541e-01,-9.510333552136519542e-01,-7.003541100998473823e-01,-9.993284343962005600e-01,-9.998980684525974327e-01,9.271192830857231115e-01,-9.850859042121103970e-01,-9.498455194930423007e-01,-8.133497389261294952e-01,-8.604961645375931445e-01,-9.290697937074082757e-01,-4.486721904577506415e-01,-5.895551620914207813e-01,-9.909377421426516230e-01,-8.396923783566668797e-01,-9.999992568978021135e-01,-9.999989070830913596e-01,-9.995328828330686255e-01,-9.999942496954404847e-01,-1.000000000000000000e+00,-9.999999362188550789e-01,-9.999986973290869718e-01,-9.998991403999499816e-01
-6.744566044484012757e-01,-9.998754002259769846e-01,-9.997803475410822482e-01,-9.981301350853096777e-01,-9.999988439623755943e-01,-1.000000000000000000e+00,-9.999998221476654736e-01,-9.999595635631886026e-01,-9.992075633233306053e-01,7.098166781197388087e-01,-9.987016233412233657e-01,-9.275277229642923116e-01,-9.264952940806133741e-01,-9.989315666335316646e-01,-9.806772709160807011e-01,-4.776473071115927560e-01,-9.894871842704319187e-01,-9.997193580217618170e-01,9.304485023096948915e-01,-9.999944700794247687e-01,-9.384600199268325893e-01,-9.998330721586650149e-01,-9.986374128591778421e-01,-8.628563752362584660e-01,-6.511154661059254112e-01,-7.421991814225534778e-01,-9.995988070539085779e-01,9.437593926876159944e-01,-9.999400534408933172e-01,-9.999750200129955413e-01,-9.999698531426576276e-01,-9.998864241596389091e-01,-5.586881763643458676e-01,-2.925642867219622190e-01,-9.999996331730155452e-01,-9.832580397047006038e-01,9.303278315052245784e-01,-9.981664555415562523e-01,-9.994824230423506872e-01,-9.999998259672939760e-01,-9.996854980945780733e-01,-9.132519976370273573e-01,-3.381125261356353606e-01,-9.998967948169826814e-01,-9.999672796856835522e-01,8.732939247044535502e-01,-9.999588984801233149e-01,-9.999970228244264847e-01,-9.959081461291170445e-01,-9.999879550422209329e-01,-9.422273676065530124e-01,-7.264014367326494526e-01,-9.991850665758039707e-01,-9.998736814130451123e-01,9.477223193617905217e-01,-9.827736360270674654e-01,-9.429131290302414925e-01,-7.957240871167022833e-01,-8.440909203651604242e-01,-9.159807635242487311e-01,-4.817725894894008265e-01,-5.623887887791330087e-01,-9.892571163087576780e-01,-8.214005662842301936e-01,-9.999990070422032362e-01,-9.999985672616144017e-01,-9.994309609300107144e-01,-9.999925653966816874e-01,-1.000000000000000000e+00,-9.999999040628020364e-01,-9.999983189820639273e-01,-9.998768244317763898e-01
-6.440581985398595721e-01,-9.998435272344523561e-01,-9.997255156064701609e-01,-9.977553676908625935e-01,-9.999984423465765326e-01,-1.000000000000000000e+00,-9.999997358776037126e-01,-9.999489025306288470e-01,-9.990412850194192451e-01,7.564908124559752700e-01,-9.984412908734340286e-01,-9.188879340414501939e-01,-9.173218426361501310e-01,-9.987181986932810451e-01,-9.766157380297932900e-01,-4.964315717652303395e-01,-9.877680986733736734e-01,-9.996553439492245063e-01,9.516758478119715647e-01,-9.999927931452547991e-01,-9.299555850794558598e-01,-9.997935113817935093e-01,-9.983733218908188434e-01,-8.434564506285154861e-01,-6.790676876316505961e-01,-7.203654792491205328e-01,-9.995101265458448125e-01,9.603990483115663057e-01,-9.999211270078716129e-01,-9.999683290123508872e-01,-9.999610185592879841e-01,-9.998566109291909809e-01,-5.226911622972976179e-01,-3.310351534571135401e-01,-9.999995021238674564e-01,-9.811429470018731003e-01,9.395439143723507414e-01,-9.978193598946660803e-01,-9.993718194531265864e-01,-9.999997694169604490e-01,-9.996061694113653751e-01,-9.023335295828867064e-01,-3.895777355215712667e-01,-9.998739372023153216e-01,-9.999594807653559014e-01,9.022472140992328082e-01,-9.999486371273794694e-01,-9.999962136047318984e-01,-9.952118777136914618e-01,-9.999841847935064809e-01,-9.321953397134955521e-01,-7.510959249478836863e-01,-9.990140359537829085e-01,-9.998438994273861624e-01,9.640796085746228261e-01,-9.801613860042661663e-01,-9.352246894133033894e-01,-7.771316022077275898e-01,-8.262960380553603379e-01,-9.009986129530060950e-01,-5.154418501580846357e-01,-5.349860642649511000e-01,-9.873045854712831915e-01,-8.015570134814321568e-01,-9.999986774842068993e-01,-9.999981275225611199e-01,-9.993090143398315472e-01,-9.999904181499171818e-01,-1.000000000000000000e+00,-9.999998564521177524e-01,-9.999978365917168155e-01,-9.998499437597710982e-01
-6.118026900141788627e-01,-9.998040971736787963e-01,-9.996581298819885442e-01,-9.973135903309059414e-01,-9.999979087941487377e-01,-1.000000000000000000e+00,-9.999996097953725016e-01,-9.999356226096430822e-01,-9.988432600319392396e-01,7.987801932319480436e-01,-9.981340236532331156e-01,-9.094698839554354874e-01,-9.072946895012805602e-01,-9.984663162648428347e-01,-9.718472775696169741e-01,-5.170583324253605895e-01,-9.858082364501420392e-01,-9.995779927698873468e-01,9.682356469111836894e-01,-9.999906377907967769e-01,-9.205291207473252912e-01,-9.997453166006243785e-01,-9.980631874367695833e-01,-8.222390931922269885e-01,-7.057613884250437675e-01,-6.975121777644146537e-01,-9.994035666660194828e-01,9.732624320456937372e-01,-9.998966702142655372e-01,-9.999599674880049749e-01,-9.999497673991167845e-01,-9.998195611912449321e-01,-4.864355940733027239e-01,-3.689095003772043802e-01,-9.999993266161634198e-01,-9.788079948772344663e-01,9.450026121647072674e-01,-9.974134084264065780e-01,-9.992397482505325224e-01,-9.999996953562719781e-01,-9.995085213630037213e-01,-8.906082713360083947e-01,-4.390677360123088624e-01,-9.998464037918399772e-01,-9.999499492301179293e-01,9.266451899753329613e-01,-9.999359946940511445e-01,-9.999951969901532678e-01,-9.944121431089463226e-01,-9.999793087266258818e-01,-9.208339461214258836e-01,-7.743738695192222687e-01,-9.988105894820742403e-01,-9.998076258048141929e-01,9.762014845940072405e-01,-9.772188030018337246e-01,-9.267249678538476143e-01,-7.575908094585652730e-01,-8.070576410050406269e-01,-8.839499436003249722e-01,-5.492736456202932382e-01,-5.074913411591106538e-01,-9.850431224340101544e-01,-7.800886278338929891e-01,-9.999982441586893200e-01,-9.999975601522692603e-01,-9.991635631431028397e-01,-9.999876890364526316e-01,-1.000000000000000000e+00,-9.999997863277725330e-01,-9.999972231039321313e-01,-9.998176389066734115e-01
-5.776692870124802148e-01,-9.997554620437000272e-01,-9.995755859825736778e-01,-9.967943616641510296e-01,-9.999972024811769611e-01,-1.000000000000000000e+00,-9.999994264856038040e-01,-9.999191280339947419e-01,-9.986080409899962262e-01,8.364088878902335988e-01,-9.977723494644479274e-01,-8.992330897098418374e-01,-8.963713572978513344e-01,-9.981697267095331894e-01,-9.662804437123581058e-01,-5.392179177490765696e-01,-9.835801403998701842e-01,-9.994847977156612329e-01,9.801114305951856842e-01,-9.999878761709137809e-01,-9.101156538807013696e-01,-9.996867684272869869e-01,-9.976999070123886426e-01,-7.991822672462309818e-01,-7.311168647308892155e-01,-6.736686330079248997e-01,-9.992758800920457096e-01,9.823794771987659491e-01,-9.998652033525714522e-01,-9.999495490778459450e-01,-9.999354868011227637e-01,-9.997736654493335484e-01,-4.502628604094149889e-01,-4.060153637971941620e-01,-9.999990923704835666e-01,-9.762357458951729239e-01,9.467759916525995134e-01,-9.969398252406321825e-01,-9.990824769947046491e-01,-9.999995986264847980e-01,-9.993887314145510903e-01,-8.781011372877056687e-01,-4.863733831151144660e-01,-9.998133167460352411e-01,-9.999383278275502107e-01,9.464061861060053538e-01,-9.999204608226988089e-01,-9.999939229861516399e-01,-9.934959565463175046e-01,-9.999730247466694921e-01,-9.080432296031625272e-01,-7.961976574818178110e-01,-9.985692708906317439e-01,-9.997635619263973705e-01,9.841140773357237581e-01,-9.739137020766052144e-01,-9.173583510440949107e-01,-7.371293340580464815e-01,-7.863277213166954827e-01,-8.646637450619236720e-01,-5.828956450026867575e-01,-4.800574737186246166e-01,-9.824318421109268229e-01,-7.569256833680946261e-01,-9.999976761549236315e-01,-9.999968302246841079e-01,-9.989906131092121111e-01,-9.999842308234134780e-01,-1.000000000000000000e+00,-9.999996835798826700e-01,-9.999964448416170937e-01,-9.997789033571065076e-01
-5.416473888015945759e-01,-9.996956482717783699e-01,-9.994748012637582057e-01,-9.961858977008695160e-01,-9.999962707644679538e-01,-1.000000000000000000e+00,-9.999991613490599729e-01,-9.998986990367215721e-01,-9.983293637076954274e-01,8.691322629227467012e-01,-9.973477885610677607e-01,-8.881385761218788533e-01,-8.845120522019120912e-01,-9.978213805116730173e-01,-9.598182997476021328e-01,-5.625972649635953005e-01,-9.810541772218001055e-01,-9.993728378271856672e-01,9.873098482105799878e-01,-9.999843486989746788e-01,-8.986504249711120274e-01,-9.996158409390665245e-01,-9.972754467069306905e-01,-7.742889257357544741e-01,-7.550793339398912396e-01,-6.488733099284413885e-01,-9.991233021744893028e-01,9.877904636423859852e-01,-9.998248906699835903e-01,-9.999366056300845740e-01,-9.999174215161125145e-01,-9.997169917820568630e-01,-4.145359314808121365e-01,-4.422054217028249523e-01,-9.999987807876294932e-01,-9.734080296909485286e-01,9.449447970475282066e-01,-9.963887347417151874e-01,-9.988957094157001615e-01,-9.999994726280151403e-01,-9.992422742895609167e-01,-8.648514837554799328e-01,-5.313356150452197557e-01,-9.997736493070472630e-01,-9.999241916626175897e-01,9.614734836068246082e-01,-9.999014254191711526e-01,-9.999923303335063185e-01,-9.924490778152623705e-01,-9.999649546751273599e-01,-8.937291961600376533e-01,-8.165525752482061250e-01,-9.982838380124379185e-01,-9.997101745166232512e-01,9.878592097496396995e-01,-9.702121373896273049e-01,-9.070694179570637505e-01,-7.157844033137679141e-01,-7.640653103171235472e-01,-8.429753049448167612e-01,-6.159732277862073335e-01,-4.528446360498726841e-01,-9.794257964808856798e-01,-7.320028389730397489e-01,-9.999969338960302823e-01,-9.999958938562886201e-01,-9.987855970469210476e-01,-9.999798618037486486e-01,-1.000000000000000000e+00,-9.999995338076929086e-01,-9.999954599905636066e-01,-9.997325613153484891e-01
-5.037376102983122106e-01,-9.996223000812027859e-01,-9.993521406818359765e-01,-9.954749498959403198e-01,-9.999950460127776664e-01,-1.000000000000000000e+00,-9.999987798285296936e-01,-9.998734687499938323e-01,-9.980000467434185785e-01,8.967397621132491281e-01,-9.968507503532670899e-01,-8.761494363802030394e-01,-8.716804335950296689e-01,-9.974132774649479005e-01,-9.523593715397355997e-01,-5.868858035238050386e-01,-9.781985103730810316e-01,-9.992387210380857532e-01,9.898606458773242522e-01,-9.999798568230973128e-01,-8.860696761429667223e-01,-9.995301545816028810e-01,-9.967807474996417394e-01,-7.475900970055060490e-01,-7.776162877050774025e-01,-6.231741646540324142e-01,-9.989414827463058977e-01,9.895460015087746974e-01,-9.997734657756810472e-01,-9.999205716952646039e-01,-9.998946442221001707e-01,-9.996472295222496030e-01,-3.796337990327406375e-01,-4.773552634131287276e-01,-9.999983677275712246e-01,-9.703059970405729651e-01,9.395982784709187019e-01,-9.957490592679316688e-01,-9.986745164043561163e-01,-9.999993089412348990e-01,-9.990638138900218568e-01,-8.509139259542516376e-01,-5.738412407045949681e-01,-9.997262036834934085e-01,-9.999070366758235906e-01,9.718158191125287892e-01,-9.998781613104812394e-01,-9.999903441625549450e-01,-9.912559493432625546e-01,-9.999546268843731989e-01,-8.778066778351401034e-01,-8.354437251867212755e-01,-9.979471742929846290e-01,-9.996456585206588974e-01,9.874942492116816073e-01,-9.660785096917620107e-01,-8.958035853904142698e-01,-6.936032646685122982e-01,-7.402376835157153945e-01,-8.187306085079837370e-01,-6.482120221512412961e-01,-4.260189665698270733e-01,-9.759757928597506682e-01,-7.052602189931247434e-01,-9.999959668712304905e-01,-9.999946960743226754e-01,-9.985433127025834521e-01,-9.999743584419515940e-01,-1.000000000000000000e+00,-9.999993166096655672e-01,-9.999942167663306014e-01,-9.996772426558111491e-01
-4.639527764984840985e-01,-9.995326146845382453e-01,-9.992033340453123635e-01,-9.946466810940962633e-01,-9.999934416641895751e-01,-1.000000000000000000e+00,-9.999982336423828277e-01,-9.998423964127697294e-01,-9.976118825893037778e-01,9.190573668571755395e-01,-9.962704251698314417e-01,-8.632314312266999856e-01,-8.578444253386089402e-01,-9.969363668760593544e-01,-9.437989026494671974e-01,-6.117809111431813385e-01,-9.749790980679223784e-01,-9.990785216765657450e-01,9.878165070170734641e-01,-9.999741543297052671e-01,-8.723115278643500670e-01,-9.994269233627267601e-01,-9.962056269724396396e-01,-7.191476557606599762e-01,-7.987149024423186860e-01,-5.966289446646599881e-01,-9.987254116319886910e-01,9.877070016424382981e-01,-9.997081443334668860e-01,-9.999007664913881488e-01,-9.998660204968193854e-01,-9.995616249359284833e-01,-3.459451784791044426e-01,-5.113616865705331582e-01,-9.999978219698303361e-01,-9.669101875507013499e-01,9.308340140872755075e-01,-9.950084130997236542e-01,-9.984132615212749640e-01,-9.999990968541049297e-01,-9.988470830787204990e-01,-8.363588699041588637e-01,-6.138186005014475422e-01,-9.996695862533344634e-01,-9.998862664243369780e-01,9.774277228421015540e-01,-9.998498043473676988e-01,-9.999878732045510699e-01,-9.898996395640494717e-01,-9.999414554470495986e-01,-8.602024186089428648e-01,-8.528930868890779449e-01,-9.975511948007630414e-01,-9.995678951759444653e-01,9.830919023510036325e-01,-9.614757117398430308e-01,-8.835078246638055077e-01,-6.706435042925282808e-01,-7.148215832462216923e-01,-7.917911735944574980e-01,-6.793593159508979351e-01,-3.997510494216927057e-01,-9.720282428023798715e-01,-6.766445464828734213e-01,-9.999947108214057856e-01,-9.999931682217712003e-01,-9.982578576315225272e-01,-9.999674466289195651e-01,-1.000000000000000000e+00,-9.999990032397677586e-01,-9.999926512015829827e-01,-9.996113548141483118e-01
-4.223188693384565262e-01,-9.994232684699525526e-01,-9.990233842477614923e-01,-9.936845410793601063e-01,-9.999913473422603616e-01,-1.000000000000000000e+00,-9.999974557021379384e-01,-9.998042364276235050e-01,-9.971555205059987603e-01,9.359496916234233410e-01,-9.955946719063757389e-01,-8.493536218036787933e-01,-8.429770592261320861e-01,-9.963804421611425211e-01,-9.340304294120093109e-01,-6.369928321413198535e-01,-9.713597203658219659e-01,-9.988877122631983907e-01,9.812527442519538567e-01,-9.999669369167571986e-01,-8.573169400400741935e-01,-9.993028959420180435e-01,-9.955386770481919889e-01,-6.890566560482891401e-01,-8.183795367671288234e-01,-5.693053946760007200e-01,-9.984693377743824039e-01,9.823446213417199591e-01,-9.996255226007475514e-01,-9.998763730207194111e-01,-9.998301676860152920e-01,-9.994569081555612078e-01,-3.138616041247314081e-01,-5.441410334952765382e-01,-9.999971032800754056e-01,-9.632006117840389292e-01,9.187577149870052029e-01,-9.941529937784757687e-01,-9.981055211317196862e-01,-9.999988227755859382e-01,-9.985847508889655888e-01,-8.212727125875655121e-01,-6.512331839005820466e-01,-9.996021798700703842e-01,-9.998611769685188388e-01,9.783296712252405047e-01,-9.998153306691167641e-01,-9.999848064868760433e-01,-9.883617944548100942e-01,-9.999247152220557266e-01,-8.408583235407461887e-01,-8.689367504488508809e-01,-9.970867472274437260e-01,-9.994744048627892674e-01,9.747399426314193871e-01,-9.563653147431546708e-01,-8.701314461829671165e-01,-6.469732515441171117e-01,-6.878044399107552387e-01,-7.620392419336348144e-01,-7.092044158245939256e-01,-3.742142478360197533e-01,-9.675250495811721363e-01,-6.461103179017753106e-01,-9.999930842590939450e-01,-9.999912248097111434e-01,-9.979225616201102822e-01,-9.999587913249939897e-01,-1.000000000000000000e+00,-9.999985534144539834e-01,-9.999906844833662545e-01,-9.995330513626311530e-01
-3.788759086696762424e-01,-9.992903333362455065e-01,-9.988064661829791913e-01,-9.925701438182774616e-01,-9.999886228331937854e-01,-1.000000000000000000e+00,-9.999963532966394952e-01,-9.997575027784444401e-01,-9.966203411718700389e-01,9.473216712070899881e-01,-9.948099025989444177e-01,-8.344890299875733497e-01,-8.270573393370124204e-01,-9.957340303801777148e-01,-9.229476860255229065e-01,-6.622489700990368267e-01,-9.673020393477338441e-01,-9.986610895737361160e-01,9.702668333821875546e-01,-9.999578297440070429e-01,-8.410307508608229066e-01,-9.991542902532305481e-01,-9.947671585680125661e-01,-6.574471043517118307e-01,-8.366293398149152738e-01,-5.412813567229857181e-01,-9.981666820042530697e-01,9.735401743291469678e-01,-9.995214603929295505e-01,-9.998464139949334584e-01,-9.997854068432544539e-01,-9.993292106358481197e-01,-2.837700774450800933e-01,-5.756275762146020325e-01,-9.999961599921740607e-01,-9.591568485168114888e-01,9.034830025947608867e-01,-9.931674718849440309e-01,-9.977439993987822220e-01,-9.999984695094870091e-01,-9.982682769242254839e-01,-8.057576700231878775e-01,-6.860832772413607561e-01,-9.995221130604701187e-01,-9.998309396531761539e-01,9.745680403028456062e-01,-9.997735308356930917e-01,-9.999810094289556250e-01,-9.866225992774414477e-01,-9.999035122321368041e-01,-8.197347962282574008e-01,-8.836223419092980036e-01,-9.965435085615782507e-01,-9.993622943225768385e-01,9.625408607740337796e-01,-9.507077985827462330e-01,-8.556269467448377464e-01,-6.226712555592721632e-01,-6.591855706209159838e-01,-7.293832225415786130e-01,-7.375780519672827662e-01,-3.495829087010623448e-01,-9.624035427401446130e-01,-6.136210060373226138e-01,-9.999909841816090328e-01,-9.999887597130850958e-01,-9.975299174046793338e-01,-9.999479843446107408e-01,-1.000000000000000000e+00,-9.999979109890957396e-01,-9.999882197585453492e-01,-9.994401970128669044e-01
-3.336787484950378690e-01,-9.991291823361541091e-01,-9.985458161876393790e-01,-9.912831488378682776e-01,-9.999850906919615090e-01,-1.000000000000000000e+00,-9.999947990087280081e-01,-9.997004282950653353e-01,-9.959943234964330205e-01,9.531198013760715515e-01,-9.939009652130080807e-01,-8.186153188102370803e-01,-8.100711142487073690e-01,-9.949842774447034133e-01,-9.104468394911002793e-01,-6.872974903107055278e-01,-9.627656963497290832e-01,-9.983926950455216387e-01,9.549777821558165236e-01,-9.999463726302013633e-01,-8.234027842495122984e-01,-9.989767213440194915e-01,-9.938768937220502364e-01,-6.244850561088183261e-01,-8.534959892819771188e-01,-5.126447539408036658e-01,-9.978099436062747296e-01,9.613849946564223536e-01,-9.993909471264171840e-01,-9.998097242060774992e-01,-9.997297068595828451e-01,-9.991739724361081709e-01,-2.560454529972794324e-01,-6.057719571683112258e-01,-9.999949259968020643e-01,-9.547581576808358284e-01,8.851311493902502825e-01,-9.920348806541813280e-01,-9.973204385113707549e-01,-9.999980153583830633e-01,-9.978877529606259289e-01,-7.899312015789117236e-01,-7.183957052160856449e-01,-9.994272259095824396e-01,-9.997945815608417774e-01,9.662148483073607075e-01,-9.997229805231753197e-01,-9.999763192449711013e-01,-9.846607526955609702e-01,-9.998767486206728838e-01,-7.968140753386723230e-01,-8.970066546372357230e-01,-9.959098783373262487e-01,-9.992281978456410974e-01,9.466114293177785299e-01,-9.444628280766342865e-01,-8.399509125104911433e-01,-5.978268216365023591e-01,-6.289773321912046633e-01,-6.937632579049188841e-01,-7.643509429695934942e-01,-3.260304617182254727e-01,-9.565964686648431581e-01,-5.791502760281730389e-01,-9.999882808101394627e-01,-9.999856415897107054e-01,-9.970715106171349484e-01,-9.999345300094945044e-01,-1.000000000000000000e+00,-9.999969981395711027e-01,-9.999851383129964022e-01,-9.993303287928665402e-01
-2.867977694366417030e-01,-9.989343838123273533e-01,-9.982336120379827760e-01,-9.898011495374893221e-01,-9.999805272068092998e-01,-1.000000000000000000e+00,-9.999926186864213085e-01,-9.996309182309170982e-01,-9.952639041557301836e-01,9.533329007863946547e-01,-9.928510262061309710e-01,-8.017154843806043596e-01,-7.920119424192391122e-01,-9.941168299439056000e-01,-8.964290421834995026e-01,-7.119101916038806932e-01,-9.577084501029344832e-01,-9.980757297369052816e-01,9.355253290364797802e-01,-9.999320025276047241e-01,-8.043890141250256143e-01,-9.987651221820739167e-01,-9.928521575643486363e-01,-5.903729295149493517e-01,-8.690215734134341119e-01,-4.834934488793392049e-01,-9.973906009862332223e-01,9.459802453427850200e-01,-9.992279497367507757e-01,-9.997649189654760349e-01,-9.996606198527243636e-01,-9.989858386958615499e-01,-2.310427656534376206e-01,-6.345396906766953560e-01,-9.999933170066706012e-01,-9.499836093739109089e-01,8.638307750126452689e-01,-9.907365070430560472e-01,-9.968255246876448483e-01,-9.999974330213514673e-01,-9.974317320729662040e-01,-7.739250096577180438e-01,-7.482217196087186384e-01,-9.993150324416819608e-01,-9.997509634038976856e-01,9.533672786234850260e-01,-9.996620074739576145e-01,-9.999705395478422076e-01,-9.824534555521219348e-01,-9.998430814091960883e-01,-7.721034682044678465e-01,-9.091534947356937346e-01,-9.951728695987114293e-01,-9.990682120556041435e-01,9.270821742140011867e-01,-9.375895769791594558e-01,-8.230649685570251561e-01,-5.725395969242212946e-01,-5.972062039667285216e-01,-6.551567601218724057e-01,-7.894316468710107504e-01,-3.037274403268858114e-01,-9.500320464087079753e-01,-5.426831975716068790e-01,-9.999848111581621790e-01,-9.999817083842882370e-01,-9.965379500839194327e-01,-9.999178283704626136e-01,-1.000000000000000000e+00,-9.999957075808080242e-01,-9.999812950160167357e-01,-9.992006131547017667e-01
-2.383194486111487320e-01,-9.986995832602405532e-01,-9.978608437483833526e-01,-9.880995715908853505e-01,-9.999746514089479232e-01,-1.000000000000000000e+00,-9.999895756151163662e-01,-9.995464976074165397e-01,-9.944138306430735375e-01,9.479923695222811642e-01,-9.916414547054025475e-01,-7.837785495964164628e-01,-7.728819345911198679e-01,-9.931157147624184445e-01,-8.808032761590416371e-01,-7.358846309029423161e-01,-9.520863594063635471e-01,-9.977024642019038936e-01,9.120689700713677794e-01,-9.999140328632282193e-01,-7.839527710589183629e-01,-9.985136572608797056e-01,-9.916755700712660548e-01,-5.553489464940752907e-01,-8.832566270413917398e-01,-4.539349688438104602e-01,-9.968990069186789427e-01,9.274366639183075911e-01,-9.990252414949676307e-01,-9.997103582226000151e-01,-9.995752068494785370e-01,-9.987585447638190894e-01,-2.090897152484604282e-01,-6.619097287013042674e-01,-9.999912259442271800e-01,-9.448122291294172026e-01,8.397174913242775318e-01,-9.892517861138553359e-01,-9.962487906782888647e-01,-9.999966882424358161e-01,-9.968870459735235112e-01,-7.578836065987346604e-01,-7.756330795568406877e-01,-9.991826793248758110e-01,-9.996987546139896041e-01,9.361469776485842331e-01,-9.995886543942846814e-01,-9.999634340365299856e-01,-9.799764166761061324e-01,-9.998008742149503414e-01,-7.456383690994795588e-01,-9.201317437006381050e-01,-9.943179989781982808e-01,-9.988778239548020688e-01,9.040967482764596941e-01,-9.300471007024124770e-01,-8.049367638838715866e-01,-5.469191971793484486e-01,-5.639137749395581878e-01,-6.135837435221199732e-01,-8.127638312317884139e-01,-2.828394549454975593e-01,-9.426340981452162593e-01,-5.042174347958490177e-01,-9.999803711990136179e-01,-9.999767607593037511e-01,-9.959187998119075624e-01,-9.998971556712927811e-01,-1.000000000000000000e+00,-9.999938922252631368e-01,-9.999765129057487378e-01,-9.990477987844067487e-01
-1.883467887043916988e-01,-9.984173722316750377e-01,-9.974171756833443148e-01,-9.861515849411121026e-01,-9.999671117675399401e-01,-1.000000000000000000e+00,-9.999853498255467654e-01,-9.994442517760921962e-01,-9.934270088917159791e-01,9.371719281437562721e-01,-9.902517104338685039e-01,-7.648002489126747294e-01,-7.526925558511168290e-01,-9.919632179080295487e-01,-8.634894483901193185e-01,-7.590455066386354588e-01,-9.458540136270945364e-01,-9.972641438176480522e-01,8.847868151614419752e-01,-9.998916292943790252e-01,-7.620659743055593349e-01,-9.982156289439488850e-01,-9.903279904417544577e-01,-5.196856320960687725e-01,-8.962583281219804743e-01,-4.240860927088163645e-01,-9.963242790522340853e-01,9.058742386443809913e-01,-9.987742110691419928e-01,-9.996441059725598155e-01,-9.994699527759948188e-01,-9.984847895698248932e-01,-1.904795294803569572e-01,-6.878730931939374127e-01,-9.999885172700562208e-01,-9.392231594205064926e-01,8.129334916779400455e-01,-9.875582008488754671e-01,-9.955785156967205118e-01,-9.999957381588242544e-01,-9.962386116847854467e-01,-7.419624548495407090e-01,-8.007183587947133141e-01,-9.990269007531614731e-01,-9.996364053815512962e-01,9.146991258160874771e-01,-9.995006374996846521e-01,-9.999547191355545595e-01,-9.772038781347163194e-01,-9.997481410325783635e-01,-7.174849426341026737e-01,-9.300136373228535813e-01,-9.933291775630554987e-01,-9.986518319482339257e-01,8.778112034862659563e-01,-9.217947579347305354e-01,-7.855409787467952931e-01,-5.210846690158790206e-01,-5.291576090982162972e-01,-5.691117638741891582e-01,-8.343230969021835364e-01,-2.635251518573440421e-01,-9.343222635419532462e-01,-4.637643939136909532e-01,-9.999747063647534961e-01,-9.999705542730608077e-01,-9.952025142081106779e-01,-9.998716417025663716e-01,-1.000000000000000000e+00,-9.999913515262603969e-01,-9.999705767741439155e-01,-9.988681649082591374e-01
-1.369995890753469281e-01,-9.980791437057857651e-01,-9.968908008020852529e-01,-9.839280332159314746e-01,-9.999574701596555260e-01,-1.000000000000000000e+00,-9.999795112196451230e-01,-9.993207596587722064e-01,-9.922843468156347102e-01,9.209868304845101328e-01,-9.886592378184597685e-01,-7.447836925456770008e-01,-7.314653690678805109e-01,-9.906397642263657932e-01,-8.444216804497123308e-01,-7.812453280200024608e-01,-9.389648138734492111e-01,-9.967508902999171472e-01,8.538742784293538168e-01,-9.998637813846620315e-01,-7.387103697200265717e-01,-9.978633766152463780e-01,-9.887884155828767785e-01,-4.836873298910400187e-01,-9.080888580076831307e-01,-3.940722958739759640e-01,-9.956541865709137573e-01,8.814218109558844549e-01,-9.984646516130196714e-01,-9.995638845659683414e-01,-9.993406697736620936e-01,-9.981560969988623189e-01,-1.754644223734963537e-01,-7.124315763713962024e-01,-9.999850200389520660e-01,-9.331958371380086881e-01,7.836270814070256385e-01,-9.856311897614548068e-01,-9.948016239235569769e-01,-9.999945292886082138e-01,-9.954692291630783396e-01,-7.263257016838244873e-01,-8.235795071161662317e-01,-9.988439693936125297e-01,-9.995621153960718708e-01,8.891912840981768262e-01,-9.993953004250810679e-01,-9.999440554418369542e-01,-9.741086623536856504e-01,-9.996824811395068622e-01,-6.877423494975961615e-01,-9.388732562939192672e-01,-9.921886045101222518e-01,-9.983842596331535812e-01,8.483931615037676455e-01,-9.127926804123275284e-01,-7.648603392826702763e-01,-4.951637850549444053e-01,-4.930119630252631779e-01,-5.218602634683815467e-01,-8.541134876636993223e-01,-2.459341931470806486e-01,-9.250123070489318922e-01,-4.213503077025766430e-01,-9.999675000663614810e-01,-9.999627901016886478e-01,-9.943763782951129393e-01,-9.998402436698857754e-01,-1.000000000000000000e+00,-9.999878135592086270e-01,-9.999632255910848588e-01,-9.986574649200572473e-01
-8.441454318433894155e-02,-9.976749335067960356e-01,-9.962682882068372159e-01,-9.813973846827536152e-01,-9.999451826512145702e-01,-1.000000000000000000e+00,-9.999714848989720295e-01,-9.991720191500494952e-01,-9.909645954288484049e-01,8.995925533821915732e-01,-9.868393690090763171e-01,-7.237399977732259515e-01,-7.092327008767478347e-01,-9.891237999491704347e-01,-8.235517203703136557e-01,-8.023644156670983740e-01,-9.313713071169467117e-01,-9.961516003615455972e-01,8.195426108505188267e-01,-9.998292696665815882e-01,-7.138787518249180009e-01,-9.974481688573320071e-01,-9.870338849709398010e-01,-4.476867214753709190e-01,-9.188139258931260489e-01,-3.640270524758022486e-01,-9.948750341531281682e-01,8.542166015547725255e-01,-9.980845302222451920e-01,-9.994670235503002598e-01,-9.991823878889942723e-01,-9.977626652402987739e-01,-1.642498535725622766e-01,-7.355965095285885713e-01,-9.999805194355961824e-01,-9.267101865266574867e-01,7.519521483812958706e-01,-9.834440649129819745e-01,-9.939035829682981715e-01,-9.999929950875496854e-01,-9.945593720485881306e-01,-7.111435453607291013e-01,-8.443286857002778589e-01,-9.986296433288672780e-01,-9.994737990397634109e-01,8.598120225376857384e-01,-9.992695632422020635e-01,-9.999310378197284743e-01,-9.706622434868806826e-01,-9.996010041551791625e-01,-6.565443931904775265e-01,-9.467852210493985510e-01,-9.908766656643126503e-01,-9.980682622298014950e-01,8.160208841843943350e-01,-9.030022890854093598e-01,-7.428866226315891108e-01,-4.692921726625789436e-01,-4.555683304584798865e-01,-4.720041173823712466e-01,-8.721638115663734592e-01,-2.302052943643534411e-01,-9.146165265327425020e-01,-3.770172351273453071e-01,-9.999583598787337158e-01,-9.999531040770165413e-01,-9.934264548954307994e-01,-9.998017161805603514e-01,-1.000000000000000000e+00,-9.999829116633235371e-01,-9.999541435867654871e-01,-9.984108651933960576e-01
-3.074514852378829044e-02,-9.971932475424589715e-01,-9.955344255613762794e-01,-9.785257091072526725e-01,-9.999295765688706039e-01,-1.000000000000000000e+00,-9.999605067347093756e-01,-9.989933642073833830e-01,-9.894441895398051745e-01,8.731829767577854451e-01,-9.847652388273618884e-01,-7.016888744754197216e-01,-6.860382112373124563e-01,-9.873916802988115249e-01,-8.008523891909563597e-01,-8.223102946589643247e-01,-9.230255748461706489e-01,-9.954538427082645358e-01,7.820172867415193796e-01,-9.997866275199798203e-01,-6.875761463330162249e-01,-9.969600890585817998e-01,-9.850393943224624582e-01,-4.120403719829720535e-01,-9.285014554591926039e-01,-3.340909965925471514e-01,-9.939715446336493399e-01,8.244036595241619469e-01,-9.976197387913318115e-01,-9.993504026995140288e-01,-9.989892322501231492e-01,-9.972932043479160180e-01,-1.569897733447043198e-01,-7.573876004668376183e-01,-9.999747465029057425e-01,-9.197468267944660658e-01,7.180675742877504764e-01,-9.809679431767315272e-01,-9.928683039193358928e-01,-9.999910529923973224e-01,-9.934869743348370141e-01,-6.965892849774393270e-01,-8.630853889957044167e-01,-9.983791089769959992e-01,-9.993690467943571187e-01,8.267693416380803573e-01,-9.991198663638269917e-01,-9.999151839705824329e-01,-9.668348453218316152e-01,-9.995002442749719718e-01,-6.240604729343397494e-01,-9.538235810249634516e-01,-9.893718397325036440e-01,-9.976960256375964065e-01,7.808822483515140966e-01,-8.923868538236956471e-01,-7.196216342231486207e-01,-4.436122804443120016e-01,-4.169357898960994735e-01,-4.197761801500109469e-01,-8.885238902062077004e-01,-2.164643569729562955e-01,-9.030442708480093117e-01,-3.308239540792534683e-01,-9.999468009829147741e-01,-9.999410537859132475e-01,-9.923375409590976526e-01,-9.997545769371007918e-01,-1.000000000000000000e+00,-9.999761541931883047e-01,-9.999429497893370655e-01,-9.981228789921567923e-01
2.383858248730597040e-02,-9.966208748797991124e-01,-9.946720583827262097e-01,-9.752766850647305308e-01,-9.999098232854579660e-01,-1.000000000000000000e+00,-9.999455668225586402e-01,-9.987793732154280901e-01,-9.876970903715878158e-01,8.419880776863821747e-01,-9.824077149361599703e-01,-6.786591517757462055e-01,-6.619373478953247680e-01,-9.854175646491959428e-01,-7.763209608842081000e-01,-8.410165533335993704e-01,-9.138796770215850129e-01,-9.946437548243330928e-01,7.415362589724487918e-01,-9.997340972635296863e-01,-6.598209278624332930e-01,-9.963879150575161159e-01,-9.827778207440951430e-01,-3.771233592563667525e-01,-9.372204296837457482e-01,-3.044109469188707173e-01,-9.929267420550672574e-01,7.921352357679858347e-01,-9.970538281385105117e-01,-9.992103889306870323e-01,-9.987542859466684853e-01,-9.967347625600863070e-01,-1.537830100170775038e-01,-7.778318392266549974e-01,-9.999673657334646748e-01,-9.122872933285999242e-01,6.821365890536401633e-01,-9.781716938009822337e-01,-9.916780448703199635e-01,-9.999886008548468652e-01,-9.922272164209171574e-01,-6.828361206435777930e-01,-8.799738595772138572e-01,-9.980869200327916468e-01,-9.992450826337607728e-01,7.902889016278600298e-01,-9.989421091638732708e-01,-9.998959212887115200e-01,-9.625955678552994277e-01,-9.993760627160563903e-01,-5.904957399186782085e-01,-9.600608866637672101e-01,-9.876506148553355624e-01,-9.972586582319125093e-01,7.431736314674486366e-01,-8.809120926459489409e-01,-6.950781376334067563e-01,-4.182721902718531393e-01,-3.772411333722953675e-01,-3.654686446382002796e-01,-9.032608400525192760e-01,-2.048227320856825795e-01,-8.902025728006441874e-01,-2.828467252855401126e-01,-9.999322264026939688e-01,-9.999261034493993616e-01,-9.910931353925711562e-01,-9.996970677162307917e-01,-1.000000000000000000e+00,-9.999668856094805491e-01,-9.999291857912643300e-01,-9.977872954523102633e-01
7.915061953199198364e-02,-9.959426869680008121e-01,-9.936619286820824737e-01,-9.716116423639914457e-01,-9.998849060845569348e-01,-1.000000000000000000e+00,-9.999253380204869979e-01,-9.985237682953663763e-01,-9.856946328261513290e-01,8.062711720078175048e-01,-9.797353467677031302e-01,-6.546892326143947116e-01,-6.369976678662636616e-01,-9.831733220164982079e-01,-7.499823627679789162e-01,-8.584412499903397720e-01,-9.038861511694730178e-01,-9.937059412729041252e-01,6.983481007785898864e-01,-9.996695798315714532e-01,-6.306458464756112825e-01,-9.957189936658900065e-01,-9.802198622501182568e-01,-3.433230806128858559e-01,-9.450398880608791297e-01,-2.751388021816942864e-01,-9.917218370904610225e-01,7.575700839596164471e-01,-9.963677282438400118e-01,-9.990427668648373949e-01,-9.984694379804227582e-01,-9.960725422968946807e-01,-1.546709216587860425e-01,-7.969624715372300994e-01,-9.999579601482349034e-01,-9.043142711618935570e-01,6.443260724800377037e-01,-9.750219055082938180e-01,-9.903133200720182217e-01,-9.999855126551273621e-01,-9.907523147232615290e-01,-6.700537832906963143e-01,-8.951207967794161391e-01,-9.977469325471935990e-01,-9.990987171951796197e-01,7.506120785789083261e-01,-9.987315832057875875e-01,-9.998725718013774522e-01,-9.579125444583860283e-01,-9.992235374608111620e-01,-5.560903714971254796e-01,-9.655674311479880423e-01,-9.856874186968725970e-01,-9.967460756706887359e-01,7.030987170905895756e-01,-8.685468052553559914e-01,-6.692807164979991397e-01,-3.934242862529296891e-01,-3.366287572526257543e-01,-3.094330466123902390e-01,-9.164554759475785906e-01,-1.953756504646801950e-01,-8.759969025122666952e-01,-2.331799059759552817e-01,-9.999139035134685383e-01,-9.999076062720173574e-01,-9.896754209056638496e-01,-9.996271102103649886e-01,-1.000000000000000000e+00,-9.999542367687672684e-01,-9.999123014929821585e-01,-9.973971036794887501e-01
1.349896252542506225e-01,-9.951414236656677126e-01,-9.924825159345683767e-01,-9.674896442656977236e-01,-9.998535824148737650e-01,-1.000000000000000000e+00,-9.998980862753419352e-01,-9.982193053400285621e-01,-9.834053804855458214e-01,7.663257463076489362e-01,-9.767143369605256753e-01,-6.298274633349122409e-01,-6.112990093410668457e-01,-9.806284499154385159e-01,-7.218920750035606737e-01,-8.745649549490523977e-01,-8.929985654137685414e-01,-9.926233755192624963e-01,6.527100546956070559e-01,-9.995905773932229899e-01,-6.000989361073122419e-01,-9.949391111722294401e-01,-9.773339947332205790e-01,-3.110323663343615985e-01,-9.520280690498597043e-01,-2.464303173495048238e-01,-9.903361171235190996e-01,7.208726939536824752e-01,-9.955394585658399187e-01,-9.988426628661039031e-01,-9.981252158580307121e-01,-9.952897071730473222e-01,-1.596363934866187329e-01,-8.148180391956805213e-01,-9.999460134373595599e-01,-8.958118390416445198e-01,6.048058086580747617e-01,-9.714828765171106273e-01,-9.887528171186134029e-01,-9.999816333673205992e-01,-9.890313197677049750e-01,-6.584050837453028215e-01,-9.086533549806107279e-01,-9.973522363453659612e-01,-9.989262965490102175e-01,7.079938699730834450e-01,-9.984829000505448526e-01,-9.998443349769786659e-01,-9.527531312709172084e-01,-9.990368394703039723e-01,-5.211179006550721304e-01,-9.704106478871902253e-01,-9.834545654270216986e-01,-9.961468791584975335e-01,6.608672310460004251e-01,-8.552635344421926078e-01,-6.422665474402819985e-01,-3.692237956213216821e-01,-2.952602992763949663e-01,-2.520787792374368230e-01,-9.281989117581883608e-01,-1.882008512958585067e-01,-8.603320444379061183e-01,-1.819363928946960973e-01,-9.998909362387198296e-01,-9.998847839241672419e-01,-9.880652625181958193e-01,-9.995422563165625718e-01,-1.000000000000000000e+00,-9.999370618524020538e-01,-9.998916385465193013e-01,-9.969444120903020456e-01
1.911398825991226236e-01,-9.941974671331357261e-01,-9.911098838829426327e-01,-9.628676140970248154e-01,-9.998143397949410538e-01,-1.000000000000000000e+00,-9.998615589129741243e-01,-9.978576546941425596e-01,-9.807949918179736937e-01,7.224719314705394524e-01,-9.733085392216105358e-01,-6.041324059057344709e-01,-5.849334991986843146e-01,-9.777500098608939982e-01,-6.921386031650840209e-01,-8.893885173199596039e-01,-8.811721231085859474e-01,-9.913773075736194151e-01,6.048860113493990109e-01,-9.994941282677479721e-01,-5.682442779833796198e-01,-9.940323612125920860e-01,-9.740864496413372819e-01,-2.806420614420870319e-01,-9.582516894370836091e-01,-2.184437733845355778e-01,-9.887468435804311895e-01,6.822124642346854007e-01,-9.945438336539731417e-01,-9.986044624910487277e-01,-9.977106026600373045e-01,-9.943671818415237285e-01,-1.686042183893572410e-01,-8.314414864398363969e-01,-9.999308886859525902e-01,-8.867657221612151863e-01,5.637477000615493949e-01,-9.675166309777909479e-01,-9.869733248295275985e-01,-9.999767728298171177e-01,-9.870299284407886287e-01,-6.480424780393422290e-01,-9.206974231509381656e-01,-9.968950830792222551e-01,-9.987236464243275380e-01,6.627006754670616839e-01,-9.981899137110286091e-01,-9.998102681732794483e-01,-9.470841301179241389e-01,-9.988090946727912200e-01,-4.858825655204714877e-01,-9.746546492353844737e-01,-9.809222231942710257e-01,-9.954482278189101807e-01,6.166936210124784878e-01,-8.410392477048329596e-01,-6.140860628892254036e-01,-3.458272199183609619e-01,-2.533140100587837340e-01,-1.938700211488562086e-01,-9.385894175273439277e-01,-1.833574388680673239e-01,-8.431130992241846478e-01,-1.292478757255386412e-01,-9.998622322844143984e-01,-9.998567027931491991e-01,-9.862422254506526542e-01,-9.994396324779635243e-01,-1.000000000000000000e+00,-9.999138589057301463e-01,-9.998664111950987810e-01,-9.964203632215985484e-01
2.473724378125434775e-01,-9.930886051109986123e-01,-9.895175372170491590e-01,-9.577005106688269986e-01,-9.997653445860724686e-01,-1.000000000000000000e+00,-9.998128465076935312e-01,-9.974292725687168293e-01,-9.778261014232760839e-01,6.750526762130379943e-01,-9.694794866406877265e-01,-5.776730012370115963e-01,-5.580053835839359211e-01,-9.745025830123540400e-01,-6.608453978430074427e-01,-9.029306445695348682e-01,-8.683643155174562978e-01,-9.899471800377273034e-01,5.551444425318292630e-01,-9.993767335027669008e-01,-5.351625928222780715e-01,-9.929810117031664385e-01,-9.704412157424597840e-01,-2.525332653445908626e-01,-9.637753514182544334e-01,-1.913385558303671852e-01,-9.869291594127717060e-01,6.417628214066335435e-01,-9.933521706411106988e-01,-9.983217213999309170e-01,-9.972128387491673296e-01,-9.932834470107871905e-01,-1.814428519983215526e-01,-8.468793312565674469e-01,-9.999118031542234553e-01,-8.771635513303029930e-01,5.213249493218439223e-01,-9.630829653693460113e-01,-9.849496747251669237e-01,-9.999706984537491961e-01,-9.847103168318394051e-01,-6.391047498228490387e-01,-9.313761736844732297e-01,-9.963668113170272012e-01,-9.984860117930859369e-01,6.150079812083562025e-01,-9.978456379327518277e-01,-9.997692644869141665e-01,-9.408720458264508979e-01,-9.985322312172126846e-01,-4.507156750706288184e-01,-9.783598916832287884e-01,-9.780584058661537794e-01,-9.946357060540478301e-01,5.707956936948830329e-01,-8.258560302699234912e-01,-5.848034830590440603e-01,-3.233906779585533631e-01,-2.109838517940303415e-01,-1.353210287827004699e-01,-9.477295769647113843e-01,-1.808849920798172306e-01,-8.242466092362877861e-01,-7.526488395052144398e-02,-9.998264646953085588e-01,-9.998222466133976916e-01,-9.841846151543469645e-01,-9.993158777169016682e-01,-1.000000000000000000e+00,-9.998826704458078085e-01,-9.998356841777559234e-01,-9.958150443412052688e-01
3.034464546580601940e-01,-9.917897856229677123e-01,-9.876762927054227870e-01,-9.519415565786776279e-01,-9.997043828200632420e-01,-1.000000000000000000e+00,-9.997482133787242153e-01,-9.969232634814932936e-01,-9.744582205016441012e-01,6.244296848245745046e-01,-9.651864545270465445e-01,-5.505286131904330027e-01,-5.306306717455744337e-01,-9.708482496415046237e-01,-6.281721003722762209e-01,-9.152253788797628520e-01,-8.545356177070673187e-01,-9.883105554188134079e-01,5.037563141400902555e-01,-9.992342745134766835e-01,-5.009516369900206545e-01,-9.917653728566041549e-01,-9.663600684422919418e-01,-2.270694410343288006e-01,-9.686610675735997100e-01,-1.652736598483850461e-01,-9.848560099244531019e-01,5.997002959398798350e-01,-9.919320066551328141e-01,-9.979870699260108280e-01,-9.966172086795209717e-01,-9.920143325535809575e-01,-1.979674878716728426e-01,-8.611809004561543635e-01,-9.998877985273491031e-01,-8.669951260866420872e-01,4.777112175743898348e-01,-9.581395283972451438e-01,-9.826546992094679078e-01,-9.999631265798111235e-01,-9.820310008208532615e-01,-6.317139108427818339e-01,-9.408088655890779473e-01,-9.957577691909675899e-01,-9.982079917731578877e-01,5.651979780317761826e-01,-9.974421586126053230e-01,-9.997200277571132165e-01,-9.340833783395227075e-01,-9.981968117262465245e-01,-4.159710214165669440e-01,-9.815829528389101721e-01,-9.748289929408466836e-01,-9.936931870225035324e-01,5.233932248724035841e-01,-8.097017795942131890e-01,-5.544971972691923323e-01,-3.020681848238957468e-01,-1.684783218858358911e-01,-7.698979693020102655e-02,-9.557237742629500765e-01,-1.808029467644817201e-01,-8.036418039527959412e-01,-2.015661257212386648e-02,-9.997820269510283575e-01,-9.997800850639393389e-01,-9.818695422075578438e-01,-9.991670750496295383e-01,-1.000000000000000000e+00,-9.998409600478600501e-01,-9.997983473412668243e-01,-9.951173943162746616e-01
3.591107717106793995e-01,-9.902728657123963663e-01,-9.855541698724705757e-01,-9.455425230230968259e-01,-9.996287922518910518e-01,-1.000000000000000000e+00,-9.996628912090944619e-01,-9.963272342533303627e-01,-9.706476610505332392e-01,5.709791876159204804e-01,-9.603865618049791664e-01,-5.227889443076398912e-01,-5.029365864859580704e-01,-9.667465962419590220e-01,-5.943150044125020681e-01,-9.263195478244624637e-01,-8.396502215066796726e-01,-9.864430578368049707e-01,4.509930051233326243e-01,-9.990619212352480627e-01,-4.657263798628810125e-01,-9.903636686462350402e-01,-9.618026301481299445e-01,-2.045886203419490235e-01,-9.729678934968465365e-01,-1.404061413513343348e-01,-9.824980804098041309e-01,5.562035643626457304e-01,-9.902468356956311002e-01,-9.975921116685727563e-01,-9.959068143413265517e-01,-9.905328122411209968e-01,-2.179443546058620340e-01,-8.743976272296900554e-01,-9.998577059977651338e-01,-8.562526789956863560e-01,4.330797689084131541e-01,-9.526419378585033737e-01,-9.800592097551512616e-01,-9.999537122696494640e-01,-9.789467322347995548e-01,-6.259724165968614251e-01,-9.491098847885692802e-01,-9.950572352528567199e-01,-9.978834698789420532e-01,5.135571451635179141e-01,-9.969705418180980772e-01,-9.996610444713336374e-01,-9.266849494785158736e-01,-9.977918505941673066e-01,-3.820194048026331890e-01,-9.843764058295348951e-01,-9.711977815941997827e-01,-9.926026936420527802e-01,4.747065583692087198e-01,-7.925708904369058727e-01,-5.232599762147034372e-01,-2.820098934251742406e-01,-1.260190045685656290e-01,-1.947014910039324143e-02,-9.626760254785403648e-01,-1.831102653015264092e-01,-7.812119585619519135e-01,3.588948503257349820e-02,-9.997269807558573085e-01,-9.997286379027565673e-01,-9.792730147063944957e-01,-9.989886760422793666e-01,-1.000000000000000000e+00,-9.997854602523347234e-01,-9.997530865757980889e-01,-9.943151073311482513e-01
4.141056508926190816e-01,-9.885063574430038580e-01,-9.831163067961672386e-01,-9.384540741374154393e-01,-9.995353848112543682e-01,-1.000000000000000000e+00,-9.995508297796960040e-01,-9.956271403643568441e-01,-9.663474885764861133e-01,5.150876151787409096e-01,-9.550349148816993372e-01,-4.945538159855275007e-01,-4.750608180925434132e-01,-9.621547541854558183e-01,-5.595066393690835138e-01,-9.362702585204327743e-01,-8.236767980555482760e-01,-9.843183324871620510e-01,3.971242585574947803e-01,-9.988540303226332018e-01,-4.296189424379842636e-01,-9.887519144339061983e-01,-9.567264651381522933e-01,-1.853959383101002611e-01,-9.767516576297129438e-01,-1.168895355732247898e-01,-9.798237543141593564e-01,5.114524688011830023e-01,-9.882558760333728376e-01,-9.971273166712268932e-01,-9.950623359251848932e-01,-9.888088042835359026e-01,-2.410960969393178832e-01,-8.865824097832077921e-01,-9.998201054930220266e-01,-8.449311381507220720e-01,3.876026108488701549e-01,-9.465439377902615803e-01,-9.771319985299755650e-01,-9.999420372920989619e-01,-9.754084389767299079e-01,-6.219607864886649295e-01,-9.563880025701262388e-01,-9.942533383276896952e-01,-9.975055397292172943e-01,4.603738316506416073e-01,-9.964207380394838331e-01,-9.995905523190222741e-01,-9.186442635996731054e-01,-9.973046167572771070e-01,-3.492423732389765556e-01,-9.867887772844436967e-01,-9.671265748110049465e-01,-9.913442588195987559e-01,4.249552103735245723e-01,-7.744649187353346287e-01,-4.911989987543183833e-01,-2.633603269263403712e-01,-8.383885915302358161e-02,3.661762103393040313e-02,-9.686881574175305598e-01,-1.877854020199675178e-01,-7.568758560357033982e-01,9.266834562966885791e-02,-9.996589956167756252e-01,-9.996660341949521467e-01,-9.763700606049201536e-01,-9.987754183587084222e-01,-1.000000000000000000e+00,-9.997119865669108485e-01,-9.996983506664788299e-01,-9.933945341952280517e-01
4.681647018004402305e-01,-9.864551750590822010e-01,-9.803249070272554988e-01,-9.306261731273566262e-01,-9.994203586553259688e-01,-1.000000000000000000e+00,-9.994043984008444959e-01,-9.948071257840623849e-01,-9.615075083386388499e-01,4.571472484408114489e-01,-9.490847976817181619e-01,-4.659328077808272406e-01,-4.471505824309521815e-01,-9.570274738512405399e-01,-5.240144033725084860e-01,-9.451424946762049251e-01,-8.065892811487207492e-01,-9.819080264216686338e-01,3.424161903691651521e-01,-9.986040330388171737e-01,-3.927782806952978545e-01,-9.869038038312122341e-01,-9.510872122905384973e-01,-1.697567273663884713e-01,-9.800647778285332956e-01,-9.487226571264972819e-02,-9.767990958324603845e-01,4.656270252278891242e-01,-9.859138806493309426e-01,-9.965819099694149807e-01,-9.940617829155056207e-01,-9.868089825235628609e-01,-2.671080688682549997e-01,-8.977890295053474468e-01,-9.997732783184849481e-01,-8.330283846791015634e-01,3.414496409540248578e-01,-9.397975989852598300e-01,-9.738398669944555719e-01,-9.999275960371527550e-01,-9.713632179955354884e-01,-6.197357063227617591e-01,-9.627458320500731359e-01,-9.933329773034931254e-01,-9.970664264158760615e-01,4.059358676110953468e-01,-9.957814834958892414e-01,-9.995065051429483649e-01,-9.099299007312792176e-01,-9.967204228236301589e-01,-3.180253128725253342e-01,-9.888645757644737300e-01,-9.625753094465308024e-01,-9.898957869245885721e-01,3.743564955362965740e-01,-7.553932118303963161e-01,-4.584356792540915659e-01,-2.462566314863410266e-01,-4.218025920176016186e-02,9.063737661006521229e-02,-9.738583263629959630e-01,-1.947865666702136567e-01,-7.305593397638738828e-01,1.499581909561877868e-01,-9.995752792523296959e-01,-9.995900661860905867e-01,-9.731348822016989697e-01,-9.985212362655121465e-01,-1.000000000000000000e+00,-9.996152118001265796e-01,-9.996323136314607671e-01,-9.923405821420134831e-01
5.210169629165137817e-01,-9.840803878997920195e-01,-9.771392239797852541e-01,-9.220085515512381757e-01,-9.992791990841750627e-01,-1.000000000000000000e+00,-9.992140313581778788e-01,-9.938493577354760022e-01,-9.560742903062154907e-01,3.975519156594764514e-01,-9.424879112157159566e-01,-4.370447527008189947e-01,-4.193614878955843617e-01,-9.513172381054447735e-01,-4.881382002762585381e-01,-9.530068653832034498e-01,-7.883676613279051448e-01,-9.791817943623679632e-01,2.871293800801422158e-01,-9.983043126247420629e-01,-3.553696013097967787e-01,-9.847906082121754556e-01,-9.448387588441099494e-01,-1.578903904192112684e-01,-9.829561543287009817e-01,-7.449606515122886297e-02,-9.733878610140827004e-01,4.189064319720599006e-01,-9.831710045690308375e-01,-9.959437565394211322e-01,-9.928802380227028657e-01,-9.844966038007750830e-01,-2.956353398566280433e-01,-9.080716269743247526e-01,-9.997151524488906427e-01,-8.205455018858616167e-01,2.947878095329850012e-01,-9.323535656360306678e-01,-9.701476850337421576e-01,-9.999097790619886350e-01,-9.667543902750416196e-01,-6.193286761979686084e-01,-9.682794618911616524e-01,-9.922817419523415339e-01,-9.965574038445582650e-01,3.505282365800690414e-01,-9.950401995231202834e-01,-9.994065340463468283e-01,-9.005119400730730028e-01,-9.960224019870891343e-01,-2.887500561513951514e-01,-9.906443783402995029e-01,-9.575022278640513695e-01,-9.882329188496566941e-01,3.231241909236641785e-01,-7.353734921018970638e-01,-4.251052844785165874e-01,-2.308268792841384753e-01,-1.292802570409312679e-03,1.419487964283565606e-01,-9.782798602161399959e-01,-2.040522819202859051e-01,-7.021969405648292861e-01,2.075216699525201935e-01,-9.994724978337388155e-01,-9.994981373756935961e-01,-9.695410446240712021e-01,-9.982191641997982812e-01,-1.000000000000000000e+00,-9.994883944931441944e-01,-9.995528320990748616e-01,-9.911366141920928685e-01
5.723891175761806061e-01,-9.813389843844690930e-01,-9.735155893913257641e-01,-9.125512420583368201e-01,-9.991065676758477121e-01,-1.000000000000000000e+00,-9.989678106317900763e-01,-9.927338582334105377e-01,-9.499912381001182071e-01,3.366928049879116536e-01,-9.351946656129327407e-01,-4.080170876940684144e-01,-3.918562200425450559e-01,-9.449744188760660357e-01,-4.522070661431996097e-01,-9.599375435766146492e-01,-7.689987794818803346e-01,-9.761073333581783418e-01,2.315170662903893728e-01,-9.979460711201775247e-01,-3.175735019725256514e-01,-9.823810926285776457e-01,-9.379334580949423295e-01,-1.499652514805100978e-01,-9.854711290558534342e-01,-5.589443715157504933e-02,-9.695515415318098906e-01,3.714680899914077905e-01,-9.799727440899373976e-01,-9.951992439542831637e-01,-9.914895977323456844e-01,-9.818313576600388171e-01,-3.263101964304834235e-01,-9.174842339468055608e-01,-9.996432396795305042e-01,-8.074870125286957023e-01,2.477803081894660586e-01,-9.241613504545689306e-01,-9.660184841489948271e-01,-9.998878539440236857e-01,-9.615216271440398810e-01,-6.207452493658689452e-01,-9.730782463364068269e-01,-9.910838360396142521e-01,-9.959687084792737677e-01,2.944308387495235824e-01,-9.941828912936611085e-01,-9.992879044295125412e-01,-8.903624109987068325e-01,-9.951912747692408523e-01,-2.617872009601712735e-01,-9.921649639641335616e-01,-9.518640964871644128e-01,-9.863289033384220472e-01,2.714672532009052563e-01,-7.144323808155084166e-01,-3.913563324159693435e-01,-2.171884516279930510e-01,3.856908230159916684e-02,1.899197790064681701e-01,-9.820404007471114083e-01,-2.155022246034276057e-01,-6.717335586248627255e-01,2.651072454429683756e-01,-9.993466850331821361e-01,-9.993872043606585320e-01,-9.655616997236451393e-01,-9.978612336730720012e-01,-1.000000000000000000e+00,-9.993230548608625918e-01,-9.994573972636270343e-01,-9.897643493339550735e-01
6.220078196472849097e-01,-9.781836531167588111e-01,-9.694074925754091465e-01,-9.022051736942989786e-01,-9.988961791361993248e-01,-1.000000000000000000e+00,-9.986509793693253423e-01,-9.914383346473106817e-01,-9.431987071854526228e-01,2.749544571840440987e-01,-9.271545269888636920e-01,-3.789850610507721207e-01,-3.648030568691773556e-01,-9.379474803482533707e-01,-4.165748049352122617e-01,-9.660104212957706382e-01,-7.484771076542944268e-01,-9.726504501180656126e-01,1.758234675155749827e-01,-9.975191858332093098e-01,-2.795848337163683306e-01,-9.796414521865152158e-01,-9.303223935761095742e-01,-1.460945535957406394e-01,-9.876515016397829916e-01,-3.919117586265830067e-02,-9.652494452878322972e-01,3.234866461081320477e-01,-9.762599637602877856e-01,-9.943331643475218362e-01,-9.898583139781182982e-01,-9.787692451996244936e-01,-3.587499114251113674e-01,-9.260803592999780065e-01,-9.995545638405323174e-01,-7.938611006225011479e-01,2.005857934006134435e-01,-9.151696801024438166e-01,-9.614135881172780618e-01,-9.998609430863761860e-01,-9.556011571086601153e-01,-6.239648881465587049e-01,-9.772247308759648421e-01,-9.897220041441835425e-01,-9.952894500577932346e-01,2.379163728148152579e-01,-9.931940473561822191e-01,-9.991474687525143672e-01,-8.794557679372050352e-01,-9.942051083295461167e-01,-2.374883537606471418e-01,-9.934594832900972561e-01,-9.456164741844621524e-01,-9.841544775990030969e-01,2.195886034200054127e-01,-6.926058489765393178e-01,-3.573497692019266259e-01,-2.054465310995324812e-01,7.714870335071810636e-02,2.339392635286092759e-01,-9.852213176314840171e-01,-2.290383344837390034e-01,-6.391261777377104103e-01,3.224508181252112582e-01,-9.991931388468703323e-01,-9.992537120465526668e-01,-9.611698462653044395e-01,-9.974383639810809887e-01,-1.000000000000000000e+00,-9.991085914704394000e-01,-9.993430809525930547e-01,-9.882037649649993982e-01
6.696021013368333996e-01,-9.745625878776094098e-01,-9.647657171646250029e-01,-8.909228275601178693e-01,-9.986406655453633485e-01,-1.000000000000000000e+00,-9.982453801760401424e-01,-9.899380119759458863e-01,-9.356341774744236783e-01,2.127109975665117947e-01,-9.183164208416867424e-01,-3.500908010076189125e-01,-3.383742317483088291e-01,-9.301832319865502852e-01,-3.816146893209384494e-01,-9.713014985950568780e-01,-7.268055038401006751e-01,-9.687751647975970659e-01,1.202822465144133268e-01,-9.970120559227314549e-01,-2.416112881503816867e-01,-9.765352732126457713e-01,-9.219556918162087333e-01,-1.463337378194600191e-01,-9.895355929973914666e-01,-2.449897189993288649e-02,-9.604388179582629137e-01,2.751330699006575564e-01,-9.719690274578008937e-01,-9.933285976002027562e-01,-9.879511423216155164e-01,-9.752624944178743815e-01,-3.925645520863780824e-01,-9.339126267238582191e-01,-9.994455792907783742e-01,-7.796798141215728339e-01,1.533576536662604184e-01,-9.053268921563699667e-01,-9.562927843251334270e-01,-9.998279980919319021e-01,-9.489260620513498834e-01,-6.289414423658394870e-01,-9.807946934785712889e-01,-9.881774637784196402e-01,-9.945075199925247356e-01,1.812483615267050929e-01,-9.920565417295696964e-01,-9.989816148524340855e-01,-8.677693847338443511e-01,-9.930390718543118389e-01,-2.161785221625558417e-01,-9.945576556499267085e-01,-9.387140328628877928e-01,-9.816777605556022968e-01,1.676839925062771908e-01,-6.699395822508837917e-01,-3.232579243900357557e-01,-1.956927301567459310e-01,1.141898099531295507e-01,2.734301085874184523e-01,-9.878973626801532681e-01,-2.445461687817722662e-01,-6.043455862058801920e-01,3.792775764974971597e-01,-9.990063051772317682e-01,-9.990935218686416430e-01,-9.563386266685872661e-01,-9.969402474154671623e-01,-1.000000000000000000e+00,-9.988318319416118474e-01,-9.992064753390207388e-01,-9.864330032285874017e-01
7.149058334284930094e-01,-9.704193239705865004e-01,-9.595385418468397321e-01,-8.786589491735740109e-01,-9.983314279240836919e-01,-1.000000000000000000e+00,-9.977288133144920357e-01,-9.882054699778732854e-01,-9.272324852750382096e-01,1.503226596508591140e-01,-9.086291928710862331e-01,-3.214822524740185150e-01,-3.127441648653752626e-01,-9.216271341693575980e-01,-3.477133191931228717e-01,-9.758855135223389876e-01,-7.039959268190640884e-01,-9.644438548663545330e-01,6.511513345636865679e-02,-9.964114398725413269e-01,-2.038717182632036051e-01,-9.730235237583758634e-01,-9.127828852240041924e-01,-1.506790951765877296e-01,-9.911583479441772315e-01,-1.191812473056330646e-02,-9.550750094088573672e-01,2.265737742349966943e-01,-9.670320499446978246e-01,-9.921667979959633010e-01,-9.857289029290495774e-01,-9.712595198965986443e-01,-4.273646058639117840e-01,-9.410324617895946542e-01,-9.993120789462390796e-01,-7.649592448265383204e-01,1.062433279408774300e-01,-8.945813841267429289e-01,-9.506145386818332099e-01,-9.997877702942778999e-01,-9.414266709956303769e-01,-6.356042348911399298e-01,-9.838572822397484430e-01,-9.864298445603404408e-01,-9.936094983320382656e-01,1.246793429824775146e-01,-9.907515405411325693e-01,-9.987862096850601556e-01,-8.552840633197319464e-01,-9.916651923700415816e-01,-1.981488863837408410e-01,-9.954859849557161633e-01,-9.311109319814897534e-01,-9.788641624110387962e-01,1.159409590345388263e-01,-6.464892475646755177e-01,-2.892632491335701550e-01,-1.880038814473851128e-01,1.494393969036968972e-01,3.078616515571828138e-01,-9.901365309947366411e-01,-2.618964757640139807e-01,-5.673780760187948635e-01,4.353040571564170680e-01,-9.987796472047172358e-01,-9.989018327265515307e-01,-9.510416598484391359e-01,-9.963552299285508562e-01,-1.000000000000000000e+00,-9.984765113255362756e-01,-9.990436258434922667e-01,-9.844282830783739335e-01
7.576602066236415300e-01,-9.656926140247593660e-01,-9.536720112073672206e-01,-8.653713123526342033e-01,-9.979584753443628831e-01,-1.000000000000000000e+00,-9.970743114735174384e-01,-9.862104887703674327e-01,-9.179261191690100130e-01,8.813264524761632579e-02,-8.980421271946495976e-01,-2.933119913994056693e-01,-2.880875875365548344e-01,-9.122236586915030143e-01,-3.152637660289305810e-01,-9.798348122396831616e-01,-6.800700965580114277e-01,-9.596174424319998675e-01,1.053072027245804954e-02,-9.957022849965477818e-01,-1.665942073256876377e-01,-9.690645781465510034e-01,-9.027533260007368776e-01,-1.590678377590768466e-01,-9.925514689497088039e-01,-1.535382600127199737e-03,-9.491116886382328088e-01,1.779697885450268746e-01,-9.613772847520173359e-01,-9.908270869264532710e-01,-9.831482615519083756e-01,-9.667049350264877994e-01,-4.627682184136451271e-01,-9.474898258573155596e-01,-9.991490911661503604e-01,-7.497196819143215896e-01,5.938368211580313805e-02,-8.828821142444484016e-01,-9.443362566175544925e-01,-9.997387770080670144e-01,-9.330310586760223179e-01,-6.438597186046328691e-01,-9.864752314668624456e-01,-9.844571363471464887e-01,-9.925805603301650626e-01,6.844924626910398047e-02,-9.892584154554436848e-01,-9.985565384133345823e-01,-8.419845507689927011e-01,-9.900521162136806108e-01,-1.836501742270849613e-01,-9.962679873565631894e-01,-9.227612479086644282e-01,-9.756763144908500163e-01,6.453788919871961127e-02,-6.223206498397455544e-01,-2.555568462838859745e-01,-1.824410123136412931e-01,1.826505648007370475e-01,3.367615674760051636e-01,-9.920000954978166474e-01,-2.809469564787043794e-01,-5.282270895330420934e-01,4.902403958250958205e-01,-9.985054996611152367e-01,-9.986730944190550519e-01,-9.452534089089433822e-01,-9.956701884866928642e-01,-1.000000000000000000e+00,-9.980226725914036479e-01,-9.988499567918605049e-01,-9.821638200949428521e-01
7.976162015465655397e-01,-9.603163519252319036e-01,-9.471102821871957289e-01,-8.510215278456287891e-01,-9.975102521744420025e-01,-1.000000000000000000e+00,-9.962493299590371443e-01,-9.839199069807013087e-01,-9.076455839122564706e-01,2.646435741844976874e-02,-8.865055209057753904e-01,-2.657359288280231047e-01,-2.645775869047102269e-01,-9.019167057507445628e-01,-2.846581639695271448e-01,-9.832184512770839602e-01,-6.550600854425822073e-01,-9.542556280340336317e-01,-4.327656461643336616e-02,-9.948675505221514781e-01,-1.300139062605385476e-01,-9.646142803442515623e-01,-8.918166512398418844e-01,-1.713795873004378967e-01,-9.937435738520113970e-01,6.577071182692240114e-03,-9.425011105120475463e-01,1.294759929583022551e-01,-9.549296630882780912e-01,-9.892867545689910669e-01,-9.801615386200892566e-01,-9.615396252055041781e-01,-4.984078610331899029e-01,-9.533329941397057361e-01,-9.989507649249381727e-01,-7.339857355952550400e-01,1.291244928234336342e-02,-8.701791528397859743e-01,-9.374145921647283330e-01,-9.996792630390843870e-01,-9.236656548573409786e-01,-6.535936504340245090e-01,-9.887051395785902974e-01,-9.822356483854894904e-01,-9.914043838510494533e-01,1.278396639267964652e-02,-9.875546663934878788e-01,-9.982872388290789933e-01,-8.278600581105054479e-01,-9.881648823140180005e-01,-1.728868504083482804e-01,-9.969244245010229211e-01,-9.136194581358829669e-01,-9.720740236040724680e-01,1.364318705904188356e-02,-5.975097684637369344e-01,-2.223368058862112973e-01,-1.790485226658240503e-01,2.135853918323777911e-01,3.597266571721042805e-01,-9.935427821730528075e-01,-3.015441803200856752e-01,-4.869147809408653771e-01,5.437927456077589206e-01,-9.981749072389332067e-01,-9.984009134709757038e-01,-9.389495815787836097e-01,-9.948704066585054573e-01,-1.000000000000000000e+00,-9.974459849120227428e-01,-9.986201894300598125e-01,-9.796117562678514634e-01
8.345370144092134623e-01,-9.542195540017417432e-01,-9.397960508357939835e-01,-8.355758883044019925e-01,-9.969734544812148824e-01,-1.000000000000000000e+00,-9.952148540592634651e-01,-9.812974969957780624e-01,-8.963198358154020884e-01,-3.438096617530095322e-02,-8.739713127825529115e-01,-2.389119190810493620e-01,-2.423836011242099797e-01,-8.906500782828108420e-01,-2.562799368086554619e-01,-9.861015181727856849e-01,-6.290088256005754719e-01,-9.483171734395022812e-01,-9.612729520648222170e-02,-9.938880262512821417e-01,-9.437066550155592815e-02,-9.596260509331601130e-01,-8.799232985398847129e-01,-1.874392318269948454e-01,-9.947603710705879010e-01,1.236246909133775773e-02,-9.351944370352711644e-01,8.124042024387367888e-02,-9.476114966035545928e-01,-9.875209737906323060e-01,-9.767165554122547722e-01,-9.557008904955298645e-01,-5.339362731803494189e-01,-9.586083751102363326e-01,-9.987102428436852586e-01,-7.177864275636722802e-01,-3.304426159384443729e-02,-8.564242821646699255e-01,-9.298058065050330834e-01,-9.996071569767658316e-01,-9.132559687038027674e-01,-6.646737116561565184e-01,-9.905977936881832369e-01,-9.797399816644523085e-01,-9.900630590274918097e-01,-4.210585040804970536e-02,-9.856158562848384985e-01,-9.979722311715133465e-01,-8.129047736059342721e-01,-9.859647143730404517e-01,-1.660123086574316620e-01,-9.974735372353281670e-01,-9.036409793353888942e-01,-9.680142553756636570e-01,-3.658543875312969540e-02,-5.721426645263858468e-01,-1.898063639491720522e-01,-1.778535816475309561e-01,2.420177703735284513e-01,3.764322200640171090e-01,-9.948130551690708145e-01,-3.235256176003525885e-01,-4.434834584146000180e-01,5.956658353956980623e-01,-9.977774465414940286e-01,-9.980779513748366805e-01,-9.321075603542388066e-01,-9.939394503186698149e-01,-1.000000000000000000e+00,-9.967169772813485595e-01,-9.983482519475886940e-01,-9.767421021339647291e-01
8.682004053290690582e-01,-9.473264069325184611e-01,-9.316710629654957332e-01,-8.190062395699384545e-01,-9.963328371152908591e-01,-1.000000000000000000e+00,-9.939244290110513802e-01,-9.783038622958843966e-01,-8.838767922742782890e-01,-9.412620107631897159e-02,-8.603937627326425641e-01,-2.129982887106133260e-01,-2.216693971738099567e-01,-8.783680136493050572e-01,-2.304958724582487628e-01,-9.885446523813458120e-01,-6.019705178746701524e-01,-9.417602353693574901e-01,-1.478576976533000353e-01,-9.927421492923582669e-01,-5.990649268545011896e-02,-9.540510423320482936e-01,-8.670250705369697553e-01,-2.070210553798669251e-01,-9.956248465911220480e-01,1.578013348283313633e-02,-9.271421152650151098e-01,3.340363136205359851e-02,-9.393433542152845872e-01,-9.855027298484383413e-01,-9.727565270452006585e-01,-9.491226660758910194e-01,-5.690315583622159723e-01,-9.633603683421645414e-01,-9.984195218477072142e-01,-7.011552451279967624e-01,-7.836838509154331334e-02,-8.415716414663464429e-01,-9.214661766398499765e-01,-9.995200217807163057e-01,-9.017274305022004999e-01,-6.769524902658103915e-01,-9.921985273143729689e-01,-9.769430167673113230e-01,-9.885370017837041834e-01,-9.602580376130731565e-02,-9.834155608209697030e-01,-9.976046434966227006e-01,-7.971183626263987909e-01,-9.834088399564858696e-01,-1.631252247583391268e-01,-9.979312754848856937e-01,-8.927827571182616051e-01,-9.634511511687245955e-01,-8.600156763321098463e-02,-5.463152515644564833e-01,-1.581719065734668028e-01,-1.788657544003832145e-01,2.677361611839792488e-01,3.866397068884039889e-01,-9.958534834396398638e-01,-3.467217507497365458e-01,-3.979968720414042149e-01,6.455656381506866826e-01,-9.973010312020720303e-01,-9.976958154275945567e-01,-9.247068583511713902e-01,-9.928590457018435789e-01,-1.000000000000000000e+00,-9.958001875051147866e-01,-9.980271812287876410e-01,-9.735226938253151996e-01
8.984009368601693080e-01,-9.395563919836334987e-01,-9.226767109976548031e-01,-8.012908666550836445e-01,-9.955710135744230138e-01,-1.000000000000000000e+00,-9.923231224868401812e-01,-9.748963622607775825e-01,-8.702439171789628780e-01,-1.525198555761032582e-01,-8.457301772619438829e-01,-1.881523048332798265e-01,-2.025910648107552836e-01,-8.650157717184223660e-01,-2.076482716092408198e-01,-9.906037452791884856e-01,-5.740109286091990004e-01,-9.345427513558273169e-01,-1.983201111447063791e-01,-9.914058218860447580e-01,-2.686287235641959814e-02,-9.478383466913359312e-01,-8.530757457670136157e-01,-2.298540042941769057e-01,-9.963574577216899320e-01,1.680596299602221677e-02,-9.182943131913031687e-01,-1.390183084652829582e-02,-9.300451197842868334e-01,-9.832027697434465585e-01,-9.682200126843059085e-01,-9.417358284564807391e-01,-6.034013469044712252e-01,-9.676312577894392586e-01,-9.980693014616296432e-01,-6.841301561837713763e-01,-1.229502444930395955e-01,-8.255784130215341188e-01,-9.123524540111612735e-01,-9.994149991696419377e-01,-8.890063507016855437e-01,-6.902707312767023540e-01,-9.935475992736938489e-01,-9.738159196023389308e-01,-9.868048730289136206e-01,-1.487985153313017284e-01,-9.809253363772961753e-01,-9.971767328560974253e-01,-7.805064457755183094e-01,-9.804503453775049726e-01,-1.642671917614723087e-01,-9.983115209134357793e-01,-8.810039041264539073e-01,-9.583360833087145592e-01,-1.344705365963083654e-01,-5.201329245270057688e-01,-1.276408454381026125e-01,-1.820768658651076288e-01,2.905462183835667567e-01,3.902024001481536608e-01,-9.967011635896179111e-01,-3.709582251661919239e-01,-3.505413125894557558e-01,6.932021160379007174e-01,-9.967317000834889917e-01,-9.972449425291878278e-01,-9.167295958816336077e-01,-9.916089624083265219e-01,-1.000000000000000000e+00,-9.946532298566314045e-01,-9.976490161378051003e-01,-9.699191677211194129e-01
9.249520714252073006e-01,-9.308244951730616501e-01,-9.127547177302224313e-01,-7.824153813091456744e-01,-9.946682513766754719e-01,-1.000000000000000000e+00,-9.903464348454740218e-01,-9.710290701849657591e-01,-8.553488828353987827e-01,-2.093371613628428607e-01,-8.299416749058616816e-01,-1.645286031234088897e-01,-1.852950608473836747e-01,-8.505402773180709142e-01,-1.880474042277312519e-01,-9.923297962732159361e-01,-5.452075613446625280e-01,-9.266228780791635478e-01,-2.473832631350744160e-01,-9.898522339054017793e-01,4.522011922831081776e-03,-9.409352605158093352e-01,-8.380317322083682408e-01,-2.556279178514975214e-01,-9.969763293273192772e-01,1.543272341317281082e-02,-9.086014140086839941e-01,-6.055190655471687222e-02,-9.196372332140028139e-01,-9.805895753334629150e-01,-9.630409338800544061e-01,-9.334685947823492258e-01,-6.367859752691977793e-01,-9.714611374757683437e-01,-9.976488200548490060e-01,-6.667535825277648431e-01,-1.666888214559854031e-01,-8.084055437010112533e-01,-9.024223719686750300e-01,-9.992887473279569166e-01,-8.750209935645073545e-01,-7.044607547295226313e-01,-9.946805834116108080e-01,-9.703281674456315509e-01,-9.848435055212514389e-01,-2.002641844479550182e-01,-9.781147094361761773e-01,-9.966798026637452290e-01,-7.630810465355883920e-01,-9.770380760499385309e-01,-1.694217165098919065e-01,-9.986262997234008898e-01,-8.682663817959744845e-01,-9.526177533340672854e-01,-1.818697864384245522e-01,-4.937100438726280682e-01,-9.841939415457523488e-02,-1.874611040362311742e-01,3.102732397792067331e-01,3.870689332667025528e-01,-9.973881768702509421e-01,-3.960580010830750952e-01,-3.012264868371666848e-01,7.382920071361021019e-01,-9.960533888174234463e-01,-9.967144765257880401e-01,-9.081609917863155967e-01,-9.901669043364565992e-01,-1.000000000000000000e+00,-9.932257887418038944e-01,-9.972046822510687303e-01,-9.658949555130897924e-01
9.476880980082549311e-01,-9.210415126940032504e-01,-9.018479059614291637e-01,-7.623735966800656572e-01,-9.936022663692455348e-01,-1.000000000000000000e+00,-9.879191785162033668e-01,-9.666527705161214179e-01,-8.391203077909121788e-01,-2.643807429226086025e-01,-8.129939841861477667e-01,-1.422775970860400419e-01,-1.699163378599092278e-01,-8.348908138960617897e-01,-1.719645055799891020e-01,-9.937689012895132290e-01,-5.156496917688389026e-01,-9.179594815612105441e-01,-2.949323648930674002e-01,-9.880516941867073522e-01,3.401610919874942240e-02,-9.332876095686003515e-01,-8.218527587466117890e-01,-2.840005227198495463e-01,-9.974974489258248145e-01,1.167013842111108701e-02,-8.980145681723771256e-01,-1.064314003969116795e-01,-9.080421125610488309e-01,-9.776293645042075653e-01,-9.571486722385489365e-01,-9.242470216539349082e-01,-6.689606671004545424e-01,-9.748878665444798974e-01,-9.971456797120836768e-01,-6.490723294018309053e-01,-2.094919500565231019e-01,-7.900184954759457145e-01,-8.916351999565885755e-01,-9.991373714642524106e-01,-8.597027597597109994e-01,-7.193499390673324667e-01,-9.956287603912500339e-01,-9.664475977445490251e-01,-9.826278405876336386e-01,-2.502809271209637254e-01,-9.749511909634603901e-01,-9.961041167610057423e-01,-7.448609994742358964e-01,-9.731165926579321557e-01,-1.785146111492600385e-01,-9.988859836482011367e-01,-8.545357197805072413e-01,-9.462423379155423531e-01,-2.280890858323132431e-01,-4.671692741064248366e-01,-7.071027801193963125e-02,-1.949753605313661042e-01,3.267643995144089430e-01,3.772845306740653104e-01,-9.979420616431865509e-01,-4.218434690737994375e-01,-2.501861366992974567e-01,7.805616167738711475e-01,-9.952476853597427287e-01,-9.960921399270078469e-01,-8.989898625966687984e-01,-9.885084118872825565e-01,-1.000000000000000000e+00,-9.914585506022045580e-01,-9.966838680819664065e-01,-9.614113025746173768e-01
9.664658606542515518e-01,-9.101144604258837312e-01,-8.899010508928326679e-01,-7.411683733986322853e-01,-9.923480201425395331e-01,-1.000000000000000000e+00,-9.849543547329701054e-01,-9.617150015174301680e-01,-8.214885685732744580e-01,-3.174808809617668537e-01,-7.948582652821423178e-01,-1.215438911977936298e-01,-1.565765906131236784e-01,-8.180197640074962084e-01,-1.596255324318870406e-01,-9.949623501292141903e-01,-4.854382558514270807e-01,-9.085126775120705434e-01,-3.408690357721688713e-01,-9.859714754282961069e-01,6.139634004161309555e-02,-9.248401369599844601e-01,-8.045025986641670679e-01,-3.146049705172845323e-01,-9.979348576639270885e-01,5.544779050696835299e-03,-8.864863014872954583e-01,-1.514342786574233157e-01,-8.951857490557938446e-01,-9.742861248257537188e-01,-9.504682576933896065e-01,-9.139956086858853634e-01,-6.997367345975750164e-01,-9.779470506395421259e-01,-9.965456608283734807e-01,-6.311374695993080541e-01,-2.512764360890670234e-01,-7.703880171212282857e-01,-8.799523411926152283e-01,-9.989563467890377746e-01,-8.429874690215777289e-01,-7.347641693530246876e-01,-9.964195042480221698e-01,-9.621404821032292221e-01,-9.801308770599050924e-01,-2.987249056232375022e-01,-9.714003192574656165e-01,-9.954388108412082214e-01,-7.258723099577946147e-01,-9.686261939928514364e-01,-1.914157663939348719e-01,-9.990994777911490488e-01,-8.397817656517542195e-01,-9.391536868983689779e-01,-2.730306363969334793e-01,-4.406407786153714312e-01,-4.471041206016734826e-02,-2.045598018541476826e-01,3.398907233619028467e-01,3.609899273130154906e-01,-9.983862859635566078e-01,-4.481384938989644295e-01,-1.975783717292001196e-01,8.197495754717560867e-01,-9.942935707277239521e-01,-9.953641011025812224e-01,-8.892091216979440826e-01,-9.866067791445054525e-01,-1.000000000000000000e+00,-9.892820919979867789e-01,-9.960748929978464616e-01,-9.564273125664181086e-01
9.811662639847502643e-01,-8.979470955790798126e-01,-8.768618100343311683e-01,-7.188124204432411180e-01,-9.908775254983831493e-01,-1.000000000000000000e+00,-9.813520632646979269e-01,-9.561601496321976423e-01,-8.023866818462594974e-01,-3.684953919121836119e-01,-7.755119452645581335e-01,-1.024647210732537728e-01,-1.453826519097030090e-01,-7.998833909838092282e-01,-1.512058801208729930e-01,-9.959468101563947462e-01,-4.546855829789689940e-01,-8.982444189476446184e-01,-3.851110667707280388e-01,-9.835756779660205229e-01,8.645139465538198564e-02,-9.155369565239753760e-01,-7.859498181090044389e-01,-3.470576867115140463e-01,-9.983008347817651229e-01,-2.900246081828483646e-03,-8.739711762296707986e-01,-1.954638825431662674e-01,-8.809994606427037356e-01,-9.705216841675257111e-01,-9.429206584193722263e-01,-9.026380105226036177e-01,-7.289618489100976317e-01,-9.806720466363052502e-01,-9.958325280161853810e-01,-6.130041809611648240e-01,-2.919681034597144675e-01,-7.494909282427759667e-01,-8.673379694491751835e-01,-9.987404335290200885e-01,-8.248167305971851881e-01,-7.505311553147904213e-01,-9.970766578125124235e-01,-9.573716277964171573e-01,-9.773236349449365701e-01,-3.454902587630127586e-01,-9.674257347916261907e-01,-9.946718020538359850e-01,-7.061484563897358901e-01,-9.635030176009814484e-01,-2.079422470249706612e-01,-9.992743944866878669e-01,-8.239794561248050542e-01,-9.312935776158881573e-01,-3.166090633047164982e-01,-4.142612753191334818e-01,-2.060858423919831317e-02,-2.161386604296940961e-01,3.495487712167826277e-01,3.384180040593249839e-01,-9.987407081025665434e-01,-4.747703542340697691e-01,-1.435856877759713601e-01,8.556095250446218436e-01,-9.931671466488536382e-01,-9.945148383689118576e-01,-8.788162698459741629e-01,-9.844329900651199727e-01,-1.000000000000000000e+00,-9.866157483028044073e-01,-9.953645672106373743e-01,-9.509000212075024994e-01
9.916955340322644030e-01,-8.844405574402897097e-01,-8.626817229806931220e-01,-6.953290334491633029e-01,-9.891596657184758001e-01,-1.000000000000000000e+00,-9.769984885874263281e-01,-9.499296017781492241e-01,-7.817512518718696679e-01,-4.173091514320221851e-01,-7.549395554673650199e-01,-8.516844396207612355e-02,-1.364250672738201997e-01,-7.804426548431449007e-01,-1.468262329894362006e-01,-9.967545753543280984e-01,-4.235149680889400692e-01,-8.871191269373497335e-01,-4.275920357786123782e-01,-9.808251182777700805e-01,1.089844414762075608e-01,-9.053220726331282497e-01,-7.661685413629379937e-01,-3.809662970866691811e-01,-9.986060737110727947e-01,-1.360579433093089818e-02,-8.604265009664497921e-01,-2.384330589680108137e-01,-8.654217829076927826e-01,-9.662958226963608288e-01,-9.344231828745910295e-01,-8.900978592181185700e-01,-7.565194540323233463e-01,-9.830939878174496105e-01,-9.949878294630833953e-01,-5.947315366295615746e-01,-3.315017703734368659e-01,-7.273109056824719199e-01,-8.537596993421208147e-01,-9.984835836640572060e-01,-8.051393856976344354e-01,-7.664835330178090267e-01,-9.976208923852651900e-01,-9.521045090295355839e-01,-9.741751364807560432e-01,-3.904888455274018177e-01,-9.629892905009317383e-01,-9.937896977841473856e-01,-6.857306262403206620e-01,-9.576792294197291611e-01,-2.278626063900608401e-01,-9.994172128008851352e-01,-8.071095997274200240e-01,-9.226020291915846272e-01,-3.587512973476923994e-01,-3.881729603665708961e-01,1.416818705071154483e-03,-2.296212304737694776e-01,3.556619963804681372e-01,3.098882519315062645e-01,-9.990220157527914813e-01,-5.015715492868328962e-01,-8.841464861833225886e-02,8.879126946570388146e-01,-9.918413524887926824e-01,-9.935270027070738363e-01,-8.678138676865425616e-01,-9.819556780104158333e-01,-1.000000000000000000e+00,-9.833664946039933907e-01,-9.945380444302316381e-01,-9.447845020846791231e-01
9.979862161628880735e-01,-8.694941327947448562e-01,-8.473172709702945227e-01,-6.707527527468322148e-01,-9.871600341725418337e-01,-1.000000000000000000e+00,-9.717650138327813547e-01,-9.429619616012386851e-01,-7.595234764746199296e-01,-4.638332946412501157e-01,-7.331335584056306587e-01,-6.977310259616487098e-02,-1.297768749004689637e-01,-7.596640542032737642e-01,-1.465496852493854973e-01,-9.974138617830639042e-01,-3.920600792486981234e-01,-8.751043590247058468e-01,-4.682607883944048810e-01,-9.776772485659057654e-01,1.288156980071182289e-01,-8.941399665006133368e-01,-7.451392236373758360e-01,-4.159374049177864130e-01,-9.988598484344579642e-01,-2.649737783177930073e-02,-8.458130833390250514e-01,-2.802642112693446430e-01,-8.484004692507205458e-01,-9.615664305248780019e-01,-9.248900035402933817e-01,-8.762996967788261315e-01,-7.823274194493345934e-01,-9.852418266927982504e-01,-9.939906924881591888e-01,-5.763822480077092081e-01,-3.698211587800539490e-01,-7.038392613651551777e-01,-8.391892833098395510e-01,-9.981788391631915003e-01,-7.839130026334851786e-01,-7.824616755419858682e-01,-9.980700482037482280e-01,-9.463014299771731475e-01,-9.706524073359863447e-01,-4.336498169417656312e-01,-9.580512008084955955e-01,-9.927777047884417394e-01,-6.646678775668978245e-01,-9.510833133103329118e-01,-2.509022774116245191e-01,-9.995334236534386685e-01,-7.891596595777683465e-01,-9.130176799807931953e-01,-3.993963555564741252e-01,-3.625223098193716131e-01,2.120000451380588125e-02,-2.449030501129243476e-01,3.581817569435503668e-01,2.757992494481473766e-01,-9.992441372762521645e-01,-5.283814473009809110e-01,-3.229521224964992943e-02,9.164503295351495993e-01,-9.902856745355624879e-01,-9.923812812078094403e-01,-8.562099803669128706e-01,-9.791411131886950114e-01,-1.000000000000000000e+00,-9.794278780618788094e-01,-9.935786680046589936e-01,-9.380340072604619328e-01
9.999978956371873284e-01,-8.530061498912450135e-01,-8.307309836280245552e-01,-6.451299233886442774e-01,-9.848408015690112149e-01,-1.000000000000000000e+00,-9.655075214659072369e-01,-9.351933353574988228e-01,-7.356502029556402089e-01,-5.080041295858083172e-01,-7.100951506225310350e-01,-5.638508468330860612e-02,-1.254926137072676084e-01,-7.375204846846302731e-01,-1.503802281332762281e-01,-9.979491327371445841e-01,-3.604641998003534908e-01,-8.621715085149996849e-01,-5.070807993338899422e-01,-9.740861141934666900e-01,1.457848171747697652e-01,-8.819362477762588970e-01,-7.228494211012057580e-01,-4.515840071341254980e-01,-9.990701691590653244e-01,-4.148602607433116152e-02,-8.300960186416066477e-01,-3.208892731690219380e-01,-8.298945651117449751e-01,-9.562897149993387913e-01,-9.142328106170822810e-01,-8.611700152776079475e-01,-8.063360421433745095e-01,-9.871423927880562665e-01,-9.928176187077666359e-01,-5.580223609905226034e-01,-4.068787412038716855e-01,-6.790756997770610592e-01,-8.236033272521682269e-01,-9.978182216101563196e-01,-7.611054018569859414e-01,-7.983161517633043935e-01,-9.984394532673110945e-01,-9.399237213854280126e-01,-9.667205007794901217e-01,-4.749190327307765136e-01,-9.525702324440916691e-01,-9.916195400588839748e-01,-6.430172183491849047e-01,-9.436404707785543966e-01,-2.767498644034983579e-01,-9.996276608384103701e-01,-7.701245237944238653e-01,-9.024782305991366771e-01,-4.384950284454390834e-01,-3.374587719135181407e-01,3.858985044808460607e-02,-2.618672479824213362e-01,3.570879608493973123e-01,2.366194010618289933e-01,-9.994186206326355348e-01,-5.550477553180706014e-01,2.452031090775719235e-02,9.410359366159219974e-01,-9.884658514928509332e-01,-9.910562637109824324e-01,-8.440185839438798521e-01,-9.759532227550531402e-01,-1.000000000000000000e+00,-9.746790488995770163e-01,-9.924678116327773081e-01,-9.306001452630531245e-01
9.977176303857220319e-01,-8.348750027867997137e-01,-8.128925778004543190e-01,-6.185191397868926577e-01,-9.821606188544391713e-01,-1.000000000000000000e+00,-9.580659465629411953e-01,-9.265576925518292928e-01,-7.100850236380784608e-01,-5.497818030953582902e-01,-6.858350270058226616e-01,-4.509789918973572398e-02,-1.236075781942638230e-01,-7.139921030735596474e-01,-1.582626538970759444e-01,-9.983814392990738584e-01,-3.288793070525966034e-01,-8.482965264743185241e-01,-5.440294302396451176e-01,-9.700023560839440284e-01,1.597530451038464694e-01,-8.686583688727133046e-01,-6.992945469217686227e-01,-4.875323601068444201e-01,-9.992439267276289616e-01,-5.846930805844974266e-02,-8.132455055813265776e-01,-3.602496100724307260e-01,-8.098765142259471972e-01,-9.504204612067446156e-01,-9.023616022100329204e-01,-8.446383993057469119e-01,-8.285255183905726462e-01,-9.888204628737424784e-01,-9.914422829266235082e-01,-5.397209066731682992e-01,-4.426355296329734790e-01,-6.530290425351459316e-01,-8.069840156244277862e-01,-9.973926132486150564e-01,-7.366961848620590114e-01,-8.139097874933287624e-01,-9.987422189783575766e-01,-9.329319722133644355e-01,-9.623425476748073137e-01,-5.142583406817815561e-01,-9.465039397644108288e-01,-9.902973449914039827e-01,-6.208435967828080937e-01,-9.352731401736352757e-01,-3.050641341501785231e-01,-9.997038184517197390e-01,-7.500072500751914228e-01,-8.909209541402385302e-01,-4.760094827386532890e-01,-3.131333650150226466e-01,5.345182393205338833e-02,-2.803860298576512644e-01,3.523893329072265157e-01,1.928762376609962637e-01,-9.995549775502989842e-01,-5.814277941961079055e-01,8.175867430884742326e-02,9.615073136405696275e-01,-9.863435808692847528e-01,-9.895283154905940570e-01,-8.312599231089734531e-01,-9.723536484042654138e-01,-1.000000000000000000e+00,-9.689839450512126584e-01,-9.911847160228630660e-01,-9.224330987986792962e-01
9.911600897771386531e-01,-8.150003055694386989e-01,-7.937801109846378544e-01,-5.909915583628579938e-01,-9.790745643776200824e-01,-1.000000000000000000e+00,-9.492641542764342910e-01,-9.169873057329551713e-01,-6.827893989790989604e-01,-5.891487598060793918e-01,-6.603740914908906579e-01,-3.599108898461045314e-02,-1.241373342437073202e-01,-6.890671853879355435e-01,-1.700838797909540734e-01,-9.987287643945040871e-01,-2.974649924935045542e-01,-8.334606569670777176e-01,-5.790971001536173723e-01,-9.653732654105661171e-01,1.706051098439036462e-01,-8.542563979772865856e-01,-6.744786013063381880e-01,-5.234281339602075978e-01,-9.993870255050102402e-01,-7.733249745644965589e-02,-7.952376791916211385e-01,-3.982958524657872479e-01,-7.883342485553821444e-01,-9.439123487318450412e-01,-8.891856153827857323e-01,-8.266387626757256690e-01,-8.489030102097094854e-01,-9.902988412678985775e-01,-9.898353406062139204e-01,-5.215495084057333308e-01,-4.770608115855888842e-01,-6.257179069522718073e-01,-7.893198356796501391e-01,-9.968916296450612835e-01,-7.106782379252329918e-01,-8.291192991065701179e-01,-9.989895118191969292e-01,-9.252862974140216856e-01,-9.574798351335040980e-01,-5.516447375036925838e-01,-9.398089468400632196e-01,-9.887916046324830566e-01,-5.982197966853044502e-01,-9.259016432393943896e-01,-3.354814871402814758e-01,-9.997651554068646140e-01,-7.288197701876129031e-01,-8.782832742022970152e-01,-5.119127890145951376e-01,-2.896971987266078186e-01,6.566971480833339037e-02,-3.003222787740387201e-01,3.441232989698834732e-01,1.451446206322932753e-01,-9.996609920808643412e-01,-6.073895676297058621e-01,1.391274857292894573e-01,9.777283310418829476e-01,-9.838762318309641763e-01,-9.877714592242063940e-01,-8.179608097935506805e-01,-9.683018462846035845e-01,-1.000000000000000000e+00,-9.621906928988392949e-01,-9.897063231824332341e-01,-9.134818842127657712e-01
9.803673974598947627e-01,-7.932841733311681853e-01,-7.733811296107023781e-01,-5.626310628161068639e-01,-9.755341444139566942e-01,-1.000000000000000000e+00,-9.389102170484886489e-01,-9.064132729163679736e-01,-6.537337945005906592e-01,-6.261080357097252858e-01,-6.337440987003515325e-01,-2.912929745923831248e-02,-1.270775050823862440e-01,-6.627429659839715326e-01,-1.856756475479139912e-01,-9.990063607840041771e-01,-2.663872315661289791e-01,-8.176511748120786072e-01,-6.122863850471649272e-01,-9.601428979743265035e-01,1.782508051821229955e-01,-8.386838451380427273e-01,-6.484148628991142083e-01,-5.589417269677039446e-01,-9.995045047413445571e-01,-9.794986216336609708e-02,-7.760554495205181924e-01,-4.349876667206470371e-01,-7.652732080214024180e-01,-9.367183270007715112e-01,-8.746143998831529265e-01,-8.071106682764717100e-01,-8.674994307450438757e-01,-9.915984480208208662e-01,-9.879642495122714640e-01,-5.035819477324494642e-01,-5.101318388040761986e-01,-5.971713251537253964e-01,-7.706062895561387460e-01,-9.963034843643722160e-01,-6.830591791283912029e-01,-8.438364856716400464e-01,-9.991908009192448370e-01,-9.169466425163137480e-01,-9.520919165871154499e-01,-5.870694304593693236e-01,-9.324412780240847187e-01,-9.870810739818017820e-01,-5.752262333650316473e-01,-9.154449650389434590e-01,-3.676236810782993469e-01,-9.998143878434128107e-01,-7.065835395528732299e-01,-8.645034102276933918e-01,-5.461883840982508787e-01,-2.672999376961098239e-01,7.514714809777345295e-02,-3.215312405950663255e-01,3.323554895382838659e-01,9.403421750202722862e-02,-9.997429939275477295e-01,-6.328126186519784646e-01,1.963173641984186091e-01,9.895904393913217412e-01,-9.810165709963206693e-01,-9.857572698683920720e-01,-8.041548525047017559e-01,-9.637552339382705613e-01,-1.000000000000000000e+00,-9.541312930128560410e-01,-9.880071103584111558e-01,-9.036946543403712173e-01
9.654086806884305538e-01,-7.696326238801232122e-01,-7.516937904450756713e-01,-5.335342682705472850e-01,-9.714873564566087749e-01,-1.000000000000000000e+00,-9.267971687765279576e-01,-8.947661249788521065e-01,-6.228988162166242404e-01,-6.606814272349565975e-01,-6.059882109922745119e-01,-2.456150441621263170e-02,-1.324038314995427124e-01,-6.350264439998711818e-01,-2.048185082926887723e-01,-9.992270756011739641e-01,-2.358170141272321052e-01,-8.008621139997715854e-01,-6.436110626398325874e-01,-9.542522555757783076e-01,1.826262391368944638e-01,-8.218985341884432749e-01,-6.211265284475282478e-01,-5.937726470276287749e-01,-9.996006486272809299e-01,-1.201860579470314105e-01,-7.556893334716996424e-01,-4.702934690464906087e-01,-7.407182317531834093e-01,-9.287910507074873534e-01,-8.585590333562056475e-01,-7.860007168778787578e-01,-8.843660678403635345e-01,-9.927384129732921281e-01,-9.857931118869336373e-01,-4.858936924227592602e-01,-5.418334742555483974e-01,-5.674292901832602709e-01,-7.508465820532342905e-01,-9.956148462806080346e-01,-6.538627151088517442e-01,-8.579689808410786434e-01,-9.993540818840938034e-01,-9.078731251678204828e-01,-9.461367559037464625e-01,-6.205368191492941499e-01,-9.243567380605861583e-01,-9.851427135234054333e-01,-5.519506466731930461e-01,-9.038216709774506974e-01,-4.011055789076474198e-01,-9.998537703125063292e-01,-6.833301168129908287e-01,-8.495210884223012293e-01,-5.788294782352665369e-01,-2.460882294675026394e-01,8.180884975160829242e-02,-3.438622661167226591e-01,3.171788720397890060e-01,4.017662900834029216e-02,-9.998060978857533643e-01,-6.575886717025307693e-01,2.530044482295255026e-01,9.970138791053158034e-01,-9.777125085765434598e-01,-9.834547864291846020e-01,-7.898826067921856930e-01,-9.586693887241924950e-01,-1.000000000000000000e+00,-9.446216648536712723e-01,-9.860589259989881450e-01,-8.930190459277320691e-01
9.463793328258136572e-01,-7.439570910856976305e-01,-7.287279317198148698e-01,-5.038103526351069839e-01,-9.668788247840122141e-01,-1.000000000000000000e+00,-9.127043118724609272e-01,-8.819765190417734324e-01,-5.902763278193006169e-01,-6.929075756583529255e-01,-5.771614556292632425e-01,-2.232044389071607959e-02,-1.400725051853511927e-01,-6.059351427843631122e-01,-2.272469609843098537e-01,-9.994016560165900342e-01,-2.059288497304921917e-01,-7.830949739267597520e-01,-6.730951183072444444e-01,-9.476395414007311446e-01,1.836947229300889273e-01,-8.038635116276554582e-01,-5.926472874300752203e-01,-6.276529037621201290e-01,-9.996790854264777648e-01,-1.438976046441192702e-01,-7.341382660808135618e-01,-5.041900886498096312e-01,-7.147152595721804058e-01,-9.200833758347128910e-01,-8.409334734972848668e-01,-7.632639875598260515e-01,-8.995711562966286490e-01,-9.937361738679737488e-01,-9.832825442053845233e-01,-4.685613904578194155e-01,-5.721578032473204622e-01,-5.365432156760490123e-01,-7.300522712609011089e-01,-9.948106904043926280e-01,-6.231298726511955710e-01,-8.714405797666048281e-01,-9.994860776659444390e-01,-8.980264132388732223e-01,-9.395709079782856854e-01,-6.520634165690835093e-01,-9.155113420328784279e-01,-9.829516363434090964e-01,-5.284876894856362917e-01,-8.909509619114654999e-01,-4.355427022269483528e-01,-9.998851666667646354e-01,-6.591016582817175173e-01,-8.332783151767031438e-01,-6.098384171161616019e-01,-2.262041191483120661e-01,8.560164211425602687e-02,-3.671605805517171861e-01,2.987125277923041722e-01,-1.578745541122172913e-02,-9.998544114158997020e-01,-6.816220627095018747e-01,3.088532324994675005e-01,9.999485734945374737e-01,-9.739068731788419475e-01,-9.808304449567978311e-01,-7.751916380657863925e-01,-9.529983017891581198e-01,-1.000000000000000000e+00,-9.334621274271149849e-01,-9.838308304749614486e-01,-8.814025722772980131e-01
9.233999998737354442e-01,-7.161760374988607181e-01,-7.045060693468917501e-01,-4.735807060147494418e-01,-9.616500176699100955e-01,-1.000000000000000000e+00,-8.963991484289817180e-01,-8.679760173444561744e-01,-5.558705316754781744e-01,-7.228400046869617457e-01,-5.473310673619591338e-01,-2.242221366695507090e-02,-1.500207688529611172e-01,-5.754978075400574156e-01,-2.526555763122871889e-01,-9.995390323397790322e-01,-1.768991647674337253e-01,-7.643593898087719385e-01,-7.007717272116678053e-01,-9.402404959437238308e-01,1.814472830378053292e-01,-7.845479819427347845e-01,-5.630218183614905669e-01,-6.603493908533777379e-01,-9.997428761999317404e-01,-1.689344225000324329e-01,-7.114103766050816624e-01,-5.366623863661730276e-01,-6.873327811271685572e-01,-9.105489156596753286e-01,-8.216560389062572689e-01,-7.388655093887319669e-01,-9.131964975942215013e-01,-9.946075768833581021e-01,-9.803895822345911615e-01,-4.516623344678220020e-01,-6.011037145020584616e-01,-5.045762960916286843e-01,-7.082438687427063950e-01,-9.938741433980572415e-01,-5.909200696764175254e-01,-8.841911686130430326e-01,-9.995924175647203924e-01,-8.873681384764862123e-01,-9.323497379613728819e-01,-6.816767279885598274e-01,-9.058617945938624016e-01,-9.804810693621412998e-01,-5.049384115220596492e-01,-8.767538651806916494e-01,-4.705583874489649432e-01,-9.999101115949601271e-01,-6.339513125203365407e-01,-8.157202084801289388e-01,-6.392260086933958529e-01,-2.077834746955773415e-01,8.649515059061751998e-02,-3.912690516047991895e-01,2.771000960565643823e-01,-7.322071361794024735e-02,-9.998912128201816740e-01,-7.048299636614983044e-01,3.635197025458185571e-01,9.983746909985016238e-01,-9.695372244675323214e-01,-9.778480373943609916e-01,-7.601364890731687751e-01,-9.466946911142560817e-01,-1.000000000000000000e+00,-9.204383933264934647e-01,-9.812889446737358412e-01,-8.687930611719378859e-01
8.966153058457169145e-01,-6.862166505498475955e-01,-6.790642928230494757e-01,-4.429783918914973473e-01,-9.557395551757936758e-01,-1.000000000000000000e+00,-8.776399980314724125e-01,-8.526979494193519526e-01,-5.196989947344088367e-01,-7.505451464684735896e-01,-5.165767026591181477e-01,-2.486608314306015810e-02,-1.621677717549605546e-01,-5.437550262544172952e-01,-2.807059088169662209e-01,-9.996465763520938630e-01,-1.489046111896858982e-01,-7.446737530703582131e-01,-7.266822269199200157e-01,-9.319888192684464556e-01,1.759027861599249398e-01,-7.639282572876089361e-01,-5.323061937817661349e-01,-6.916652723602194630e-01,-9.997945937304488773e-01,-1.951414058259858253e-01,-6.875237141326497881e-01,-5.677028351366393277e-01,-6.586629707180902127e-01,-9.001426548893474155e-01,-8.006510064527991855e-01,-7.127817410765530104e-01,-9.253342120344527633e-01,-9.953669781478702294e-01,-9.770676296833814556e-01,-4.352739017103994801e-01,-6.286764569895954002e-01,-4.716037552070986294e-01,-6.854513757488542858e-01,-9.927863252698772012e-01,-5.573119904914206613e-01,-8.961762944843580936e-01,-9.996777956722775471e-01,-8.758613440407302386e-01,-9.244276809599738520e-01,-7.094141053451810119e-01,-8.953660169772355015e-01,-9.777023313575285979e-01,-4.814096401786293056e-01,-8.611545558689452928e-01,-5.057903652842544728e-01,-9.999298637306514026e-01,-6.079435009719416083e-01,-7.967958813245312744e-01,-6.670108244663233155e-01,-1.909544472069856225e-01,8.448220822891205906e-02,-4.160299283031894113e-01,2.525079134530816560e-01,-1.315009277551436595e-01,-9.999191027549713118e-01,-7.271424117583054070e-01,4.166547297310865261e-01,9.923028674955898243e-01,-9.645357136899862516e-01,-9.744687011576057545e-01,-7.447785457042797042e-01,-9.397103764690564187e-01,-1.000000000000000000e+00,-9.053231508647578973e-01,-9.783963099574926048e-01,-8.551391374759833575e-01
8.661923355026444060e-01,-6.540166032756171699e-01,-6.524530352419517509e-01,-4.121474170212395816e-01,-9.490836157245190474e-01,-1.000000000000000000e+00,-8.561793517554761035e-01,-8.360783535401781208e-01,-4.817935997980214990e-01,-7.761003881916019864e-01,-4.849905131199706565e-01,-2.963450293893632459e-02,-1.764156644226771986e-01,-5.107597591225234712e-01,-3.110339789892118123e-01,-9.997303338908963832e-01,-1.221203089529308006e-01,-7.240657672156667335e-01,-7.508750937374932821e-01,-9.228166844388945300e-01,1.671076744543438242e-01,-7.419887079686535714e-01,-5.005681815100190279e-01,-7.214404176857218687e-01,-9.998363923182866930e-01,-2.223600111430654724e-01,-6.625069070188662756e-01,-5.973110687093243776e-01,-6.288224485837926592e-01,-8.888216187175211891e-01,-7.778503088354620232e-01,-6.850020327334165327e-01,-9.360836931375273728e-01,-9.960273449756048558e-01,-9.732664591866866388e-01,-4.194729752255750288e-01,-6.548871781886154153e-01,-4.377129715780646579e-01,-6.617147419843947276e-01,-9.915261890875944895e-01,-5.224042314103288787e-01,-9.073664215134157329e-01,-9.997461102200571048e-01,-8.634709635663655458e-01,-9.157585436414720226e-01,-7.353215937517663114e-01,-8.839837192693386081e-01,-9.745848305788571420e-01,-4.580132618937298172e-01,-8.440817987545334855e-01,-5.408966128137393525e-01,-9.999454512339508439e-01,-5.811540716451151223e-01,-7.764593695704355980e-01,-6.932184845162372433e-01,-1.758359907139397382e-01,7.957895047223106921e-02,-4.412865242417312039e-01,2.251228822485429326e-01,-1.900317121867940440e-01,-9.999401319156367984e-01,-7.485021563656125698e-01,4.679076818679537286e-01,9.817740848234375317e-01,-9.588290027887729217e-01,-9.706509445023595584e-01,-7.291857963948542576e-01,-9.319967182537733930e-01,-1.000000000000000000e+00,-8.878783025721688205e-01,-9.751127633513458903e-01,-8.403907490996738172e-01
8.323188963483016956e-01,-6.195258572583154377e-01,-6.247376922658989251e-01,-3.812418105032017168e-01,-9.416164485718998556e-01,-1.000000000000000000e+00,-8.317679943474323156e-01,-8.180569914530485542e-01,-4.422014023055674814e-01,-7.995921679617840061e-01,-4.526770672715911825e-01,-3.669331629884187151e-02,-1.926509120564343647e-01,-4.765777621083270299e-01,-3.432580949055645814e-01,-9.997952316896361324e-01,-9.671804639684911109e-02,-7.025729246930453309e-01,-7.734049348203122509e-01,-9.126553457426688221e-01,1.551353159699890849e-01,-7.187226988762804858e-01,-4.678874306136416861e-01,-7.495509565777775940e-01,-9.998700691552450115e-01,-2.504298373888951268e-01,-6.363997403654896301e-01,-6.254934048694948956e-01,-5.979526143952171857e-01,-8.765455921604108358e-01,-7.531953118166039296e-01,-6.555300415691521776e-01,-9.455488185021043712e-01,-9.966003557424156778e-01,-9.689322746689907895e-01,-4.043353522855113180e-01,-6.797524492608639779e-01,-4.030034709838609119e-01,-6.370842338009987671e-01,-9.900703609264699390e-01,-4.863156850995741243e-01,-9.177459243933661082e-01,-9.998005853747425897e-01,-8.501643286813901357e-01,-9.062958487053227596e-01,-7.594527854310145765e-01,-8.716770143452912123e-01,-9.710960848402626633e-01,-4.348654094493733524e-01,-8.254704973250035493e-01,-5.755603600478553794e-01,-9.999577107015760191e-01,-5.536703142645075237e-01,-7.546705952220507108e-01,-7.178809350738041273e-01,-1.625364655892269639e-01,7.182459807285068720e-02,-4.668848208871636540e-01,1.951501054872404328e-01,-2.482519914536367445e-01,-9.999559077149791086e-01,-7.688643396144612119e-01,5.169301987038015245e-01,9.668592069891202012e-01,-9.523382534037513336e-01,-9.663507128354018594e-01,-7.134324822352668960e-01,-9.235051212021108125e-01,-1.000000000000000000e+00,-8.678579177664724753e-01,-9.713948321900371941e-01,-8.244997342600315360e-01
7.952015847791662484e-01,-5.827084823593888796e-01,-5.959990660150722430e-01,-3.504245162052714857e-01,-9.332709978525081107e-01,-1.000000000000000000e+00,-8.041599044766268856e-01,-7.985784283563969188e-01,-4.009853728712252652e-01,-8.211141448974526025e-01,-4.197531119725963489e-01,-4.599216898196145653e-02,-2.107458020788425257e-01,-4.412878910609014937e-01,-3.769867798227609645e-01,-9.998452592371354086e-01,-7.286446444200112005e-02,-6.802428906042067291e-01,-7.943315068610015128e-01,-9.014358438692179343e-01,1.400849826978753931e-01,-6.941334958955719392e-01,-4.343555317113988457e-01,-7.759080473019589475e-01,-9.998971179986373414e-01,-2.791901765582333050e-01,-6.092536360060405443e-01,-6.522623493465284916e-01,-5.662195059268988473e-01,-8.632778835371035520e-01,-7.266386464579381865e-01,-6.243850716135932455e-01,-9.538354558819835960e-01,-9.970964974896715516e-01,-9.640078442493142941e-01,-3.899351466651803655e-01,-7.032937823726499449e-01,-3.675867774779998376e-01,-6.116206993359150079e-01,-9.883929826649417993e-01,-4.491856352538390329e-01,-9.273118737524822519e-01,-9.998438770578494950e-01,-8.359117011959354970e-01,-8.959932226552702605e-01,-7.818676949507539220e-01,-8.584110687600443601e-01,-9.672017670360204544e-01,-4.120855624926372807e-01,-8.052633320045690102e-01,-6.094941678605967361e-01,-9.999673202064124355e-01,-5.255908270956035633e-01,-7.313963545743252803e-01,-7.410357268126127606e-01,-1.511523487951655920e-01,6.128093197014572446e-02,-4.926749689962414136e-01,1.628103305642294441e-01,-3.056440424915699561e-01,-9.999676826710166555e-01,-7.881960285543561096e-01,5.633800761169496241e-01,9.476581808918813632e-01,-9.449791974831996955e-01,-9.615215011281529334e-01,-6.975986369196276460e-01,-9.141876027621804734e-01,-1.000000000000000000e+00,-8.450119418828506701e-01,-9.671956527947095372e-01,-8.074204271881847417e-01
7.550636838472266632e-01,-5.435444650132168487e-01,-5.663336116364676709e-01,-3.198661065887311583e-01,-9.239796420691482881e-01,-1.000000000000000000e+00,-7.731179164806321058e-01,-7.775931680126760837e-01,-3.582250063186874778e-01,-8.407654645056129583e-01,-3.863471669920287566e-01,-5.746511102919915626e-02,-2.305601180203569189e-01,-4.049822739081575529e-01,-4.118265779081556888e-01,-9.998836269758955009e-01,-5.071925168641278070e-02,-6.571337797964913463e-01,-8.137187708179893786e-01,-8.890898085097042047e-01,1.220804758575431137e-01,-6.682351254748948310e-01,-4.000759426925651896e-01,-8.004559674833541250e-01,-9.999187758626919553e-01,-3.084815143072355825e-01,-5.811320200694538585e-01,-6.776360863230024290e-01,-5.338131453201697685e-01,-8.489861244497963755e-01,-6.981460676971302792e-01,-5.916033063091982180e-01,-9.610492885623928006e-01,-9.975251605013911727e-01,-9.584327127497623833e-01,-3.763441915811388538e-01,-7.255371451024134055e-01,-3.315861165499579544e-01,-5.853957190988043902e-01,-9.864655606571894886e-01,-4.111735374706463331e-01,-9.360726686126580320e-01,-9.998781643538868780e-01,-8.206868254658252759e-01,-8.848048267168487913e-01,-8.026316680865618336e-01,-8.441547847592428822e-01,-9.628657790300564345e-01,-3.897955703995629184e-01,-7.834124654894698558e-01,-6.424430299304142444e-01,-9.999748272075540401e-01,-4.970252277869621205e-01,-7.066113192898706430e-01,-7.627253014034058864e-01,-1.417670728124927892e-01,4.803146966996596490e-02,-5.185126689665613409e-01,1.283372455383677835e-01,-3.617399739658062607e-01,-9.999764270512377928e-01,-8.064756182805751239e-01,6.069251985574704022e-01,9.242989136208854539e-01,-9.366623014360374588e-01,-9.561145174892567988e-01,-6.817695178531611999e-01,-9.039974246828931248e-01,-1.000000000000000000e+00,-8.190906856427966343e-01,-9.624649180660965753e-01,-7.891102986358787819e-01
7.121429221845005930e-01,-5.020314744025448084e-01,-5.358534668254103517e-01,-2.897433298794395151e-01,-9.136750507268148747e-01,-1.000000000000000000e+00,-7.384200966817053846e-01,-7.550588308039671848e-01,-3.140167789032799472e-01,-8.586491364696861028e-01,-3.525989489748391215e-01,-7.103138061171798689e-02,-2.519429492100281331e-01,-3.677663398926539484e-01,-4.473895243302382640e-01,-9.999129025399031701e-01,-3.043337817311519977e-02,-6.333143149257030036e-01,-8.316339907942604803e-01,-8.755503569289826427e-01,1.012684247703394824e-01,-6.410531699751833568e-01,-3.651637726806008510e-01,-8.231696479108181475e-01,-9.999360634267533410e-01,-3.381469615385372940e-01,-5.521105641797106056e-01,-7.016379611897952673e-01,-5.009463468482059367e-01,-8.336430971244626065e-01,-6.676983069332411702e-01,-5.572389022722121776e-01,-9.672939706982314201e-01,-9.978947292474794617e-01,-9.521435025215059245e-01,-3.636314503688736766e-01,-7.465124765382064043e-01,-2.951359660465497914e-01,-5.584916318074027997e-01,-9.842568237412431253e-01,-3.724584674139365115e-01,-9.440465699319773307e-01,-9.999052280270188664e-01,-8.044674957525639325e-01,-8.726858301075413049e-01,-8.218143350228588329e-01,-8.288815064633171525e-01,-9.580503568357516819e-01,-3.681186083535141762e-01,-7.598812889371077128e-01,-6.741864862841260297e-01,-9.999806720081025890e-01,-4.680937030269056720e-01,-6.802990371814908732e-01,-7.829962931514191649e-01,-1.344500132224036859e-01,3.218035819552111931e-02,-5.442604139795100826e-01,9.197467421870753057e-02,-4.161265749544729164e-01,-9.999828881112196033e-01,-8.236921264178043156e-01,6.472474561289678352e-01,8.969358434250329637e-01,-9.272930357337362262e-01,-9.500789027303403467e-01,-6.660349320252085814e-01,-8.928897849274728404e-01,-1.000000000000000000e+00,-7.898500930224992000e-01,-9.571488591584506045e-01,-7.695306267395081168e-01
6.666891252197004736e-01,-4.581865538777805114e-01,-5.046862477755362786e-01,-2.602375063807899069e-01,-9.022911572992557971e-01,-1.000000000000000000e+00,-6.998667538886653716e-01,-7.309413605404717629e-01,-2.684744368119857949e-01,-8.748705381142762860e-01,-3.186586238980908536e-01,-8.659635717323377335e-02,-2.747346037504319050e-01,-3.297586965834437001e-01,-4.833000873238625372e-01,-9.999351269647368534e-01,-1.214739573749856749e-02,-6.088638544886406656e-01,-8.481468838065138183e-01,-8.607530849505711235e-01,7.781629177653770491e-02,-6.126254812051925569e-01,-3.297454190783217776e-01,-8.440517749402857151e-01,-9.999498198305245555e-01,-3.680335997611654530e-01,-5.222772877162606964e-01,-7.242959608609189637e-01,-4.678529733937597523e-01,-8.172275785371445611e-01,-6.352928830715245390e-01,-5.213649126976742654e-01,-9.726696114616181221e-01,-9.982126692205955942e-01,-9.450743106796131165e-01,-3.518624420850441359e-01,-7.662532093037196512e-01,-2.583814528677498279e-01,-5.310014268885321354e-01,-9.817325944775767699e-01,-3.332382234617489170e-01,-9.512601861918740243e-01,-9.999265175963037988e-01,-7.872361327640795547e-01,-8.595929241909473495e-01,-8.394886169575231927e-01,-8.125697422105034873e-01,-9.527162099156898378e-01,-3.471780791256849907e-01,-7.346461788508631408e-01,-7.045397688359539279e-01,-9.999852073732886648e-01,-4.389263945429371372e-01,-6.524529183597339577e-01,-8.018988517907568170e-01,-1.292556425936078890e-01,1.385100387656490462e-02,-5.697885830307320987e-01,5.397371680507556668e-02,-4.684485228529495782e-01,-9.999876380340565474e-01,-8.398443997747940815e-01,6.840465808853113394e-01,8.657482261824405168e-01,-9.167722615791584762e-01,-9.433620104101716475e-01,-6.504884625957185751e-01,-8.808225655390105047e-01,-1.000000000000000000e+00,-7.570577586799687175e-01,-9.511902666313356569e-01,-7.486471930272835529e-01
6.189617908668401114e-01,-4.120477036005442129e-01,-4.729745988900277975e-01,-2.315327934135970045e-01,-8.897642448919800273e-01,-1.000000000000000000e+00,-6.572879681666441432e-01,-7.052162439546441064e-01,-2.217291008848408795e-01,-8.895360530852718384e-01,-2.846858902092709309e-01,-1.040526683369058514e-01,-2.987685910010479118e-01,-2.910908474750707464e-01,-5.192014173276919831e-01,-9.999519129138613183e-01,4.010167594723501594e-03,-5.838722815893118145e-01,-8.633288258404124837e-01,-8.446371445284215351e-01,5.191012098275438191e-02,-5.830027947040336000e-01,-2.939580547720139769e-01,-8.631295873660316254e-01,-9.999607324894583815e-01,-3.979937250413128069e-01,-4.917325103028947764e-01,-7.456421965921551376e-01,-4.347856436062164098e-01,-7.997251894186548915e-01,-6.009458338594364513e-01,-4.840740098594895624e-01,-9.772715768653075230e-01,-9.984856093163134716e-01,-9.371572099204332762e-01,-3.410986892214182831e-01,-7.847958013641869179e-01,-2.214775960014409018e-01,-5.030284969739944323e-01,-9.788556779494949067e-01,-2.937280779042273915e-01,-9.577469574768676663e-01,-9.999432083317827402e-01,-7.689803629871674318e-01,-8.454848753441213116e-01,-8.557297935330009375e-01,-7.952038940515371301e-01,-9.468226972921138795e-01,-3.270964744824996773e-01,-7.076982309933507187e-01,-7.333540287559445758e-01,-9.999887148576104279e-01,-4.096626219296842786e-01,-6.230771914968367131e-01,-8.194859917404713201e-01,-1.262228655951891376e-01,-6.815536017559464810e-03,-5.949763742927401955e-01,1.458988262613725162e-02,-5.184099940106909887e-01,-9.999911124378108029e-01,-8.549402539218619035e-01,7.170438365076110543e-01,8.309381635301460456e-01,-9.049967456728791326e-01,-9.359097513598705342e-01,-6.352266044745155105e-01,-8.677571305256237544e-01,-1.000000000000000000e+00,-7.204996336183804306e-01,-9.445285566560858159e-01,-7.264309976240429512e-01
5.692276223682872782e-01,-3.636753196767253948e-01,-4.408754880347028893e-01,-2.038143417944663360e-01,-8.760341378773438548e-01,-1.000000000000000000e+00,-6.105514856791249834e-01,-6.778697251256611267e-01,-1.739291747944683442e-01,-9.027518512709035159e-01,-2.508488980546493829e-01,-1.232814326167565033e-01,-3.238736392958819765e-01,-2.519067453403482926e-01,-5.547607703959810399e-01,-9.999645269804423586e-01,1.792429271260731483e-02,-5.584397462998216266e-01,-8.772521182859162048e-01,-8.271463996998091872e-01,2.375207305350435227e-02,-5.522492278878792238e-01,-2.579489650055686312e-01,-8.804514892870424214e-01,-9.999693625208169179e-01,-4.278859775792013265e-01,-4.605886457935779443e-01,-7.657123938473058278e-01,-4.020129074780058875e-01,-7.811292350464558165e-01,-5.646933274632550681e-01,-4.454789779692498453e-01,-9.811895900954130667e-01,-9.987194195155096876e-01,-9.283228588682630456e-01,-3.313971945964093724e-01,-8.021792810617198732e-01,-1.845883991445513850e-01,-4.746862459032771264e-01,-9.755857728855350519e-01,-2.541591782449291737e-01,-9.635456788647218662e-01,-9.999562494341077690e-01,-7.496935939320614750e-01,-8.303231136532535084e-01,-8.706146369095606463e-01,-7.767749845023312893e-01,-9.403280429664278017e-01,-3.079942113602405218e-01,-6.790449346979920975e-01,-7.605157206515500423e-01,-9.999914183280772528e-01,-3.804499459130237238e-01,-5.921878142988494798e-01,-8.358129723512444098e-01,-1.253745471685427937e-01,-2.966237062561138949e-02,-6.197125726354772990e-01,-2.591973967678951052e-02,-5.657747683536001881e-01,-9.999936410821305133e-01,-8.689955659288410850e-01,7.459854965951466799e-01,7.927284026635970093e-01,-8.918598132035928661e-01,-9.276670060727019163e-01,-6.203478194309587357e-01,-8.536591662503788536e-01,-1.000000000000000000e+00,-6.799873232901383346e-01,-9.370998879731402553e-01,-7.028589870392853989e-01
5.177580509271153542e-01,-3.131534550706753794e-01,-4.085592440649417068e-01,-1.772663698238177155e-01,-8.610454894881637289e-01,-1.000000000000000000e+00,-5.595707919473228431e-01,-6.488999956400771651e-01,-1.252400466269837365e-01,-9.146228127477464831e-01,-2.173230132779390145e-01,-1.441536179039371035e-01,-3.498757148757151159e-01,-2.123621790976497614e-01,-5.896740082081787238e-01,-9.999739580670421457e-01,2.949480918801361540e-02,-5.326762568732086311e-01,-8.899893176074150647e-01,-8.082306502752285571e-01,-6.442208314698105731e-03,-5.204426461490345712e-01,-2.218747360152316661e-01,-8.960835922640985052e-01,-9.999761663250282817e-01,-4.575763463130261277e-01,-4.289698314527979894e-01,-7.845453933332610097e-01,-3.698159243585767975e-01,-7.614415237418523663e-01,-5.265931132140839743e-01,-4.057129503219940592e-01,-9.845071051115402705e-01,-9.989192837244115220e-01,-9.185012263562568613e-01,-3.228099542443115810e-01,-8.184448084202347040e-01,-1.478857989174037213e-01,-4.460975501585928704e-01,-9.718794102776311394e-01,-2.147766080783520826e-01,-9.686990975592651987e-01,-9.999664045541762913e-01,-7.293755780199366878e-01,-8.140723538430505446e-01,-8.842206167505047842e-01,-7.572813699124207876e-01,-9.331895929004205836e-01,-2.899884589020488290e-01,-6.487117486801641242e-01,-7.859452387380753136e-01,-9.999934951123627958e-01,-3.514430788731033317e-01,-5.598133219027801033e-01,-8.509367129021019327e-01,-1.267172422127957887e-01,-5.451876914263731333e-02,-6.438961484654841527e-01,-6.729923127348447220e-02,-6.103649596061442306e-01,-9.999954721801376234e-01,-8.820333395878087179e-01,7.706460493727333994e-01,7.513599411037799047e-01,-8.772521479530424049e-01,-9.185781075869322576e-01,-6.059515233912250443e-01,-8.384995552435758892e-01,-1.000000000000000000e+00,-6.353658462538551710e-01,-9.288373353495892326e-01,-6.779147873377459055e-01
4.648267801723846571e-01,-2.605908684175957113e-01,-3.762083387028057890e-01,-1.520701833492957844e-01,-8.447491519435124108e-01,-1.000000000000000000e+00,-5.043131429831786416e-01,-6.183183401634393395e-01,-7.584357688567755496e-02,-9.252515956092616234e-01,-1.842894381173160179e-01,-1.665314940328126436e-01,-3.766000090001063727e-01,-1.726239947363399363e-01,-6.236691134878814546e-01,-9.999809737365902285e-01,3.863756703407639215e-02,-5.067011177162568103e-01,-9.016126299423510293e-01,-7.878469101845103628e-01,-3.844635024908638066e-02,-4.876748823871094318e-01,-1.859003001860215498e-01,-9.101062887230947362e-01,-9.999815138195641273e-01,-4.869390404113721482e-01,-3.970113887430465338e-01,-8.021826668878990763e-01,-3.384846936366933123e-01,-7.406731482361886831e-01,-4.867257704008706165e-01,-3.649293681620401353e-01,-9.873009240776282613e-01,-9.990897677117912545e-01,-9.076224321941344098e-01,-3.153835127506172675e-01,-8.336352553494138506e-01,-1.115484774505453025e-01,-4.173940742545311222e-01,-9.676899250587109869e-01,-1.758371251597791174e-01,-9.732526114077165724e-01,-9.999742857005718966e-01,-7.080329575718159463e-01,-7.967012441565857195e-01,-8.966251789274632955e-01,-7.367294292260878619e-01,-9.253641155147980246e-01,-2.731919731118803707e-01,-6.167435380125686484e-01,-8.095949150268080263e-01,-9.999950851463859092e-01,-3.228026526784648631e-01,-5.259955968557552541e-01,-8.649152453548329955e-01,-1.302411316422582566e-01,-8.120229532711464859e-02,-6.674366882595150763e-01,-1.092964712651044445e-01,-6.520585346881956346e-01,-9.999967915129174267e-01,-8.940827611910151518e-01,7.908310706667696088e-01,7.070894723920559954e-01,-8.610627468307121557e-01,-9.085873966038531258e-01,-5.921370204960919592e-01,-8.222552728455672089e-01,-1.000000000000000000e+00,-5.865216853164469946e-01,-9.196711252684494076e-01,-6.515894350078501596e-01
4.107073833837437959e-01,-2.061218285125310246e-01,-3.440159204469416254e-01,-1.284021725105072287e-01,-8.271036122344541663e-01,-1.000000000000000000e+00,-4.448073053004972799e-01,-5.861502163281910871e-01,-2.593736933337986716e-02,-9.347378449540664214e-01,-1.519337036677371744e-01,-1.902701565042019816e-01,-4.038728618772362555e-01,-1.328691537570295678e-01,-6.565086958883701307e-01,-9.999861662844545807e-01,4.528542047406602933e-02,-4.806422148799216476e-01,-9.121933712516931969e-01,-7.659607250299412806e-01,-7.202607566701457742e-02,-4.540517972556392667e-01,-1.501978451910576107e-01,-9.226109449403774310e-01,-9.999857037750772282e-01,-5.158572220182464640e-01,-3.648591150793573101e-01,-8.186678514600922441e-01,-3.083139038635435147e-01,-7.188452145904546953e-01,-4.451957149901010213e-01,-3.233016430069953762e-01,-9.896410267256963156e-01,-9.992348821548714399e-01,-8.956177048270247409e-01,-3.091585669861339758e-01,-8.477948069705605327e-01,-7.576055084118515914e-02,-3.887154433278312560e-01,-9.629674667615757411e-01,-1.376066024189834813e-01,-9.772530895727866707e-01,-9.999803814748255970e-01,-6.856797832164913675e-01,-7.781830382527078482e-01,-9.079050993947650472e-01,-7.151342165269662932e-01,-9.168081473154938710e-01,-2.577119562158413091e-01,-5.832058314460921711e-01,-8.314464989699339448e-01,-9.999962984460050164e-01,-2.946938570432723337e-01,-4.907905446117395432e-01,-8.778072071495035544e-01,-1.359201659436578558e-01,-1.095210454662604027e-01,-6.902546601971633056e-01,-1.516656071678228468e-01,-6.907858088738791924e-01,-9.999977373545961834e-01,-9.051782624019865109e-01,8.063797124692941853e-01,6.601867106568894972e-01,-8.431800342419044636e-01,-8.976398495741827466e-01,-5.790024001414522115e-01,-8.049102946823036842e-01,-1.000000000000000000e+00,-5.333909284740186996e-01,-9.095289394894509050e-01,-6.238820974797434360e-01
3.556709827863657747e-01,-1.499066447641584920e-01,-3.121841139174230673e-01,-1.064318171797306034e-01,-8.080764733196237337e-01,-1.000000000000000000e+00,-3.811507336840921356e-01,-5.524362474818134139e-01,2.426617526874097486e-02,-9.431775380950236931e-01,-1.204440521189582558e-01,-2.152190976763952435e-01,-4.315235943516025907e-01,-9.328363555992880141e-02,-6.879914979165263622e-01,-9.999899901175863803e-01,4.938900690591019327e-02,-4.546351528076205684e-01,-9.218014926754281024e-01,-7.425475111670771788e-01,-1.069420500305237054e-01,-4.196931696013612711e-01,-1.149455972387450897e-01,-9.336967868766187229e-01,-9.999889766571046223e-01,-5.442235971086922808e-01,-3.326684090256607496e-01,-8.340463039751911944e-01,-2.795984803453406276e-01,-6.959895031817477928e-01,-4.021319262611918743e-01,-2.810225092028032501e-01,-9.915905788295525936e-01,-9.993581408662890464e-01,-8.824204538718841695e-01,-3.041696235779437485e-01,-8.609685858896262145e-01,-4.071014756899871134e-02,-3.602082789580076660e-01,-9.576590553993576949e-01,-1.003572055520987050e-01,-9.807478294615170622e-01,-9.999850804701547746e-01,-6.623379980367070097e-01,-7.584962845949130283e-01,-9.181359134397093502e-01,-6.925200655884229395e-01,-9.074783848699775612e-01,-2.436489578126855848e-01,-5.481858588251180553e-01,-8.515082421214951180e-01,-9.999972211823104917e-01,-2.672849646225990972e-01,-4.542686591126254836e-01,-8.896713756360303815e-01,-1.437124135824757731e-01,-1.392759512783536824e-01,-7.122815210806423547e-01,-1.941693354383926540e-01,-7.265251172726001627e-01,-9.999984120475319260e-01,-9.153586050105616545e-01,8.171667611866584302e-01,6.109316332654310955e-01,-8.234931394572937435e-01,-8.856817793676385886e-01,-5.666434145495615748e-01,-7.864565017190726648e-01,-1.000000000000000000e+00,-4.759672657118827477e-01,-8.983362919542781100e-01,-5.948007750167410013e-01
2.999840381515845866e-01,-9.213189724591108742e-02,-2.809221037093601048e-01,-8.631973382918534110e-02,-7.876459572797546160e-01,-1.000000000000000000e+00,-3.135159016088301387e-01,-5.172331069226813183e-01,7.454101865982765140e-02,-9.506624592052035361e-01,-9.000972944238327944e-02,-2.412238014408012443e-01,-4.593862211457144795e-01,-5.406119318211244362e-02,-7.179529419484220742e-01,-9.999927918540050253e-01,5.091730781898151648e-02,-4.288222491233661948e-01,-9.305051698825209661e-01,-7.175938966136731212e-01,-1.429527015711522520e-01,-3.847324091218478070e-01,-8.032649111084555482e-02,-9.434680363976196693e-01,-9.999915253321237651e-01,-5.719408637484900693e-01,-3.006032346161823243e-01,-8.483646794380245160e-01,-2.526289236088629098e-01,-6.721490464331063563e-01,-3.576883585833339207e-01,-2.383030591477005578e-01,-9.932060873457380090e-01,-9.994626143246702066e-01,-8.679674528678990031e-01,-3.004447147296457343e-01,-8.732023008582250334e-01,-6.587893357451690690e-03,-3.320251070266336813e-01,-9.517086890791163212e-01,-6.436434820603564866e-02,-9.837836577844619734e-01,-9.999886905702654039e-01,-6.380378799243302534e-01,-7.376255272857381584e-01,-9.273914194007185641e-01,-6.689211347188781520e-01,-8.973321239307090469e-01,-2.310958345299760630e-01,-5.117933300335715252e-01,-8.698117105801708160e-01,-9.999979205994677933e-01,-2.407457618196824356e-01,-4.165154640088560845e-01,-9.005662450910046912e-01,-1.535606078719427003e-01,-1.702631089635610051e-01,-7.334596732187560475e-01,-2.365809645443025522e-01,-7.592978684534900102e-01,-9.999988909197708997e-01,-9.246660004640326891e-01,8.231042276075046793e-01,5.596116813050628913e-01,-8.018933376156978099e-01,-8.726616069296275757e-01,-5.551523553715050907e-01,-7.668945685750430119e-01,-1.000000000000000000e+00,-4.143095817134897496e-01,-8.860169842680374330e-01,-5.643629756241884676e-01
2.439062694496623163e-01,-3.301034411356262854e-02,-2.504440272840927628e-01,-6.821579653575715607e-02,-7.658024040694308976e-01,-1.000000000000000000e+00,-2.421554949655967404e-01,-4.806142728043896195e-01,1.246488500656213194e-01,-9.572797951394158567e-01,-6.081921150027569389e-02,-2.681273375788952862e-01,-4.873010227746953360e-01,-1.540197466610115917e-02,-7.462647867756536657e-01,-9.999948343830830089e-01,4.985798231726601415e-02,-4.033513972622204680e-01,-9.383704544512825318e-01,-6.910990423467358035e-01,-1.798169687279804752e-01,-3.493160861210168333e-01,-4.652674205676332608e-02,-9.520313397509987396e-01,-9.999935039547437343e-01,-5.989220193825595118e-01,-2.688349337058542066e-01,-8.616705341937244134e-01,-2.276865410879813645e-01,-6.473786084768675675e-01,-3.120440079057791305e-01,-1.953714597908966510e-01,-9.945376712178291001e-01,-9.995509786718653755e-01,-8.522001247437278604e-01,-2.980051761779409780e-01,-8.845419208956517565e-01,2.641467890253657025e-02,-3.043231491178520765e-01,-9.450575100773481729e-01,-2.990347240125501571e-02,-9.864061780145687575e-01,-9.999914547923161035e-01,-6.128184349193862568e-01,-7.155620118694798748e-01,-9.357432549646038655e-01,-6.443818805046275244e-01,-8.863277460485164960e-01,-2.201367841776004086e-01,-4.741609197486574834e-01,-8.864084428316072461e-01,-9.999984489780801011e-01,-2.152459067096720302e-01,-3.776318164132380639e-01,-9.105496466713243198e-01,-1.653928823156810557e-01,-2.022760961914090716e-01,-7.537422821068744394e-01,-2.786862382866964749e-01,-7.891631832725930495e-01,-9.999992291099305541e-01,-9.331452750778479466e-01,8.241424395361807154e-01,5.065189574309565401e-01,-7.782756521879792277e-01,-8.585307010464086064e-01,-5.446169483604296202e-01,-7.462348199537514049e-01,-1.000000000000000000e+00,-3.485488656146539244e-01,-8.724936446758615460e-01,-5.325963546957621642e-01
1.876887354541940667e-01,2.721951098350117171e-02,-2.209667064949363269e-01,-5.225736405700664999e-02,-7.425497369962690275e-01,-1.000000000000000000e+00,-1.674061865789664427e-01,-4.426706339234182108e-01,1.743406450621622916e-01,-9.631118430480117842e-01,-3.305838841450625676e-02,-2.957719326395651382e-01,-5.151159569443372055e-01,2.248897494065849045e-02,-7.728339846227971766e-01,-9.999963159605987917e-01,4.621746803567683415e-02,-3.783748096609967915e-01,-9.454609846738962764e-01,-6.630759211529935193e-01,-2.172969315794096579e-01,-3.136032763391114475e-01,-1.373433674724888753e-02,-9.594935151760284331e-01,-9.999950353137532222e-01,-6.250905309610815808e-01,-2.375408984005693558e-01,-8.740119558489785057e-01,-2.050386814202886931e-01,-6.217450528120376241e-01,-2.654026079316554876e-01,-1.524713555307890545e-01,-9.956294190894368068e-01,-9.996255603715344940e-01,-8.350659195461593853e-01,-2.968654901616177844e-01,-8.950333755966746185e-01,5.810677374999606570e-02,-2.772630114997035600e-01,-9.376440362633789993e-01,2.753292510376370572e-03,-9.886591616651450032e-01,-9.999935642330219920e-01,-5.867277347626391748e-01,-6.923043892963012258e-01,-9.432605433107794646e-01,-6.189574496166263540e-01,-8.744252525433892087e-01,-2.108464693132704459e-01,-4.354444262682070077e-01,-9.013665617997865809e-01,-9.999988468153957477e-01,-1.909532375085143396e-01,-3.377340617516921828e-01,-9.196784111107494386e-01,-1.791236810536639412e-01,-2.351082402020326922e-01,-7.730929675265044709e-01,-3.202849025344506328e-01,-8.162123121559298200e-01,-9.999994667567235762e-01,-9.408430898080137883e-01,8.202706177014267297e-01,4.519474596779766706e-01,-7.525406137018437747e-01,-8.432442820095702452e-01,-5.351192852522048682e-01,-7.244980394891746833e-01,-1.000000000000000000e+00,-2.788941488474312447e-01,-8.576883550734413220e-01,-4.995393113522459405e-01
1.315720870549652588e-01,8.829420338942606250e-02,-1.927072518605551510e-01,-3.856764337863094472e-02,-7.179068640602388474e-01,-1.000000000000000000e+00,-8.969072778622777520e-02,-4.035109281157622796e-01,2.233584029730162346e-01,-9.682358196133716843e-01,-6.908733394291544094e-03,-3.240004952587306475e-01,-5.426878941990518346e-01,5.940331348076743900e-02,-7.976008466959029208e-01,-9.999973852567511923e-01,4.002084850441023356e-02,-3.540476569527672979e-01,-9.518377526469611327e-01,-6.335525302076233656e-01,-2.551602879577206107e-01,-2.777647221006068756e-01,1.786253768071333070e-02,-9.659596327137235372e-01,-9.999962168788588679e-01,-6.503803737128379669e-01,-2.069031186027527891e-01,-8.854372209564097540e-01,-1.849340845076464790e-01,-5.953275852377963862e-01,-2.179919372970988700e-01,-1.098599693352622086e-01,-9.965198079930763786e-01,-9.996883767474767923e-01,-8.165197709591974773e-01,-2.970331952992651958e-01,-9.047222820235593099e-01,8.830001044548541067e-02,-2.510072880307516741e-01,-9.294044648486146087e-01,3.334053459368524486e-02,-9.905840767884463993e-01,-9.999951685995347450e-01,-5.598231924894719880e-01,-6.678594110223250446e-01,-9.500096056644533604e-01,-5.927139786578372593e-01,-8.615868452128813137e-01,-2.032892437227321603e-01,-3.958225777680656199e-01,-9.147674382291319795e-01,-9.999991453661012386e-01,-1.680320565641858499e-01,-2.969540302457027714e-01,-9.280080734751372518e-01,-1.946548279639478407e-01,-2.685548023463751877e-01,-7.914853820987469701e-01,-3.611920040844673885e-01,-8.405630084304380745e-01,-9.999996329197333722e-01,-9.478072214659742922e-01,8.115169257184124962e-01,3.961903881982971054e-01,-7.245961663267024289e-01,-8.267623836182524943e-01,-5.267348116298895544e-01,-7.017162150533358123e-01,-1.000000000000000000e+00,-2.056371823285665368e-01,-8.415233701487578877e-01,-4.652415338192557037e-01
7.578501066543186226e-02,1.499264497411381125e-01,-1.658805775095786306e-01,-2.725421786764947729e-02,-6.919089828970463874e-01,-1.000000000000000000e+00,-9.518124475233813442e-03,-3.632619969551154071e-01,2.714370439538067448e-01,-9.727237612633611308e-01,1.745451696853139723e-02,-3.526580753333525831e-01,-5.698836666980514609e-01,9.513108384277502161e-02,-8.205366368533991706e-01,-9.999981531330310869e-01,3.131149031461766263e-02,-3.305266210620702028e-01,-9.575589240853081829e-01,-6.025730130184338007e-01,-2.931826395875579694e-01,-2.419818143773527774e-01,4.807710599533043805e-02,-9.715314270357056081e-01,-9.999971257573442296e-01,-6.747359461601167840e-01,-1.771066224428724523e-01,-8.959944811859184011e-01,-1.675984607321923114e-01,-5.682178609007442205e-01,-1.700627262454652566e-01,-6.780592059599521715e-02,-9.972421602586430955e-01,-9.997411726367647633e-01,-7.965256151438633303e-01,-2.985088642429026828e-01,-9.136536982782422767e-01,1.168101101587355473e-01,-2.257190953387988586e-01,-9.202730554622149395e-01,6.160296692691047404e-02,-9.922197439402734576e-01,-9.999963847372539405e-01,-5.321717706213040522e-01,-6.422426081189245295e-01,-9.560537362500622915e-01,-5.657287930714502977e-01,-8.477775526678522633e-01,-1.975184935983165246e-01,-3.554964654487048348e-01,-9.267024887701101887e-01,-9.999993686635847423e-01,-1.466414158635548359e-01,-2.554388677908721039e-01,-9.355926188585262926e-01,-2.118767352744899135e-01,-3.024150472247134624e-01,-8.089026923482035558e-01,-4.012389158904666742e-01,-8.623540150963167061e-01,-9.999997485228855343e-01,-9.540859103218853887e-01,7.979479952880730309e-01,3.395375595955774095e-01,-6.943597106035018784e-01,-8.090508666105133972e-01,-5.195313887294452648e-01,-6.779332046408483858e-01,-1.000000000000000000e+00,-1.291555758888446315e-01,-8.239219322562499892e-01,-4.297644867296737115e-01
2.054287358430317845e-02,2.118066476646729424e-01,-1.406968676897498716e-01,-1.840776521535048005e-02,-6.646087563731105652e-01,-1.000000000000000000e+00,7.251829174500779018e-02,-3.220688428316762497e-01,3.183064437489808718e-01,-9.766425045200493038e-01,3.986414370880586588e-02,-3.815932383169038378e-01,-5.965809231574233928e-01,1.294624569692017779e-01,-8.416407190027859198e-01,-9.999987017964691027e-01,2.015045765953371593e-02,-3.079683822017692529e-01,-9.626797069743673330e-01,-5.701986663237308406e-01,-3.311495588401436319e-01,-2.064454037155901700e-01,7.672563712207880471e-02,-9.763060336790263527e-01,-9.999978227405593723e-01,-6.981118705132243196e-01,-1.483378297701635207e-01,-9.057314783516370316e-01,-1.532304093177024873e-01,-5.405199461533307659e-01,-1.218871590974174302e-01,-2.658678471440978353e-02,-9.978251192249837365e-01,-9.997854534032517559e-01,-7.750579525254415181e-01,-3.012861489174997187e-01,-9.218719035732041434e-01,1.434585697603245613e-01,-2.015605602545135211e-01,-9.101825995034013017e-01,8.729877558892518152e-02,-9.936021075488863374e-01,-9.999973035049516401e-01,-5.038501173513854070e-01,-6.154789472814736762e-01,-9.614530351956110943e-01,-5.380904973862543628e-01,-8.329659006999533544e-01,-1.935761032104530432e-01,-3.146885900145105497e-01,-9.372701771423448402e-01,-9.999995351210951844e-01,-1.269334304895806120e-01,-2.133506964311924214e-01,-9.424842675260953762e-01,-2.306697302849270992e-01,-3.364941680129591717e-01,-8.253369779706044573e-01,-4.402740882703953806e-01,-8.817397990644659789e-01,-9.999998285503879369e-01,-9.597272772136768992e-01,7.796679381838844680e-01,2.822729606433678207e-01,-6.617602672403761765e-01,-7.900824753009791923e-01,-5.135684458800731100e-01,-6.532053073499852758e-01,-1.000000000000000000e+00,-4.991414658730342069e-02,-8.048091850813707815e-01,-3.931818339089669934e-01
-3.395342043814442157e-02,2.736047259403666665e-01,-1.173590377525337569e-01,-1.210098678988658083e-02,-6.360773259404740587e-01,-1.000000000000000000e+00,1.557450319594797516e-01,-2.800944772438596075e-01,3.636935813660933103e-01,-9.800537356931284805e-01,6.016266096397893115e-02,-4.106593380719625319e-01,-6.226687870970397665e-01,1.621895129745869468e-01,-8.609373846329625435e-01,-9.999990918677252871e-01,6.615715861827409228e-03,-2.865280614588617825e-01,-9.672522649509984749e-01,-5.365088079927480269e-01,-3.688584123868449138e-01,-1.713544512310509749e-01,1.036290741540204507e-01,-9.803750305972191992e-01,-9.999983555940155089e-01,-7.204726888663042228e-01,-1.207828408705514667e-01,-9.146952883338280715e-01,-1.419977788205627478e-01,-5.123501280438178540e-01,-7.375697706761619177e-02,1.351357449742907058e-02,-9.982931276797987197e-01,-9.998225145622250398e-01,-7.521034304260874048e-01,-3.053518920938725900e-01,-9.294202043683621461e-01,1.680742989339303328e-01,-1.786912806980505142e-01,-8.990649825942809148e-01,1.102028455614543212e-01,-9.947641091209360464e-01,-9.999979952931948857e-01,-4.749446270510324641e-01,-5.876034567594199398e-01,-9.662642946212463002e-01,-5.098989505140537615e-01,-8.171246246121253165e-01,-1.914920526539670709e-01,-2.736415156255989078e-01,-9.465732712660261949e-01,-9.999996587947874715e-01,-1.090516463049880924e-01,-1.708661022067229363e-01,-9.487332976910544113e-01,-2.509054770397339817e-01,-3.706050434878647160e-01,-8.407885652611276628e-01,-4.781635307910480082e-01,-8.988856416828500118e-01,-9.999998836748295039e-01,-9.647788115898134897e-01,7.568168666243746401e-01,2.246724697739210796e-01,-6.267407435472045485e-01,-7.698379279465716873e-01,-5.088962385916052655e-01,-6.276017247193597104e-01,-1.000000000000000000e+00,3.153574145223503322e-02,-7.841131885697935067e-01,-3.555797909859422790e-01
-8.751836079473129804e-02,3.349723316888715274e-01,-9.606023350820203088e-02,-8.387765931576973699e-03,-6.064051307202673602e-01,-1.000000000000000000e+00,2.394149281757109726e-01,-2.375195521879975846e-01,4.073247726878939101e-01,-9.830140993909792790e-01,7.820394007860032026e-02,-4.397156741395709112e-01,-6.480483194750534803e-01,1.931080367863580172e-01,-8.784724830117205396e-01,-9.999993678024693411e-01,-9.198860751896797971e-03,-2.663576418683938352e-01,-9.713256711668132315e-01,-5.016014829523680607e-01,-4.061199240040342939e-01,-1.369145339427640939e-01,1.286146398934797652e-01,-9.838237604453943241e-01,-9.999987617217733771e-01,-7.417924666275769185e-01,-9.462568410196547930e-02,-9.229320936332403580e-01,-1.340345623103805783e-01,-4.838365665924424519e-01,-2.598119443971846909e-02,5.220786302132296441e-02,-9.986668961676108403e-01,-9.998534682676769592e-01,-7.276624219645648761e-01,-3.106863029983905067e-01,-9.363407659167858332e-01,1.904951978471773888e-01,-1.572667819687174617e-01,-8.868518467518081705e-01,1.301098036691923365e-01,-9.957356479383341341e-01,-9.999985144345656662e-01,-4.455514224121591704e-01,-5.586618154665811131e-01,-9.705409329428286158e-01,-4.812651213981925524e-01,-8.002314209876417728e-01,-1.912841528680816472e-01,-2.326161336679992697e-01,-9.547163939720845205e-01,-9.999997503759062711e-01,-9.312948737329207471e-02,-1.281754508033413620e-01,-9.543879038496111411e-01,-2.724484685697060593e-01,-4.045698065604180771e-01,-8.552653105721802484e-01,-5.147910342300969777e-01,-9.139631685990936560e-01,-9.999999214568620065e-01,-9.692869303885633947e-01,7.295689530898727959e-01,1.670017708897755249e-01,-5.892602808165582351e-01,-7.483070301894277909e-01,-5.055552252459725171e-01,-6.012048987433551428e-01,-1.000000000000000000e+00,1.145590152579236687e-01,-7.617660369770377082e-01,-3.170574030409237798e-01
-1.399825436936756873e-01,3.955453347876223269e-01,-7.698141274900305309e-02,-7.302568223576222373e-03,-5.757025019598746018e-01,-1.000000000000000000e+00,3.227159192685895572e-01,-1.945417698036491227e-01,4.489279614035666111e-01,-9.855753557628883499e-01,9.385471809079515282e-02,-4.686285219010674075e-01,-6.726327904886377773e-01,2.220193043966591784e-01,-8.943099686872426624e-01,-9.999995620226515003e-01,-2.718465789921709064e-02,-2.476043915694177144e-01,-9.749458983336506401e-01,-4.655939856400289623e-01,-4.427594648597678040e-01,-1.033362215034621112e-01,1.515173960874438563e-01,-9.867309044473094870e-01,-9.999990703155725580e-01,-7.620543153510104251e-01,-7.004654713597779914e-02,-9.304869840223890520e-01,-1.294384062874907038e-01,-4.551187874934305988e-01,2.111655046017824056e-02,8.920836413098154338e-02,-9.989638512951308780e-01,-9.998792669106169040e-01,-7.017505744942820201e-01,-3.172631936612027026e-01,-9.426744683644869838e-01,2.105696536481611592e-01,-1.374369906476821113e-01,-8.734753586098912281e-01,1.468368208716352985e-01,-9.965436147544241008e-01,-9.999989027130833374e-01,-4.157762565604029570e-01,-5.287108988582766012e-01,-9.743329723237219575e-01,-4.523108219983619227e-01,-7.822697359375652137e-01,-1.929579206358223997e-01,-1.918895471745716286e-01,-9.618038904102728104e-01,-9.999998179669771226e-01,-7.928880726866238682e-02,-8.548203408186882957e-02,-9.594940883894850225e-01,-2.951575646509230211e-01,-4.382212086794791128e-01,-8.687818492580605678e-01,-5.500581462386580078e-01,-9.271463767686912716e-01,-9.999999472238179088e-01,-9.732966063139716351e-01,6.981300692623368942e-01,1.095144798793350471e-01,-5.492966578374381958e-01,-7.254897998560041472e-01,-5.035755729751800747e-01,-5.741107142556731713e-01,-1.000000000000000000e+00,1.984420203462760046e-01,-7.377050812442377259e-01,-2.777267434253303247e-01
-1.911931722408163337e-01,4.549466237446200267e-01,-6.028905154787433940e-02,-8.860091980164241932e-03,-5.441000049914186398e-01,-1.000000000000000000e+00,4.047820649661546533e-01,-1.513750688351251927e-01,4.882350376414250626e-01,-9.877845769686857125e-01,1.069959684990688942e-01,-4.972720268494612572e-01,-6.963477686885017892e-01,2.487318360251178362e-01,-9.085284698142409576e-01,-9.999996980444471051e-01,-4.721964567717618078e-02,-2.304093127884857539e-01,-9.781558406694973451e-01,-4.286231794300415787e-01,-4.786180656389994459e-01,-7.083334380992589718e-02,1.721817353978452037e-01,-9.891682759088263888e-01,-9.999993040815449152e-01,-7.812498475941036524e-01,-4.722001693541200140e-02,-9.374037845147160652e-01,-1.282687962448412211e-01,-4.263470154508414156e-01,6.720097990486140205e-02,1.242300500557653731e-01,-9.991985568601634560e-01,-9.999007240707296074e-01,-6.744002990908137818e-01,-3.250502717687958620e-01,-9.484607863788580007e-01,2.281579355698479805e-01,-1.193447480785148063e-01,-8.588690896481316894e-01,1.602261209240456452e-01,-9.972119843805409278e-01,-9.999991921449286059e-01,-3.857343344856682954e-01,-4.978192755602927067e-01,-9.776870542048099466e-01,-4.231683163365493883e-01,-7.632295864504574645e-01,-1.965065937288940079e-01,-1.517525952495213382e-01,-9.679380220417092007e-01,-9.999998676865349267e-01,-6.763856650494082245e-02,-4.300105313288493658e-02,-9.640955840305214242e-01,-3.188875499257181056e-01,-4.714037691502565020e-01,-8.813588248642840739e-01,-5.838839179972472593e-01,-9.386081926591958169e-01,-9.999999647093054111e-01,-9.768510629197461048e-01,6.627350513223368988e-01,5.245049981076532752e-02,-5.068487228079855411e-01,-7.013975904389344596e-01,-5.029768006808814640e-01,-5.464285550055201224e-01,-1.000000000000000000e+00,2.823999806922232736e-01,-7.118742562240851779e-01,-2.377130308244550516e-01
-2.410143484796615221e-01,5.127891618066071633e-01,-4.613301568376193540e-02,-1.305517224813623756e-02,-5.117485040696472254e-01,-1.000000000000000000e+00,4.847066283768299844e-01,-1.082485899076257585e-01,5.249841543600144433e-01,-9.896843740635542508e-01,1.175241148499159838e-01,-5.255289569860577270e-01,-7.191310385308002928e-01,2.730630932397037913e-01,-9.212179673178906292e-01,-9.999997928315048634e-01,-6.916983417750988128e-02,-2.149056399962261388e-01,-9.809953635458686927e-01,-3.908455958522799589e-01,-5.135531506841587435e-01,-3.962117096829975704e-02,1.904627864962054051e-01,-9.912008002532541884e-01,-9.999994806221399468e-01,-7.993785766156256134e-01,-2.631335346363439243e-02,-9.437249096590523134e-01,-1.305459635881728309e-01,-3.976813509363913424e-01,1.119284598155099175e-01,1.569937499057245667e-01,-9.993831029930460019e-01,-9.999185330551341178e-01,-6.456621712850506567e-01,-3.340094849388459686e-01,-9.537376911361767906e-01,2.431334703881415926e-01,-1.031243846434245492e-01,-8.429690139157649531e-01,1.701471485074623757e-01,-9.977619538557642720e-01,-9.999994071724828126e-01,-3.555500541074543275e-01,-4.660676491787926201e-01,-9.806464879226602926e-01,-3.939798060707893068e-01,-7.431084110677157462e-01,-2.019112838441901037e-01,-1.125070451493523915e-01,-9.732174854752096982e-01,-9.999999041383520471e-01,-5.827365588222743753e-02,-9.584459165113967671e-04,-9.682338045478353639e-01,-3.434906876790043695e-01,-5.039747031009124134e-01,-8.930221123712276388e-01,-6.162044422190224857e-01,-9.485175741639721991e-01,-9.999999765160166865e-01,-9.799915329615187520e-01,6.236446451370489807e-01,-3.965383759220619808e-03,-4.619388232413310647e-01,-6.760541997626929867e-01,-5.037675643457328878e-01,-5.182812046118485672e-01,-1.000000000000000000e+00,3.655867604925129299e-01,-6.842255125630782864e-01,-1.971546625487088367e-01
-2.893271658944501779e-01,5.686792673179903446e-01,-3.464463428613073770e-02,-1.986293665268112907e-02,-4.788189294213612834e-01,-1.000000000000000000e+00,5.615569887831224349e-01,-6.540542499154589073e-02,5.589220119138762488e-01,-9.913131462545247130e-01,1.253520707524087285e-01,-5.532913101465293249e-01,-7.409323600222266215e-01,2.948410983460678647e-01,-9.324766598570785048e-01,-9.999998585542511087e-01,-9.289083458932179127e-02,-2.012174096416751157e-01,-9.835013767754605674e-01,-3.524372991570455804e-01,-5.474389998015023462e-01,-9.914528589857973806e-03,2.062277144538049445e-01,-9.928866486309566586e-01,-9.999996135378454998e-01,-8.164472736612803372e-01,-7.484821415678966083e-03,-9.494912429832718104e-01,-1.362505390398033311e-01,-3.692907956770263844e-01,1.549505371497295059e-01,1.872293243042042477e-01,-9.995274605103197096e-01,-9.999332832475714694e-01,-6.156062124096723931e-01,-3.440974105959518914e-01,-9.585415733803408500e-01,2.553839823385357644e-01,-8.890037482485024789e-02,-8.257146281687997025e-01,1.764983572055951466e-01,-9.982121140057008679e-01,-9.999995663882186303e-01,-3.253566681850126319e-01,-4.335492401811434915e-01,-9.832513275772296613e-01,-3.648967947552044233e-01,-7.219119457149449914e-01,-2.091412625438958672e-01,-7.446248750125372684e-02,-9.777362446092674464e-01,-9.999999307740535803e-01,-5.127388267558719015e-02,4.041043026856128151e-02,-9.719478211651302324e-01,-3.688182455400019766e-01,-5.358046264066770314e-01,-9.038020481481706669e-01,-6.469722052705881854e-01,-9.570371499619843014e-01,-9.999999844486241463e-01,-9.827570757241905763e-01,5.811421897682280679e-01,-5.952466048800797438e-02,-4.146152010715586922e-01,-6.494969496384750407e-01,-5.059455868855127214e-01,-4.898045856165841316e-01,-1.000000000000000000e+00,4.471068184431763459e-01,-6.547203522821507526e-01,-1.562031628860489629e-01
-3.360296135301142906e-01,6.222200784075493374e-01,-2.593500863016728886e-02,-2.923920657700207482e-02,-4.455017304076172024e-01,-1.000000000000000000e+00,6.343910721210992421e-01,-2.310115964573555836e-02,5.898060822416906213e-01,-9.927053453024151652e-01,1.304100933271956642e-01,-5.804607757742255014e-01,-7.617130861668485187e-01,3.139059560979031716e-01,-9.424080737618172332e-01,-9.999999038969791254e-01,-1.182294988328975727e-01,-1.894581224165438060e-01,-9.857079276627680464e-01,-3.135935048045226381e-01,-5.801669483878240108e-01,1.807412763858362581e-02,2.193569007625777445e-01,-9.942774934497566885e-01,-9.999997133021589768e-01,-8.324692952831047599e-01,9.117896993144691820e-03,-9.547420402572047715e-01,-1.453239573815745533e-01,-3.413521345688109720e-01,1.959176816570118440e-01,2.146787967007139919e-01,-9.996397993396149984e-01,-9.999454744795392980e-01,-5.843230206121892145e-01,-3.552656850137335676e-01,-9.629071861717756198e-01,2.648124842842050075e-01,-7.678609136971115134e-02,-8.070501986522272686e-01,1.792085859539591652e-01,-9.985786435192077759e-01,-9.999996838835698565e-01,-2.952958690630290706e-01,-4.003701031832099799e-01,-9.855384725220088793e-01,-3.360793345361483553e-01,-6.996551201220924110e-01,-2.181543731263724251e-01,-3.793297725863986614e-02,-9.815826566830789801e-01,-9.999999501722207640e-01,-4.670313335838072177e-02,8.086224934968222477e-02,-9.752743619846634404e-01,-3.947219708436321417e-01,-5.667780402342522672e-01,-9.137326779597829685e-01,-6.761552779361232890e-01,-9.643213743778411562e-01,-9.999999897518181413e-01,-9.851844484679114222e-01,5.355301011169670833e-01,-1.140360035725045407e-01,-3.649543180885324034e-01,-6.217777217442227444e-01,-5.094977318777871300e-01,-4.611473320108885332e-01,-1.000000000000000000e+00,5.260291658053888320e-01,-6.233314662712736709e-01,-1.150230460880048433e-01
-3.810363051819919411e-01,6.730151590638022707e-01,-2.009358408175754285e-02,-4.112113257922200837e-02,-4.120060037752056870e-01,-1.000000000000000000e+00,7.022749200979176987e-01,1.839778039843209534e-02,6.174067457912575385e-01,-9.938917486829091930e-01,1.326464407343990182e-01,-6.069490532369652414e-01,-7.814456554769572127e-01,3.301112599476641041e-01,-9.511184613352673400e-01,-9.999999350229850092e-01,-1.450256102418779891e-01,-1.797295170848070001e-01,-9.876463101615750029e-01,-2.745279436899935588e-01,-6.116453409644835304e-01,4.413665374946607045e-02,2.297449898034353843e-01,-9.954188563312745819e-01,-9.999997879538399248e-01,-8.474638926230964042e-01,2.335918690673843834e-02,-9.595148551201386766e-01,-1.576695981772816557e-01,-3.140486839070623093e-01,2.344831772611757348e-01,2.390993920453146071e-01,-9.997267711979975768e-01,-9.999555296221429579e-01,-5.519247207999828930e-01,-3.674614646166417531e-01,-9.668676058762378789e-01,2.713381098666074465e-01,-6.688267480984100288e-02,-7.869261379400616097e-01,1.782380015443569832e-01,-9.988755161138318517e-01,-9.999997703000164107e-01,-2.655172988814825663e-01,-3.666493753753272689e-01,-9.875417871097346145e-01,-3.076951604787272476e-01,-6.763629698463324846e-01,-2.288975592787668711e-01,-3.233469189778626074e-03,-9.848388669269930729e-01,-9.999999642523577092e-01,-4.460872305865382081e-02,1.201472863936994262e-01,-9.782478318367310299e-01,-4.210554952840034337e-01,-5.967936019015904758e-01,-9.228510329380257282e-01,-7.037363704480775750e-01,-9.705151633557154156e-01,-9.999999932795182733e-01,-9.873080267529384946e-01,4.871262193492991166e-01,-1.673259306180412409e-01,-3.130630750724877620e-01,-5.929639345124382288e-01,-5.144002176617927802e-01,-4.324701928192720146e-01,-1.000000000000000000e+00,6.014030623712525170e-01,-5.900444710016117256e-01,-7.379159415408820255e-02
-4.242780490260077420e-01,7.206722016328859226e-01,-1.718700764521430280e-02,-5.542804874527296199e-02,-3.785582914312521918e-01,-1.000000000000000000e+00,7.643009634074213743e-01,5.881596410220790716e-02,6.415093165375764794e-01,-9.948997359605940005e-01,1.320278281900375550e-01,-6.326780311726871719e-01,-8.001129778606702603e-01,3.433253675785032932e-01,-9.587145157669335616e-01,-9.999999562828618682e-01,-1.731135979180618012e-01,-1.721204725955781667e-01,-9.893451867333580285e-01,-2.354719672711198530e-01,-6.417992569868342656e-01,6.807115143135322732e-02,2.373017913013872882e-01,-9.963505217770856071e-01,-9.999998436425370230e-01,-8.614555138898385422e-01,3.511686430898830480e-02,-9.638454855216586070e-01,-1.731546276773253679e-01,-2.875689177647281491e-01,2.703071048204210847e-01,2.602664353601167324e-01,-9.997937577194158099e-01,-9.999638055841054696e-01,-5.185457035199633191e-01,-3.806279123145936971e-01,-9.704542098967328112e-01,2.748967794705114986e-01,-5.927803220356853142e-02,-7.653005142713360520e-01,1.735785941537155708e-01,-9.991147128425792445e-01,-9.999998336447794012e-01,-2.361779883482834075e-01,-3.325194521333930675e-01,-9.892922356248536886e-01,-2.799187189759410055e-01,-6.520715584518472774e-01,-2.413074995470370077e-01,2.932389820999792285e-02,-9.875804424545152616e-01,-9.999999744382730427e-01,-4.502093829571862660e-02,1.580110920208903647e-01,-9.809003499813389038e-01,-4.476756507596768575e-01,-6.257641923752819135e-01,-9.311964419327802833e-01,-7.297117778678297029e-01,-9.757529679418153190e-01,-9.999999956144582924e-01,-9.891597681859500835e-01,4.362600840109971401e-01,-2.192392230153302757e-01,-2.590808865609467437e-01,-5.631394454558947826e-01,-5.206189656158430878e-01,-4.039452665348983729e-01,-1.000000000000000000e+00,6.722751129029493899e-01,-5.548597407310655871e-01,-3.269854998905907806e-02
-4.657012745761432981e-01,7.648067797619131358e-01,-1.725828758447411904e-02,-7.206252696249559886e-02,-3.454010478805458195e-01,-1.000000000000000000e+00,8.196065227167579348e-01,9.787095496003628270e-02,6.619159331851958150e-01,-9.957535636509863286e-01,1.285396806621692534e-01,-6.575798345026221403e-01,-8.177077327569320930e-01,3.534325332515537710e-01,-9.653014169212589257e-01,-9.999999707311584274e-01,-2.023242481008867832e-01,-1.667060525567424234e-01,-9.908307197717883819e-01,-1.966733921557999309e-01,-6.705700308718200997e-01,8.968387055364868132e-02,2.419530311852835514e-01,-9.971069930018517935e-01,-9.999998850572396902e-01,-8.744731103981606690e-01,4.428340161671662223e-02,-9.677679393549879494e-01,-1.916124891259680663e-01,-2.621049859975851382e-01,3.030603558477467097e-01,2.779760656658658569e-01,-9.998450859636138777e-01,-9.999706028878018182e-01,-4.843431240229200130e-01,-3.947047014821607469e-01,-9.736966696265858534e-01,2.754416960050938279e-01,-5.404597632805652196e-02,-7.421406946617046252e-01,1.652542223872663918e-01,-9.993064330513596882e-01,-9.999998799212739264e-01,-2.074417274567554870e-01,-2.981260860616372632e-01,-9.908180286595558162e-01,-2.529300977333379663e-01,-6.268289038764939258e-01,-2.553113351487236171e-01,5.943361263656976590e-02,-9.898762137048392473e-01,-9.999999817823442827e-01,-4.795277584497081858e-02,1.941962557137675294e-01,-9.832618031736576336e-01,-4.744436808732069855e-01,-6.536167938822006196e-01,-9.388098871267112067e-01,-7.540902417594828044e-01,-9.801582355135691760e-01,-9.999999971522103293e-01,-9.907692140614976495e-01,3.832691994886019415e-01,-2.696391134892042185e-01,-2.031815720502140321e-01,-5.324053630899125977e-01,-5.281100739571272795e-01,-3.757550683490712418e-01,-1.000000000000000000e+00,7.377073639237319291e-01,-5.177943302983503138e-01,8.054273294492597657e-03
-5.052673349601138897e-01,8.050461058016606941e-01,-2.032626535993742323e-02,-9.091160896683625481e-02,-3.127907832828520363e-01,-1.000000000000000000e+00,8.673920351865569423e-01,1.352754575043149110e-01,6.784472977731312859e-01,-9.964746346321751158e-01,1.221861841245734936e-01,-6.815967476300972550e-01,-8.342315984778312377e-01,3.603338874742709752e-01,-9.709812098393043600e-01,-9.999999805009905929e-01,-2.324863871810196603e-01,-1.635467032716249047e-01,-9.921267097433170701e-01,-1.583950860585412457e-01,-6.979145905241948000e-01,1.087910578838413578e-01,2.436409462131692294e-01,-9.977179697586285867e-01,-9.999999157614669620e-01,-8.865494555572199786e-01,5.076700175416060112e-02,-9.713144176179372424e-01,-2.128459727660443335e-01,-2.378511386759202262e-01,3.324286159769409554e-01,2.920477245963535307e-01,-9.998842137360409721e-01,-9.999761739816114270e-01,-4.494971344952412018e-01,-4.096285301939476264e-01,-9.766229570962997597e-01,2.729436696451550404e-01,-5.124551375633068506e-02,-7.174251216939304676e-01,1.533202136903477619e-01,-9.994592988770746311e-01,-9.999999136144234191e-01,-1.794783716171290955e-01,-2.636284057721048901e-01,-9.921447775338698705e-01,-2.269138656257185804e-01,-6.006959024016663706e-01,-2.708274774821023412e-01,8.680063145327099328e-02,-9.917882909266295677e-01,-9.999999870596608664e-01,-5.339987694194092693e-02,2.284442420681054298e-01,-9.853599117086150327e-01,-5.012263353260266729e-01,-6.802921937437657052e-01,-9.457334082830761712e-01,-7.768917534101531519e-01,-9.838432056312095275e-01,-9.999999981598814980e-01,-9.921635234335378639e-01,3.284953508012620205e-01,-3.184072547701659595e-01,-1.455750235924347935e-01,-5.008807523976639420e-01,-5.368204062390052878e-01,-3.480914341587256766e-01,-1.000000000000000000e+00,7.967959498120096296e-01,-4.788839822237582755e-01,4.825346618992076841e-02
-5.429517031967595608e-01,8.410327476203478536e-01,-2.638540384234222547e-02,-1.118481915363149781e-01,-2.809958938839127729e-01,-1.000000000000000000e+00,9.069384957431911864e-01,1.707395907725859363e-01,6.909442463040649240e-01,-9.970817589073264209e-01,1.129901407309115147e-01,-7.046810239202474513e-01,-8.496944313746059851e-01,3.639482575454699997e-01,-9.758515071869050539e-01,-9.999999870740423624e-01,-2.634285127872533216e-01,-1.626876135264994083e-01,-9.932547374856168787e-01,-1.209133002700759629e-01,-7.238046402361115739e-01,1.252207311897475250e-01,2.423247206386278663e-01,-9.982088313750800967e-01,-9.999999384545295023e-01,-8.977204851136975083e-01,5.449251011879652218e-02,-9.745153134164153963e-01,-2.366307834674661326e-01,-2.150020727237241802e-01,3.581162575097989187e-01,3.023263837123519870e-01,-9.999138874443040947e-01,-9.999807304335375235e-01,-4.142108246256609450e-01,-4.253336384870460840e-01,-9.792593637995038458e-01,2.673912736963774961e-01,-5.092028738823239919e-02,-6.911452222565421799e-01,1.378625349124356081e-01,-9.995805494435252569e-01,-9.999999380627540013e-01,-1.524630865617133679e-01,-2.291988506011743976e-01,-9.932956537133792452e-01,-2.020578312817838951e-01,-5.737472429123748885e-01,-2.877664808747912861e-01,1.111441972939304357e-01,-9.933722236582018805e-01,-9.999999908390680980e-01,-6.134065256733589599e-02,2.604972840809034462e-01,-9.872203061843366489e-01,-5.278968373612114018e-01,-7.057445326187061774e-01,-9.520095595245934295e-01,-7.981463226729981209e-01,-9.869089864729090333e-01,-9.999999988168852827e-01,-9.933675343237379218e-01,2.722810257510839271e-01,-3.654434851622189173e-01,-8.650860917423663921e-02,-4.687032176101324499e-01,-5.466882818958809231e-01,-3.211542672272496013e-01,-1.000000000000000000e+00,8.486898004645211380e-01,-4.381852102130269211e-01,8.767457926448485317e-02
-5.787430814501317577e-01,8.724282615719898271e-01,-3.540588962193091938e-02,-1.347325384200538378e-01,-2.502941972258490022e-01,-1.000000000000000000e+00,9.376236118674510234e-01,2.039732680888151073e-01,6.992691395726879922e-01,-9.975914032026813594e-01,1.009926364582607317e-01,-7.267945928121100074e-01,-8.641134127127594322e-01,3.642128255581189578e-01,-9.800044982450697439e-01,-9.999999914740170803e-01,-2.949803516167291972e-01,-1.641582412614104314e-01,-9.942343083984392926e-01,-8.451575685362611168e-02,-7.482257147020191512e-01,1.388143598580615645e-01,2.379807659870478709e-01,-9.986011115016021344e-01,-9.999999551744210846e-01,-9.080246658157429263e-01,5.540215696691919156e-02,-9.773992251273763143e-01,-2.627195134734988669e-01,-1.937512171907462832e-01,3.798500822064945215e-01,3.086844798362169406e-01,-9.999362753491527478e-01,-9.999844491380938116e-01,-3.787098482758345375e-01,-4.417523217334564656e-01,-9.816305302123131682e-01,2.587908365556472745e-01,-5.309817616329215451e-02,-6.633074445638462713e-01,1.189965560480223949e-01,-9.996762220413373257e-01,-9.999999557425469643e-01,-1.265755350878182695e-01,-1.950230171823267300e-01,-9.942915505328404624e-01,-1.785517295740802757e-01,-5.460723032645905528e-01,-3.060319656758103690e-01,1.322015645585639110e-01,-9.946772726587105318e-01,-9.999999935365726511e-01,-7.173659235086293773e-02,2.901003179764609641e-01,-9.888666128649712395e-01,-5.543357173676581873e-01,-7.299407168503013743e-01,-9.576809211475041383e-01,-8.178927349156984716e-01,-9.894458589540973126e-01,-9.999999992430983475e-01,-9.944038470355713866e-01,2.149659943912543003e-01,-4.106654090997178264e-01,-2.626827093314543227e-02,-4.360293459158923746e-01,-5.576442547448163811e-01,-2.951501350879136565e-01,-1.000000000000000000e+00,8.926089022412484475e-01,-3.957774492429206870e-01,1.260827623352172022e-01
-6.126424421455752833e-01,8.989167008816776328e-01,-4.733404140340347066e-02,-1.594138915254549316e-01,-2.209701949420984635e-01,-1.000000000000000000e+00,9.589361982163542297e-01,2.346886619813266517e-01,7.033070659393094726e-01,-9.980179275065117483e-01,8.625253257100151671e-02,-7.479086768411671304e-01,-8.775121800763763247e-01,3.610836233406227169e-01,-9.835262404015128190e-01,-9.999999944044299927e-01,-3.269743252781975862e-01,-1.679720092577093871e-01,-9.950829965499986551e-01,-4.949950164404715025e-02,-7.711761310678396653e-01,1.494284353595152215e-01,2.306028475964791991e-01,-9.989129541390718847e-01,-9.999999674548093465e-01,-9.175023984905796848e-01,5.345612583945080765e-02,-9.799929820600709052e-01,-2.908459205081019849e-01,-1.742889739094038992e-01,3.973828584663501307e-01,3.110235334775073301e-01,-9.999530790721348206e-01,-9.999874776560403467e-01,-3.432417170049176791e-01,-4.588154336593166516e-01,-9.837594845639213714e-01,2.471662772500136107e-01,-5.779105195537315165e-02,-6.339354175042981598e-01,9.686543751311349482e-02,-9.997513185553424941e-01,-9.999999684839769865e-01,-1.019990082423395394e-01,-1.612994133337024572e-01,-9.951512448836316027e-01,-1.565858452952508806e-01,-5.177760195438876334e-01,-3.255215767255691395e-01,1.497315770592586581e-01,-9.957467660312504520e-01,-9.999999954553348003e-01,-8.453274677822220085e-02,3.170029447832067859e-01,-9.903205456767872894e-01,-5.804315086891030928e-01,-7.528597155611649328e-01,-9.627896676829090783e-01,-8.361773166238981592e-01,-9.915337584109260582e-01,-9.999999995181962920e-01,-9.952929248765464143e-01,1.568840907921498218e-01,-4.540078125794014818e-01,3.482072283096626641e-02,-4.030349955645139426e-01,-5.696119643207948613e-01,-2.702907258013221847e-01,-1.000000000000000000e+00,9.278616006885846978e-01,-3.517652601412842861e-01,1.632334871461482706e-01
-6.446620193902790064e-01,9.202079618022707130e-01,-6.209301112282294977e-02,-1.857321535302912663e-01,-1.933120910001828729e-01,-1.000000000000000000e+00,9.704883820691641017e-01,2.626027328991793475e-01,7.029668512529665403e-01,-9.983738072090265758e-01,6.884579460578299503e-02,-7.680033314483185602e-01,-8.899199587801456257e-01,3.545358664957194428e-01,-9.864962044055322066e-01,-9.999999963461819741e-01,-3.592469082864545582e-01,-1.741261691243853882e-01,-9.958165870018437227e-01,-1.616853676551388563e-02,-7.926658654749618726e-01,1.569359172502335920e-01,2.202020638775019634e-01,-9.991595432916895447e-01,-9.999999764460684171e-01,-9.261954603531439290e-01,4.863294661334194302e-02,-9.823216809944637085e-01,-3.207294075252897780e-01,-1.568009303328408155e-01,4.104966010362041118e-01,3.092754314103918212e-01,-9.999656261297926729e-01,-9.999899387947640550e-01,-3.080747445286574626e-01,-4.764528731287334118e-01,-9.856676894723843674e-01,2.325587941859514896e-01,-6.499469111684941236e-02,-6.030722236786647539e-01,7.163817756805279657e-02,-9.998099562240790883e-01,-9.999999776348693636e-01,-7.891950296000516119e-02,-1.282391140875460689e-01,-9.958915568617807690e-01,-1.363495832211835124e-01,-4.889797177861248123e-01,-3.461279625241244773e-01,1.635180397553577247e-01,-9.966185141151419069e-01,-9.999999968154996699e-01,-9.965836995238730456e-02,3.409614048195122038e-01,-9.916020030335486179e-01,-6.060813045045172487e-01,-7.744917635433234970e-01,-9.673771922471865459e-01,-8.530527280157758074e-01,-9.932428877362147190e-01,-9.999999996948568670e-01,-9.960532079765255231e-01,9.836023541709182361e-02,-4.954219346137440638e-01,9.639341276101620615e-02,-3.699154116767632283e-01,-5.825090443079936620e-01,-2.467911740096634388e-01,-1.000000000000000000e+00,9.538604481163521775e-01,-3.062805739114630166e-01,1.988733552735433285e-01
-6.748242683801466413e-01,9.360409333897841133e-01,-7.958375967398456652e-02,-2.135196144112015970e-01,-1.676085979056916031e-01,-1.000000000000000000e+00,9.720252507499320682e-01,2.874398005270504264e-01,6.981818743484493606e-01,-9.986698399900283407e-01,4.886467442622954849e-02,-7.870669207305773796e-01,-9.013707072107735030e-01,3.445641320676946506e-01,-9.889870417551823722e-01,-9.999999976262525792e-01,-3.916398653889995307e-01,-1.826018302435974405e-01,-9.964492149225893103e-01,1.516875119688876339e-02,-8.127153795349599807e-01,1.612275428147007528e-01,2.068066861941808554e-01,-9.993535010335492519e-01,-9.999999830082555441e-01,-9.341464902112334157e-01,4.092971450945270817e-02,-9.844087320314613976e-01,-3.520795996777130732e-01,-1.414660611614719787e-01,4.190055461959807381e-01,3.034033604986472454e-01,-9.999749461034670439e-01,-9.999919345260090964e-01,-2.734966298496053216e-01,-4.945940494995055836e-01,-9.873750951264143039e-01,2.150264184691632607e-01,-7.468883587672092705e-02,-5.707827743564655165e-01,4.350736154059009486e-02,-9.998555024845856565e-01,-9.999999841842862613e-01,-5.752474748688352069e-02,-9.606531390830486128e-02,-9.965275056965764433e-01,-1.180299935429387492e-01,-4.598218963273827953e-01,-3.677397610337814760e-01,1.733728312476636724e-01,-9.973252608950579079e-01,-9.999999977763657233e-01,-1.170277081985418022e-01,3.617405523417409619e-01,-9.927291678546056319e-01,-6.311911772947979005e-01,-7.948374908887650969e-01,-9.714837861892304804e-01,-8.685767986502549443e-01,-9.946344207053983144e-01,-9.999999998077253593e-01,-9.967012363106584338e-01,3.970772929276189522e-02,-5.348746165857192203e-01,1.580452111966927919e-01,-3.368851529322218763e-01,-5.962480721264300509e-01,-2.248682683874401178e-01,-1.000000000000000000e+00,9.701361311696872214e-01,-2.594849579486192548e-01,2.327409940675100319e-01
-7.031608094373300588e-01,9.461864204563386060e-01,-9.968628509023214068e-02,-2.426026953324769142e-01,-1.441455675788864133e-01,-1.000000000000000000e+00,9.634316455323812534e-01,3.089341368504250340e-01,6.889106894113450341e-01,-9.989153370206889093e-01,2.641676221353028708e-02,-8.050955422677282813e-01,-9.119022883090118770e-01,3.311823863616849550e-01,-9.910645413022108885e-01,-9.999999984657829133e-01,-4.240013585282782493e-01,-1.933641480123905465e-01,-9.969935003128660433e-01,4.420234901207154010e-02,-8.313544206604401854e-01,1.622129908256804143e-01,1.904618688126957782e-01,-9.995052508647183087e-01,-9.999999877822789429e-01,-9.413985191277960407e-01,3.036213883447436146e-02,-9.862759122589657146e-01,-3.846009164794181867e-01,-1.284549350032065940e-01,4.227587808065891295e-01,2.934023857585024153e-01,-9.999818328480652996e-01,-9.999935493273186538e-01,-2.398126707647467715e-01,-5.131683221346258206e-01,-9.889001977697292611e-01,1.946434444262525876e-01,-8.683739886156249810e-02,-5.371562709557806681e-01,1.268665826314907541e-02,-9.998906941805066895e-01,-9.999999888554329530e-01,-3.800317520465334997e-02,-6.501276825282020777e-02,-9.970724605836793764e-01,-1.018102613484218599e-01,-4.304589453564036106e-01,-3.902425789618677587e-01,1.791387083136082303e-01,-9.978951529901909367e-01,-9.999999984527950803e-01,-1.365409183428990536e-01,3.791158187576015859e-01,-9.937186093086820549e-01,-6.556764648257631389e-01,-8.139069997430334880e-01,-9.751483721535034732e-01,-8.828114195347538384e-01,-9.957612595688662971e-01,-9.999999998794671940e-01,-9.972517784752173986e-01,-1.877415619232269961e-02,-5.723473516141155404e-01,2.193324324391825453e-01,-3.041778121921726585e-01,-6.107375439212223700e-01,-2.047385531015666338e-01,-1.000000000000000000e+00,9.763490620347952120e-01,-2.115718827222081710e-01,2.645680446091815963e-01
-7.297113720534744719e-01,9.504498130091025843e-01,-1.222610777607967547e-01,-2.728036848466783848e-01,-1.232024873387614905e-01,-1.000000000000000000e+00,9.447358902491289623e-01,3.268325605911521770e-01,6.751374589293419604e-01,-9.991182984002879852e-01,1.623926039182377323e-03,-8.220924138630870681e-01,-9.215556775995240590e-01,3.144238709988220748e-01,-9.927877422552848774e-01,-9.999999990135373107e-01,-4.561869168523038365e-01,-2.063626637448661150e-01,-9.974606773981217200e-01,7.062354017303440479e-02,-8.486208182685858192e-01,1.598218921246172819e-01,1.712292394718191169e-01,-9.996233449621342304e-01,-9.999999912441777106e-01,-9.479945480632405719e-01,1.696442731915448476e-02,-9.879434258184671691e-01,-4.179970423679362224e-01,-1.179279418444867389e-01,4.216424894594867911e-01,2.792996712385078517e-01,-9.999868949118994044e-01,-9.999948530239702871e-01,-2.073436037405798071e-01,-5.321054104933576889e-01,-9.902601023272308289e-01,1.714997507540856336e-01,-1.013888024436426782e-01,-5.023087335035817391e-01,-2.059188840643089158e-02,-9.999177418057368927e-01,-9.999999921752321663e-01,-2.054284677991291552e-02,-3.532711666980437037e-02,-9.975382853283686346e-01,-8.786816851519341220e-02,-4.010657884702176768e-01,-4.135199525287447386e-01,1.806917590760122039e-01,-9.983522105893871679e-01,-9.999999989273168355e-01,-1.580850985492431304e-01,3.928751539125976411e-01,-9.945853849851318262e-01,-6.794619287117603657e-01,-8.317189075987214686e-01,-9.784082879385679332e-01,-8.958215027315294954e-01,-9.966688165113042341e-01,-9.999999999248325722e-01,-9.977179632097644690e-01,-7.680227737887512784e-02,-6.078352557960209346e-01,2.797733293555260126e-01,-2.720455140706228292e-01,-6.258828597468930610e-01,-1.866163368064365224e-01,-1.000000000000000000e+00,9.722982801111359485e-01,-1.627689634390724338e-01,2.940802468501295674e-01
-7.545227528604673273e-01,9.486734791021433910e-01,-1.471507748007185867e-01,-3.039424443334821646e-01,-1.050488846740423865e-01,-1.000000000000000000e+00,9.161103336901448291e-01,3.408970131161590533e-01,6.568722028540678881e-01,-9.992855730415211024e-01,-2.537884307635684955e-02,-8.380672344964731346e-01,-9.303742163350432470e-01,2.943408563830314240e-01,-9.942091719846745113e-01,-9.999999993690578126e-01,-4.880602661967692324e-01,-2.215317870111846998e-01,-9.978607179608350863e-01,9.412797141415274460e-02,-8.645592956581475974e-01,1.540046817286078173e-01,1.491863817851646346e-01,-9.997147553165873779e-01,-9.999999937463773803e-01,-9.539771730663710869e-01,7.890135938219966505e-04,-9.894299690467137642e-01,-4.519752065725878287e-01,-1.100335566053165515e-01,4.155817900423541822e-01,2.611543474417892252e-01,-9.999905960982603537e-01,-9.999959031993801428e-01,-1.764230707565004330e-01,-5.513357721036884485e-01,-9.914705881002451315e-01,1.457000260409835324e-01,-1.182764434520808816e-01,-4.663855718409376516e-01,-5.608072393208041184e-02,-9.999384197349504566e-01,-9.999999945262232348e-01,-5.330319962440488446e-03,-7.264078680382923814e-03,-9.979354759620849835e-01,-7.637453610509703505e-02,-3.718364291083944284e-01,-4.374542790835640460e-01,1.779434672197750533e-01,-9.987167878624666484e-01,-9.999999992590177245e-01,-1.815354141524984088e-01,4.028209359172443271e-01,-9.953431423599550243e-01,-7.024817934422977750e-01,-8.482993752407167465e-01,-9.812991179403978137e-01,-9.076740169908825706e-01,-9.973957940361881658e-01,-9.999999999533695227e-01,-9.981114110977766796e-01,-1.341113949754413337e-01,-6.413459825230979350e-01,3.388496736530930420e-01,-2.407581725445057108e-01,-6.415873045971163258e-01,-1.707116235642796020e-01,-1.000000000000000000e+00,9.579273865472277549e-01,-1.133401466601955399e-01,3.209986282208896480e-01
-7.776477998620163756e-01,9.407388613682368117e-01,-1.741819840377308859e-01,-3.358380619457552729e-01,-8.994068725585824264e-02,-1.000000000000000000e+00,8.778686794446639574e-01,3.509070963187002068e-01,6.341508709390750731e-01,-9.994230034534071772e-01,-5.444466294513772286e-02,-8.530355310390126400e-01,-9.384029164955938196e-01,2.710042723661854058e-01,-9.953751791268647953e-01,-9.999999995985945356e-01,-5.194940172955317959e-01,-2.387914100013420748e-01,-9.982024480782595299e-01,1.144188380188395637e-01,-8.792203149291757391e-01,1.447332888794576888e-01,1.244262208937381153e-01,-9.997851298149017518e-01,-9.999999955489324854e-01,-9.593882577243206811e-01,-1.809386340780205771e-02,-9.907527994637763680e-01,-4.862501929395924849e-01,-1.049066535796472355e-01,4.045421341515118563e-01,2.390570336158792664e-01,-9.999932878594505192e-01,-9.999967472339034158e-01,-1.473947186793570507e-01,-5.707909466080725025e-01,-9.925461765495334765e-01,1.173629122661050683e-01,-1.374192730167936860e-01,-4.295641700984128564e-01,-9.351975428776992949e-02,-9.999541435731030825e-01,-9.999999961851291364e-01,7.450534084275650670e-03,1.891148719682278490e-02,-9.982732907275650991e-01,-6.749165519730282448e-02,-3.429843827052966310e-01,-4.619277104299466252e-01,1.708423558230196537e-01,-9.990060133099363249e-01,-9.999999994900510281e-01,-2.067563009552626507e-01,4.087718407036311508e-01,-9.960042185839113049e-01,-7.246796752330545432e-01,-8.636811358787446213e-01,-9.838545685238727634e-01,-9.184371055629404479e-01,-9.979749445262534602e-01,-9.999999999712263499e-01,-9.984423643003135229e-01,-1.904556266450265767e-01,-6.728986000231054199e-01,3.960089150562200455e-01,-2.106024919683249230e-01,-6.577530120481437370e-01,-1.572279809557433072e-01,-1.000000000000000000e+00,9.333273191824098536e-01,-6.358780685173293090e-02,3.450408029557565648e-01
-7.991444335841549895e-01,9.265682604433529423e-01,-2.031672471933169133e-01,-3.683104369363587871e-01,-7.811658696917589406e-02,-1.000000000000000000e+00,8.304601716167443470e-01,3.566625531902358759e-01,6.070352459785561816e-01,-9.995355560539426198e-01,-8.541605182262013152e-02,-8.670180013607975411e-01,-9.456878226187224179e-01,2.445032260370363364e-01,-9.963263352097910808e-01,-9.999999997460037315e-01,-5.503702145674800317e-01,-2.580476427076042745e-01,-9.984936579055202488e-01,1.312101615699143853e-01,-8.926589697562238301e-01,1.320016628196520880e-01,9.705632357291804624e-02,-9.998390151092801936e-01,-9.999999968431058095e-01,-9.642686518284779851e-01,-3.959671850508772462e-02,-9.919278074805031320e-01,-5.205480116772692734e-01,-1.026668861838201385e-01,3.885302547866551492e-01,2.131290272226140647e-01,-9.999952349840263155e-01,-9.999974240246538582e-01,-1.206089420765662501e-01,-5.904038649508576153e-01,-9.935002002781784247e-01,8.662007932819415501e-02,-1.587224809385534563e-01,-3.920564492046157978e-01,-1.326393760690035561e-01,-9.999660358552168171e-01,-9.999999973514065443e-01,1.761976924934249844e-02,4.292667162710084305e-02,-9.985598720340933543e-01,-6.137171412242825586e-02,-3.147429733116975381e-01,-4.868230003075105783e-01,1.593751856885254892e-01,-9.992342031487634335e-01,-9.999999996503822208e-01,-2.336027289024693587e-01,4.105646628993400160e-01,-9.965797377728282669e-01,-7.460084111920545213e-01,-8.779025402246050103e-01,-9.861063833565479886e-01,-9.281792901066425738e-01,-9.984337940126976063e-01,-9.999999999823409036e-01,-9.987198125758232070e-01,-2.456095791258986472e-01,-7.025224509165771680e-01,4.506669517549772852e-01,-1.818806954178985302e-01,-6.742818986032497186e-01,-1.463603615885492593e-01,-1.000000000000000000e+00,8.987358670449985265e-01,-1.385471246806357914e-02,3.659223900832964116e-01
-8.190747140873164689e-01,9.061262909701919277e-01,-2.339071116552080554e-01,-4.011817789979117421e-01,-6.979445862622490893e-02,-1.000000000000000000e+00,7.744607964254728305e-01,3.579856717658345122e-01,5.756126858603018981e-01,-9.996274377809126754e-01,-1.181262638645802499e-01,-8.800398634134916076e-01,-9.522754337714477435e-01,2.149444162571119143e-01,-9.970978811421195021e-01,-9.999999998401610801e-01,-5.805807496232122666e-01,-2.791936572959315965e-01,-9.987412042967359627e-01,1.442301316967011804e-01,-9.049339382227270523e-01,1.158261330855872018e-01,6.719812340319042399e-02,-9.998800486510532881e-01,-9.999999977691010900e-01,-9.686579545700165772e-01,-6.361550776400548557e-02,-9.929695898029601286e-01,-5.546091773747785503e-01,-1.034171461994590757e-01,3.675946495402171443e-01,1.835211762479465047e-01,-9.999966358237549757e-01,-9.999979654323659650e-01,-9.641928613548123028e-02,-6.101091236138398433e-01,-9.943448724202746947e-01,5.361524273796680617e-02,-1.820782739610330436e-01,-3.541113659578472017e-01,-1.731635196611195360e-01,-9.999749813616435334e-01,-9.999999981683008743e-01,2.500265898623021954e-02,6.450176065487989163e-02,-9.988023601648290395e-01,-5.815523032173286477e-02,-2.873654713737761046e-01,-5.120243000848192505e-01,1.435676894098263379e-01,-9.994132431330333688e-01,-9.999999997612357694e-01,-2.619215098577107881e-01,4.080560796191305961e-01,-9.970797051241679920e-01,-7.664298000732443494e-01,-8.910066303599442072e-01,-9.880842945554186851e-01,-9.369687625644015361e-01,-9.987953194595975415e-01,-9.999999999892216218e-01,-9.989516142079259975e-01,-2.993691689752934204e-01,-7.302560109632114660e-01,5.022115406824811945e-01,-1.549089652352829694e-01,-6.910765582846132293e-01,-1.382928952769632014e-01,-1.000000000000000000e+00,8.545339183300986186e-01,3.547418451397366113e-02,3.833585583765053428e-01
-8.375039610705221627e-01,8.794209978352784951e-01,-2.661922806787992979e-01,-4.342780100564138657e-01,-6.516788548436047712e-02,-1.000000000000000000e+00,7.105617449238441630e-01,3.547235927834690994e-01,5.399957120075167261e-01,-9.997021998643145224e-01,-1.524006537564677188e-01,-8.921302187304941400e-01,-9.582121874402697026e-01,1.824514538754584692e-01,-9.977201982333548935e-01,-9.999999998999761219e-01,-6.100276455959499078e-01,-3.021106299428846231e-01,-9.989511061892512034e-01,1.532244811142891017e-01,-9.161065053515154988e-01,9.624560375136526069e-02,3.498608069772335405e-02,-9.999111225927612701e-01,-9.999999984293518329e-01,-9.725943200469572281e-01,-9.003043435982882592e-02,-9.938915236171789180e-01,-5.881915506293315943e-01,-1.072421166362865774e-01,3.418255929650839686e-01,1.504124527294903313e-01,-9.999976381117799962e-01,-9.999983974954045340e-01,-7.517853256062456691e-02,-6.298432245831513399e-01,-9.950913557342617732e-01,1.850313539967252119e-02,-2.073667376153307540e-01,-3.160173005744304486e-01,-2.148126624261702533e-01,-9.999816732974670108e-01,-9.999999987383133560e-01,2.943104768798820992e-02,8.335165081974738044e-02,-9.990069986734466667e-01,-5.796949559427444498e-02,-2.611250474127350119e-01,-5.374178982992398046e-01,1.234848286778653659e-01,-9.995529361599116980e-01,-9.999999998375915800e-01,-2.915526342974565921e-01,4.011243483567270562e-01,-9.975130973179514582e-01,-7.859142663358749115e-01,-9.030402532606075505e-01,-9.898160054272850950e-01,-9.448727650333184069e-01,-9.990785725807516116e-01,-9.999999999934580108e-01,-9.991446107980022084e-01,-3.515521457531025629e-01,-7.561457623677705353e-01,5.500063712091229906e-01,-1.300155820949884244e-01,-7.080411085570446073e-01,-1.331966703951488196e-01,-1.000000000000000000e+00,8.012385303838713835e-01,8.397018753314489103e-02,3.970657064463511965e-01
-8.544999326288814645e-01,8.465046217702454356e-01,-2.998058128125677957e-01,-4.674300587212111280e-01,-6.440284471822910195e-02,-1.000000000000000000e+00,6.395554581309241815e-01,3.467505007223370406e-01,5.003214509879765348e-01,-9.997628296833106498e-01,-1.880580573448360493e-01,-9.033214375956837294e-01,-9.635440057355904031e-01,1.471640955443158649e-01,-9.982192867666136449e-01,-9.999999999377642279e-01,-6.386232200036510154e-01,-3.266687685953387765e-01,-9.991286327887962671e-01,1.579598607990551073e-01,-9.262396624889179808e-01,7.332158136355615419e-02,5.667857151789856829e-04,-9.999345224189459813e-01,-9.999999988984455968e-01,-9.761143024433233117e-01,-1.187068630046244078e-01,-9.947058407427041837e-01,-6.210727137294469458e-01,-1.142069324680945464e-01,3.113546769354456067e-01,1.140082480134132492e-01,-9.999983512494629023e-01,-9.999987414457309765e-01,-5.723449798203139594e-02,-6.495447824257276626e-01,-9.957498307905200408e-01,-1.855155701194433071e-02,-2.344567718536516576e-01,-2.781042777539652899e-01,-2.573067722980898475e-01,-9.999866515310438242e-01,-9.999999991345216444e-01,3.074475891669314898e-02,9.918744374468113634e-02,-9.991792315384915302e-01,-6.092704433704099198e-02,-2.363145146324219237e-01,-5.628929011782012326e-01,9.923056845717859176e-02,-9.996613146164207153e-01,-9.999999998899827824e-01,-3.223306230343111478e-01,3.896709292932363233e-01,-9.978879487833985928e-01,-8.044404593611709231e-01,-9.140532228555566796e-01,-9.913272006123381441e-01,-9.519570560586728680e-01,-9.992992463351809684e-01,-9.999999999960520469e-01,-9.993047351782455845e-01,-4.019983353613444388e-01,-7.802450950848696110e-01,5.933958195123130164e-01,-1.075387509771499328e-01,-7.250819802267300940e-01,-1.312275243311030737e-01,-1.000000000000000000e+00,7.394930014212162117e-01,1.311595806138237119e-01,4.067632855081004806e-01
-8.701320666335609078e-01,8.074740044924333393e-01,-3.345253427054778461e-01,-5.004750402228764772e-01,-6.763460656670261528e-02,-1.000000000000000000e+00,5.623196404148813610e-01,3.339696768846207586e-01,4.567509349113114681e-01,-9.998118316599767796e-01,-2.249121767043972264e-01,-9.136485719241121961e-01,-9.683159030972909864e-01,1.092373978152803016e-01,-9.986172383965388200e-01,-9.999999999615024615e-01,-6.662901350841159420e-01,-3.527284155002288202e-01,-9.992783846874788711e-01,1.582271794956939814e-01,-9.353972883718151277e-01,4.713803632928059706e-02,-3.590198764376695273e-02,-9.999520431883323068e-01,-9.999999992305111940e-01,-9.792527379257753850e-01,-1.494963336328822834e-01,-9.954237010465862845e-01,-6.530518636691018397e-01,-1.243559638025146796e-01,2.763538826116040958e-01,7.453841187632503917e-02,-9.999988557867172112e-01,-9.999990145569352951e-01,-4.292558151824799051e-02,-6.691547004498261675e-01,-9.963295627304572522e-01,-5.737528911455846981e-02,-2.632070914158719521e-01,-2.407459593400076425e-01,-3.003681460256127922e-01,-9.999903340073608149e-01,-9.999999994088336619e-01,2.879305922216390812e-02,1.117182298435319687e-01,-9.993237922523245942e-01,-6.712415553416239966e-02,-2.132458321197088225e-01,-5.883418526498427337e-01,7.094716759865882239e-02,-9.997449176982636798e-01,-9.999999999257892513e-01,-3.540858814925778031e-01,3.736220210372425132e-01,-9.982114335245909631e-01,-8.219947995281814412e-01,-9.240975375553256432e-01,-9.926415795538724440e-01,-9.582854604133413945e-01,-9.994701828051292258e-01,-9.999999999976313392e-01,-9.994371119625673483e-01,-4.505696243040926419e-01,-8.026132475673329880e-01,6.317103929922107675e-01,-8.782410523097516908e-02,-7.421086454850649439e-01,-1.325238645923126901e-01,-1.000000000000000000e+00,6.700542084858420733e-01,1.765227031477087927e-01,4.121757710743849668e-01
-8.844707872176640340e-01,7.624706242772449905e-01,-3.701252971081069321e-01,-5.332573170960510645e-01,-7.496490093983465552e-02,-1.000000000000000000e+00,4.797996781473299333e-01,3.163153919012686721e-01,4.094682648323650920e-01,-9.998512981465323968e-01,-2.627729596877066420e-01,-9.231488007069134083e-01,-9.725716536577636573e-01,6.884079681728483280e-02,-9.989326916875075346e-01,-9.999999999763290459e-01,-6.929613454165801656e-01,-3.801412138782725991e-01,-9.994043681232183118e-01,1.538448689334908082e-01,-9.436434145709797772e-01,1.780109732927326327e-02,-7.425227186310723315e-02,-9.999650861909694655e-01,-9.999999994646954216e-01,-9.820426600877278922e-01,-1.822376656867893407e-01,-9.960552645092823898e-01,-6.839512179492917010e-01,-1.377117364997849647e-01,2.370341921217991032e-01,3.225505885860746602e-02,-9.999992106887825027e-01,-9.999992308502836380e-01,-3.257610565500279609e-02,-6.886163184080245081e-01,-9.968389661578441752e-01,-9.778677092821774774e-02,-2.934672827035856857e-01,-2.043613398170561757e-01,-3.437241104041207640e-01,-9.999930423564827864e-01,-9.999999995979826917e-01,2.343617458601077175e-02,1.206530692576728292e-01,-9.994447851089520718e-01,-7.663940069476737893e-02,-1.922493394283376622e-01,-6.136612935624470300e-01,3.881399120453066232e-02,-9.998090349054673531e-01,-9.999999999501620884e-01,-3.866460455052616041e-01,3.529299971174764128e-01,-9.984899422988386952e-01,-8.385709824549654190e-01,-9.332266583325479203e-01,-9.937809093994806053e-01,-9.639194983100433101e-01,-9.996018231788522668e-01,-9.999999999985874632e-01,-9.995461504775680073e-01,-4.971497078438966710e-01,-8.233142964008550724e-01,6.642728644877067268e-01,-7.122188354600822446e-02,-7.590342797175152478e-01,-1.372045439226847741e-01,-1.000000000000000000e+00,5.937775518302326194e-01,2.194934428244077473e-01,4.130347878726485789e-01
-8.975868774951538676e-01,7.116802533874559966e-01,-4.063790817139567579e-01,-5.656294380317508086e-01,-8.645940475537150505e-02,-1.000000000000000000e+00,3.929899371775662509e-01,2.937546135536310832e-01,3.586796398622535964e-01,-9.998829712470440612e-01,-3.014479655418559334e-01,-9.318609117266093422e-01,-9.763535155696698720e-01,2.615711740759540938e-02,-9.991812628691655318e-01,-9.999999999855353483e-01,-7.185799531691063891e-01,-4.087513287047895849e-01,-9.995100626499563434e-01,1.446620332102228623e-01,-9.510415760912618310e-01,-1.456142198551457767e-02,-1.143069351569999670e-01,-9.999747386720669873e-01,-9.999999996292129323e-01,-9.845152456471372160e-01,-2.167581450517931385e-01,-9.966097614293180085e-01,-7.136169398640855865e-01,-1.542740058014708815e-01,1.936437523524330295e-01,-1.256983393675070726e-02,-9.999994588700402698e-01,-9.999994016810647146e-01,-2.649150244252240771e-02,-7.078755345634915042e-01,-9.972856678018848786e-01,-1.395981001510538944e-01,-3.250789097917735626e-01,-1.694160694276588552e-01,-3.871095590376001372e-01,-9.999950226136161691e-01,-9.999999997278652408e-01,1.454685439017233684e-02,1.257031758930462484e-01,-9.995457590232496026e-01,-8.953225163451450364e-02,-1.736726930935202917e-01,-6.387522608539825120e-01,3.045855641865546914e-03,-9.998579176246551459e-01,-9.999999999666832062e-01,-4.198373090034455135e-01,3.275747285362862193e-01,-9.987291550302106469e-01,-8.541694521101735882e-01,-9.414948507122737897e-01,-9.947650936759044882e-01,-9.689180891166290222e-01,-9.997026020875261487e-01,-9.999999999991627808e-01,-9.996356300049441534e-01,-5.416436264458437400e-01,-8.424162023098613616e-01,6.904050845781468659e-01,-5.808377920547225237e-02,-7.757763540340549824e-01,-1.453668147388982312e-01,-1.000000000000000000e+00,5.115999101498354129e-01,2.594592196620408853e-01,4.090813896096108238e-01
-9.095509184302105199e-01,6.553322293050496405e-01,-4.430612164042326828e-01,-5.974529541966235868e-01,-1.021456020790785235e-01,-1.000000000000000000e+00,3.029144338110749679e-01,2.662885042215474840e-01,3.046122531989965410e-01,-9.999082964831557119e-01,-3.407437095623548906e-01,-9.398248221717527828e-01,-9.797020089345622740e-01,-1.861848564988410892e-02,-9.993759463221612016e-01,-9.999999999912173587e-01,-7.430989815191726411e-01,-4.383967121403827827e-01,-9.995984825342373314e-01,1.305614378875656900e-01,-9.576542462396786526e-01,-4.980066508779601442e-02,-1.558807470120239236e-01,-9.999818390740805585e-01,-9.999999997443275168e-01,-9.866997870623187561e-01,-2.528747863737045298e-01,-9.970955603436045811e-01,-7.419196000409402636e-01,-1.740189990895916194e-01,1.464656073808632275e-01,-5.964701260696547713e-02,-9.999996313809722537e-01,-9.999995362243128127e-01,-2.495340504981780061e-02,-7.268809051761313533e-01,-9.976765666648430564e-01,-1.826159080853801964e-01,-3.578766630115757241e-01,-1.364233239147680798e-01,-4.302693013392266952e-01,-9.999964618612741107e-01,-9.999999998166678727e-01,2.011975261133835957e-03,1.265843074399721768e-01,-9.996297742650375184e-01,-1.058417638791233628e-01,-1.578794761553091730e-01,-6.635207282281688768e-01,-3.610907744671709718e-02,-9.998949611813157112e-01,-9.999999999778340642e-01,-4.534857252586519394e-01,2.975647754646861820e-01,-9.989341084180609620e-01,-8.687968527367873062e-01,-9.489565924609718595e-01,-9.956122533568290134e-01,-9.733373239965003032e-01,-9.997792896385716555e-01,-9.999999999995069500e-01,-9.997087774221337098e-01,-5.839771155850599360e-01,-8.599899181502588252e-01,7.094354468745025510e-01,-4.875946653361307170e-02,-7.922571566749690986e-01,-1.570843902111718204e-01,-1.000000000000000000e+00,4.245210621054407163e-01,2.957615374517226225e-01,4.000684917997126000e-01
-9.204327927223637795e-01,5.936983324102564907e-01,-4.799493983751742521e-01,-6.285991138767355046e-01,-1.220110671490794996e-01,-1.000000000000000000e+00,2.106073795279783667e-01,2.339536807377895489e-01,2.475130549682342807e-01,-9.999284691701089134e-01,-3.804669809263071523e-01,-9.470811397902993978e-01,-9.826557434668995450e-01,-6.527965308656258347e-02,-9.995274813952433890e-01,-9.999999999947025708e-01,-7.664810767220194831e-01,-4.689104046589817054e-01,-9.996722322271006655e-01,1.114622915780869583e-01,-9.635423534559216519e-01,-8.774754477454749235e-02,-1.987814778966132678e-01,-9.999870300201142426e-01,-9.999999998245409083e-01,-9.886236887598309764e-01,-2.903956640558295055e-01,-9.975202333242876307e-01,-7.687541997511805336e-01,-1.968988443739133620e-01,9.581502018814247457e-02,-1.086726901618213503e-01,-9.999997505557916000e-01,-9.999996418761744055e-01,-2.821471275872933226e-02,-7.455837245738351493e-01,-9.980178914345723129e-01,-2.266425168429117010e-01,-3.916895442183150333e-01,-1.059441351287853106e-01,-4.729602045096062968e-01,-9.999975015002039447e-01,-9.999999998771132992e-01,-1.426582576832480243e-02,1.230193604954186171e-01,-9.996994625271249379e-01,-1.255853534523895254e-01,-1.452474532126267759e-01,-6.878779904944360979e-01,-7.837183641498202125e-02,-9.999228600254084220e-01,-9.999999999853267374e-01,-4.874184744609503239e-01,2.629384288477272236e-01,-9.991092587667320668e-01,-8.824654686477388932e-01,-9.556660473699529756e-01,-9.963388172472588122e-01,-9.772303014600776105e-01,-9.998372852086345741e-01,-9.999999999997115641e-01,-9.997683374522635669e-01,-6.240957940320313035e-01,-8.761085627610381010e-01,7.207069659305087583e-01,-4.359281598996644913e-02,-8.084042424877178057e-01,-1.724056412991400444e-01,-1.000000000000000000e+00,3.335840659530413532e-01,3.276971809134185953e-01,3.857634517556811637e-01
-9.303012516838990997e-01,5.270912638275153661e-01,-5.168264744786112974e-01,-6.589494375498754497e-01,-1.460022174394851602e-01,-1.000000000000000000e+00,1.170940899670094293e-01,1.968232081160390390e-01,1.876473807472491817e-01,-9.999444743175976980e-01,-4.204261287591953833e-01,-9.536707653330763756e-01,-9.852512916836497769e-01,-1.136100126130031862e-01,-9.996446838936190460e-01,-9.999999999968267606e-01,-7.886981489909555831e-01,-5.001218632958788213e-01,-9.997335562822450283e-01,8.732277037241531481e-02,-9.687648766366252495e-01,-1.282137268324716750e-01,-2.428110319381311388e-01,-9.999908010208643505e-01,-9.999999998801937240e-01,-9.903124837587121698e-01,-3.291213056137561876e-01,-9.978906183903820670e-01,-7.940397888321407693e-01,-2.228412013907836720e-01,4.203640844362976914e-02,-1.593314219185676395e-01,-9.999998323636809516e-01,-9.999997245847588312e-01,-3.649470529478371361e-02,-7.639380889592718438e-01,-9.983152550037261985e-01,-2.714771063171045329e-01,-4.263420833568686286e-01,-7.858709334971736293e-02,-5.149531130507477572e-01,-9.999982477573404749e-01,-9.999999999180662069e-01,-3.436650253646933439e-02,1.147411653766463591e-01,-9.997570807687972128e-01,-1.487576867890544330e-01,-1.361664460144507149e-01,-7.117409941187747835e-01,-1.234355771121521395e-01,-9.999437388367856672e-01,-9.999999999903380621e-01,-5.214650913302356638e-01,2.237645804441048547e-01,-9.992585401184596039e-01,-8.951926599946050667e-01,-9.616766043230359218e-01,-9.969596189279807952e-01,-9.806470195686229907e-01,-9.998808674710816247e-01,-9.999999999998324673e-01,-9.998166358304584334e-01,-6.619642152204776586e-01,-8.908466629572980855e-01,7.235859103600825737e-01,-4.291781688592188893e-02,-8.241508105514275817e-01,-1.913519608837066510e-01,-1.000000000000000000e+00,2.398551100193553332e-01,3.545201371288582148e-01,3.659507850564394094e-01
-9.392235423606603018e-01,4.558627187992161378e-01,-5.534823058524378503e-01,-6.883961764380841508e-01,-1.740235799278617712e-01,-1.000000000000000000e+00,2.337272452585792415e-02,1.550072977089327342e-01,1.252974440550373991e-01,-9.999571208127557842e-01,-4.604323121142372965e-01,-9.596345362611237162e-01,-9.875231032074888171e-01,-1.633844365330399118e-01,-9.997347419808265689e-01,-9.999999999981129539e-01,-8.097309618531317588e-01,-5.318583086429775619e-01,-9.997843841036336832e-01,5.814223356670300547e-02,-9.733785145674250794e-01,-1.709927862645810315e-01,-2.877666118770741965e-01,-9.999935226463179117e-01,-9.999999999186318655e-01,-9.917898676151584159e-01,-3.688461411958363634e-01,-9.982128788428803468e-01,-8.177187169312746251e-01,-2.517491121734733994e-01,-1.450007656669971556e-02,-2.112990855682811420e-01,-9.999998881540008711e-01,-9.999997891221948931e-01,-4.997428968379735714e-02,-7.819009469721844852e-01,-9.985737059926140802e-01,-3.169168899377342585e-01,-4.616555812052850483e-01,-5.500733054514095333e-02,-5.560345339360972527e-01,-9.999987799481696582e-01,-9.999999999456786748e-01,-5.835095261914946541e-02,1.014954699545986827e-01,-9.998045592871879217e-01,-1.753297053609612632e-01,-1.310358082290532522e-01,-7.350326167227783092e-01,-1.709688902236056185e-01,-9.999592623374520262e-01,-9.999999999936736161e-01,-5.554586471420808191e-01,1.801433978134323599e-01,-9.993854178174994551e-01,-9.070003016148746600e-01,-9.670404798235913146e-01,-9.974879978287114479e-01,-9.836343184557228003e-01,-9.999134052954834484e-01,-9.999999999999032996e-01,-9.998556357644303727e-01,-6.975648053494621914e-01,-9.042794645328431358e-01,7.174709151641516236e-01,-4.705423513010242864e-02,-8.394360107489027278e-01,-2.139163276655279278e-01,-1.000000000000000000e+00,1.444033518693128570e-01,3.754443180367805777e-01,3.404350024429498855e-01
-9.472650915811031691e-01,3.804010533241970471e-01,-5.897155095394939206e-01,-7.168426582698607108e-01,-2.059376085490667307e-01,-1.000000000000000000e+00,-6.960271449193367044e-02,1.086536800351234344e-01,6.076069103009662520e-02,-9.999670705822719663e-01,-5.003007098717862089e-01,-9.650129110278363731e-01,-9.895034556944721782e-01,-2.143703656744665453e-01,-9.998034773266567532e-01,-9.999999999988863353e-01,-8.295686790021926660e-01,-5.639460822279572794e-01,-9.998263699096094914e-01,2.396307803567854222e-02,-9.774374243913658278e-01,-2.158615365184577417e-01,-3.334419157546956169e-01,-9.999954736711612613e-01,-9.999999999450545074e-01,-9.930777467903656452e-01,-4.093600029166372112e-01,-9.984925593953047906e-01,-8.397555612080613852e-01,-2.835010875035141042e-01,-7.340229434525369356e-02,-2.642459380241670708e-01,-9.999999259434793064e-01,-9.999998393078022296e-01,-6.879146925370205334e-02,-7.994321397924912809e-01,-9.987977772215939076e-01,-3.627582983888092416e-01,-4.974493731871569846e-01,-3.590469430259002337e-02,-5.960080788448853806e-01,-9.999991569287495219e-01,-9.999999999642018578e-01,-8.625939241049829231e-02,8.304409591847927707e-02,-9.998435444703804853e-01,-2.052478081882591621e-01,-1.302614828993133855e-01,-7.576818982795042734e-01,-2.206194407358423870e-01,-9.999707265063598749e-01,-9.999999999958825159e-01,-5.892368809972634569e-01,1.322067791633971812e-01,-9.994929376703710622e-01,-9.179142310657623094e-01,-9.718083813301511276e-01,-9.979359023201198609e-01,-9.862358668999324784e-01,-9.999375341258918137e-01,-9.999999999999447109e-01,-9.998869881162101292e-01,-7.308967105816903675e-01,-9.164823119138231222e-01,7.018024775008382399e-01,-5.630304261994611981e-02,-8.542051806635195810e-01,-2.400621035710136519e-01,-1.000000000000000000e+00,4.828125346223277603e-02,3.896471566318604474e-01,3.090435452615116763e-01
-9.544892432029123963e-01,3.011285450438998534e-01,-6.253350632936467424e-01,-7.442035244286533402e-01,-2.415650843422041394e-01,-1.000000000000000000e+00,-1.609377433354405307e-01,5.794762297696176567e-02,-5.651983937234095201e-03,-9.999748633692771005e-01,-5.398516866089970723e-01,-9.698456926988431315e-01,-9.912224379269007901e-01,-2.663291995110014243e-01,-9.998555731435401217e-01,-9.999999999993479660e-01,-8.482083769337180890e-01,-5.962120057215077873e-01,-9.998609282975591261e-01,-1.512782150582403506e-02,-9.809930235695882850e-01,-2.625815310365745558e-01,-3.796283645528746309e-01,-9.999968624854572719e-01,-9.999999999631264958e-01,-9.941962987515349237e-01,-4.504496671768289939e-01,-9.987346390277757058e-01,-8.601357766653081605e-01,-3.179514446634977842e-01,-1.342601447669728998e-01,-3.178397201362433977e-01,-9.999999513595808631e-01,-9.999998781907233347e-01,-9.303712959530729965e-02,-8.164944332452397369e-01,-9.989915311216376326e-01,-4.087981702661465100e-01,-5.335421088815658353e-01,-2.202102521935156432e-02,-6.346956578890450285e-01,-9.999994220997437955e-01,-9.999999999765611935e-01,-1.181097784686585550e-01,5.916824441910195631e-02,-9.998754366796385185e-01,-2.384332165857653285e-01,-1.342526322416437434e-01,-7.796242266142637822e-01,-2.720178964993178461e-01,-9.999791337359948962e-01,-9.999999999973373521e-01,-6.226432753869007852e-01,8.011856195144484438e-02,-9.995837708956725187e-01,-9.279637109834588671e-01,-9.760292281044697926e-01,-9.983139930258539962e-01,-9.884921868697422731e-01,-9.999553022705151006e-01,-9.999999999999685807e-01,-9.999120757620727495e-01,-7.619745741765758806e-01,-9.275300950711962145e-01,6.760727196544371598e-01,-7.094166469992524426e-02,-8.684100146280617771e-01,-2.697220988518462814e-01,-1.000000000000000000e+00,-4.749410598251235793e-02,3.962741427196396771e-01,2.716297914237035815e-01
-9.609570445501216529e-01,2.184982535635200396e-01,-6.601617611725734136e-01,-7.704048629277074900e-01,-2.806861219628371540e-01,-1.000000000000000000e+00,-2.498107978762017511e-01,3.111567465086340079e-03,-7.361816165361811937e-02,-9.999809376998486377e-01,-5.789119102754082258e-01,-9.741717902359307013e-01,-9.927079607305485665e-01,-3.190177515722248947e-01,-9.998947713191879139e-01,-9.999999999996215250e-01,-8.656545308657541682e-01,-6.284847330335040505e-01,-9.998892657845126486e-01,-5.899813796675956734e-02,-9.840938495079234460e-01,-3.109007348187586839e-01,-4.261163593819643491e-01,-9.999978438634353761e-01,-9.999999999754212165e-01,-9.951640413426029452e-01,-4.919004323566444903e-01,-9.989435805416736480e-01,-8.788641170118205448e-01,-3.549309102872477695e-01,-1.966498399122335039e-01,-3.717487792042402095e-01,-9.999999683275115903e-01,-9.999999081990212924e-01,-1.227512398574112096e-01,-8.330535439717947632e-01,-9.991586021084614133e-01,-4.548349480858322469e-01,-5.697530413331425292e-01,-1.413645645476790946e-02,-6.719384220386851458e-01,-9.999996072611896381e-01,-9.999999999847611898e-01,-1.538963024115036493e-01,2.967192117295236464e-02,-9.999014236954291146e-01,-2.747815461292079098e-01,-1.434178368874046150e-01,-8.008014795584622592e-01,-3.247820976385034086e-01,-9.999852542709783965e-01,-9.999999999982902565e-01,-6.555280711304234398e-01,2.407445886643544419e-02,-9.996602550779999374e-01,-9.371809099907441043e-01,-9.797499257988324661e-01,-9.986317448503605476e-01,-9.904407102448642419e-01,-9.999682912606593366e-01,-9.999999999999823475e-01,-9.999320526022104083e-01,-7.908272627349487438e-01,-9.374967614576640296e-01,6.398352823683208790e-01,-9.121910225548757190e-02,-8.820086670972349108e-01,-3.027979387210858464e-01,-1.000000000000000000e+00,-1.419582972103266005e-01,3.944443544145113112e-01,2.280760975587172723e-01
-9.667270778824142985e-01,1.329904905914756075e-01,-6.940295088549476299e-01,-7.953842417820611299e-01,-3.230417970250218929e-01,-1.000000000000000000e+00,-3.354844197897607350e-01,-5.559564472215661191e-02,-1.428059588269220415e-01,-9.999856485549982743e-01,-6.173154170827015452e-01,-9.780290154395392399e-01,-9.939857915645792241e-01,-3.721897680015797683e-01,-9.999240412115295573e-01,-9.999999999997823963e-01,-8.819184806556821243e-01,-6.605960858136437075e-01,-9.999124086859614291e-01,-1.074696320817625228e-01,-9.867854709064356467e-01,-3.605553615298393577e-01,-4.726965658231170320e-01,-9.999985320051986148e-01,-9.999999999837378972e-01,-9.959979091986754796e-01,-5.334977231943810461e-01,-9.991233768340948007e-01,-8.959628744894445607e-01,-3.942474997680653903e-01,-2.601383703787431001e-01,-4.256451779957849402e-01,-9.999999795673450986e-01,-9.999999312611128621e-01,-1.579195692822688013e-01,-8.490781612816006296e-01,-9.993022359766298157e-01,-5.006698771592529296e-01,-6.059033194991996218e-01,-1.306466325475108547e-02,-7.075974540264311496e-01,-9.999997355619513195e-01,-9.999999999901685310e-01,-1.935879895392297323e-01,-5.614555979718716117e-03,-9.999225101443042218e-01,-3.141626107869918139e-01,-1.581608703622121581e-01,-8.211621257608985314e-01,-3.785214135208334607e-01,-9.999896760457126499e-01,-9.999999999989105381e-01,-6.877492166323697642e-01,-3.569830455903111321e-02,-9.997244313549492611e-01,-9.456004055318140145e-01,-9.830151906848190180e-01,-9.988975464924815251e-01,-9.921158622728956100e-01,-9.999777140975590894e-01,-9.999999999999901190e-01,-9.999478776933595769e-01,-8.174965590161304974e-01,-9.464548900768564588e-01,5.927151917122026603e-01,-1.173509952040174831e-01,-8.949657927806250468e-01,-3.391597640875827491e-01,-1.000000000000000000e+00,-2.342149980163115153e-01,3.832570288619552290e-01,1.782968367981223601e-01
-9.718553326964171069e-01,4.510891643886472124e-02,-7.267864489430735375e-01,-8.190906473978852853e-01,-3.683363982059426611e-01,-1.000000000000000000e+00,-4.173140451748671431e-01,-1.178799727007656672e-01,-2.128762216980912836e-01,-9.999892822077544041e-01,-6.549046184343370047e-01,-9.814539133085806721e-01,-9.950796088754166879e-01,-4.255975054601275342e-01,-9.999457228600054925e-01,-9.999999999998760991e-01,-8.970178826608382616e-01,-6.923823622090818919e-01,-9.999312276786940235e-01,-1.603182521273818217e-01,-9.891104449125988074e-01,-4.112718690167715963e-01,-5.191612217156484910e-01,-9.999990106093685771e-01,-9.999999999893290914e-01,-9.967133352190907791e-01,-5.750287118413349718e-01,-9.992775939468426794e-01,-9.114699865490010211e-01,-4.356876815933180547e-01,-3.242881135283339766e-01,-4.792077577646947084e-01,-9.999999869514445416e-01,-9.999999489044349987e-01,-1.984710180075857089e-01,-8.645399658155646927e-01,-9.994253263956638378e-01,-5.461082036721841559e-01,-6.418172762084189964e-01,-1.964700278311470871e-02,-7.415542099275777010e-01,-9.999998237413074698e-01,-9.999999999937111417e-01,-2.371274337578540559e-01,-4.683101117205212827e-02,-9.999395433024871327e-01,-3.564204833364021940e-01,-1.788760644626499197e-01,-8.406612857706805553e-01,-4.328412292851121501e-01,-9.999928448052736174e-01,-9.999999999993117727e-01,-7.191732461678788102e-01,-9.894167481638083128e-02,-9.997780780748338758e-01,-9.532587112538108975e-01,-9.858674192358037880e-01,-9.991187964656847997e-01,-9.935491667265149429e-01,-9.999844948312536230e-01,-9.999999999999945599e-01,-9.999603449690217527e-01,-8.420358370874408971e-01,-9.544753243067933823e-01,5.344185240545782367e-01,-1.495147040282092110e-01,-9.072525261842173672e-01,-3.786462966029587873e-01,-1.000000000000000000e+00,-3.234493125109685341e-01,3.617991998388050412e-01,1.222413856754340777e-01
-9.763951147096533445e-01,-4.462371355405381212e-02,-7.582959078734501368e-01,-8.414843326164241910e-01,-4.162402963109664844e-01,-1.000000000000000000e+00,-4.947542876754494889e-01,-1.834138244413980878e-01,-2.834848451909953715e-01,-9.999920686320976637e-01,-6.915312440506392599e-01,-9.844816234260286292e-01,-9.960110725870705561e-01,-4.789933625424180885e-01,-9.999616474198292915e-01,-9.999999999999302780e-01,-9.109761527815136706e-01,-7.236856080085036780e-01,-9.999464593745085450e-01,-2.172748319324697697e-01,-9.911083142974359550e-01,-4.627691029671563427e-01,-5.653054630954831294e-01,-9.999993405987372963e-01,-9.999999999930628825e-01,-9.973243353523090216e-01,-6.162839440848042472e-01,-9.994094109740438991e-01,-9.254370557588704749e-01,-4.790178311118589161e-01,-3.886615265860737800e-01,-5.321251216743574375e-01,-9.999999917597806043e-01,-9.999999623354205447e-01,-2.442756575350816250e-01,-8.794136456561278958e-01,-9.995304486107792208e-01,-5.909603669082956756e-01,-6.773237029038798873e-01,-3.474550069022785959e-02,-7.737107159184177796e-01,-9.999998838210883978e-01,-9.999999999960156316e-01,-2.844297031317967184e-01,-9.408387725500033660e-02,-9.999532356482878637e-01,-4.013738344782780132e-01,-2.059432920801483879e-01,-8.592607546059766177e-01,-4.873474997195156311e-01,-9.999950961623458312e-01,-9.999999999995693445e-01,-7.496760816250710446e-01,-1.653677991445854367e-01,-9.998227411664382114e-01,-9.601938308871192929e-01,-9.883465987012601817e-01,-9.993019948716564960e-01,-9.947693681646024855e-01,-9.999893325289249679e-01,-9.999999999999970024e-01,-9.999701089954644573e-01,-8.645087339356961609e-01,-9.616268597701617127e-01,4.647416773722707894e-01,-1.878444951820690267e-01,-9.188464033910623829e-01,-4.210652947267918833e-01,-1.000000000000000000e+00,-4.089386958347051015e-01,3.291544109532986706e-01,5.989700817565468682e-02
-9.803969875044724613e-01,-1.356701213654585292e-01,-7.884371575098305662e-01,-8.625365790777623776e-01,-4.663934097571725834e-01,-1.000000000000000000e+00,-5.673626833663322211e-01,-2.518381613769153926e-01,-3.542852066022377233e-01,-9.999941918414616548e-01,-7.270572147605661728e-01,-9.871457699023574728e-01,-9.967999074061316689e-01,-5.321315565488649035e-01,-9.999732375745630231e-01,-9.999999999999612532e-01,-9.238219052914699025e-01,-7.543548385859361050e-01,-9.999587252110876401e-01,-2.780264181443469207e-01,-9.928156391034619332e-01,-5.147605749250581120e-01,-6.109286612112323489e-01,-9.999995660047181767e-01,-9.999999999955381247e-01,-9.978435951763517942e-01,-6.570589576324311620e-01,-9.995216569360678704e-01,-9.379273270063407386e-01,-5.239859736357007636e-01,-4.528258634114818992e-01,-5.840985041911145315e-01,-9.999999948611212330e-01,-9.999999725041726073e-01,-2.951435696250791496e-01,-8.936769100304936542e-01,-9.996198904668760488e-01,-6.350431790175321556e-01,-7.122571012718201811e-01,-5.923466056056325701e-02,-8.039895269504295783e-01,-9.999999243744109867e-01,-9.999999999975031084e-01,-3.353814513668025299e-01,-1.474427325916892739e-01,-9.999641845101651105e-01,-4.488165704200868245e-01,-2.397226057412625844e-01,-8.769289866477623097e-01,-5.416513047686939419e-01,-9.999966810210275669e-01,-9.999999999997334355e-01,-7.791437518678857588e-01,-2.346604156117253481e-01,-9.998597614616145934e-01,-9.664448400030575259e-01,-9.904902543332642084e-01,-9.994528303741525566e-01,-9.958025671546227864e-01,-9.999927523084256586e-01,-9.999999999999984457e-01,-9.999777071894130342e-01,-8.849878301485637477e-01,-9.679759833521526247e-01,3.835800439506280579e-01,-2.324269242670101709e-01,-9.297312290870750617e-01,-4.661944227922416584e-01,-1.000000000000000000e+00,-4.900613044911411587e-01,2.844124912580057174e-01,-8.708419729227978578e-03
-9.839087429951248742e-01,-2.274833578988129101e-01,-8.171059860831494381e-01,-8.822293786441535168e-01,-5.184092324659010931e-01,-1.000000000000000000e+00,-6.348009378947622183e-01,-3.227650626262292821e-01,-4.249306989234501453e-01,-9.999957984695087010e-01,-7.613554378081037743e-01,-9.894783773944773042e-01,-9.974639959379590914e-01,-5.847698349433765319e-01,-9.999815905551699968e-01,-9.999999999999787947e-01,-9.355883915156724129e-01,-7.842471994212099062e-01,-9.999685479448015002e-01,-3.422182480872314470e-01,-9.942660575113627663e-01,-5.669568570902062676e-01,-6.558357616564025605e-01,-9.999997184182009002e-01,-9.999999999971656006e-01,-9.982825569773601249e-01,-6.971558777477606661e-01,-9.996168447457681738e-01,-9.490136630336067913e-01,-5.703238114959007232e-01,-5.163578503338112080e-01,-6.348444915589281923e-01,-9.999999968407623507e-01,-9.999999801566358260e-01,-3.508245625452377503e-01,-9.073105002913651740e-01,-9.996956808862310639e-01,-6.781809841326338351e-01,-7.464589006945004934e-01,-9.399209562713495281e-02,-8.323334562743738285e-01,-9.999999514704763781e-01,-9.999999999984551247e-01,-3.898402705953679659e-01,-2.069369709806752056e-01,-9.999728891311727708e-01,-4.985187850882926153e-01,-2.805485824312606846e-01,-8.936410433784333085e-01,-5.953733383523704958e-01,-9.999977855912302038e-01,-9.999999999998371303e-01,-8.074730236980280917e-01,-3.064766170508992360e-01,-9.998902992075705543e-01,-9.720514965457717205e-01,-9.923334290258768453e-01,-9.995762619946598759e-01,-9.966723647694577526e-01,-9.999951457485283246e-01,-9.999999999999991118e-01,-9.999835788970122818e-01,-9.035533508840895012e-01,-9.735866593923871992e-01,2.909358704052082967e-01,-2.832965173956746296e-01,-9.398968920239473279e-01,-5.137825491116736476e-01,-1.000000000000000000e+00,-5.663016727021705776e-01,2.266803554517753394e-01,-8.350390544072916477e-02
-9.869753971104995305e-01,-3.195118859099571607e-01,-8.442150749067330873e-01,-9.005550387696362735e-01,-5.718793763107405947e-01,-1.000000000000000000e+00,-6.968337853248842695e-01,-3.957807432506863510e-01,-4.950773447484463352e-01,-9.999970048650121957e-01,-7.943105170317049657e-01,-9.915098107534456862e-01,-9.980194789314688064e-01,-6.366712082265314487e-01,-9.999875462144323102e-01,-9.999999999999885647e-01,-9.463129419629472405e-01,-8.132290524912382246e-01,-9.999763660083178518e-01,-4.094563882154285128e-01,-9.954903710189755284e-01,-6.190680723982870948e-01,-6.998386147542554614e-01,-9.999998203324601542e-01,-9.999999999982259746e-01,-9.986515062330797443e-01,-7.363849740193592064e-01,-9.996972024066417273e-01,-9.587765557623753043e-01,-6.177490238222934638e-01,-5.788482539242427727e-01,-6.840975585352537802e-01,-9.999999980899633156e-01,-9.999999858765828975e-01,-4.110088305162715727e-01,-9.202981974411514887e-01,-9.997596159384696257e-01,-7.202067870728581234e-01,-7.797786293930649704e-01,-1.398880087044170883e-01,-8.587050869229988503e-01,-9.999999693732994910e-01,-9.999999999990584199e-01,-4.476343199071535217e-01,-2.725526724653636323e-01,-9.999797654443133288e-01,-5.502280385702014165e-01,-3.287244378414854173e-01,-9.093785042473300217e-01,-6.481482607084576575e-01,-9.999985470285113198e-01,-9.999999999999019673e-01,-8.345719383478437114e-01,-3.804489952634885208e-01,-9.999153559989376605e-01,-9.770538806388983089e-01,-9.939086912888835945e-01,-9.996765955013515725e-01,-9.974000131184123097e-01,-9.999968026490466677e-01,-9.999999999999995559e-01,-9.999880817047530623e-01,-9.202918970983812175e-01,-9.785201591000448618e-01,1.869250867373157821e-01,-3.404318557111507548e-01,-9.493391323201197940e-01,-5.635514820497584676e-01,-1.000000000000000000e+00,-6.372536960288148755e-01,1.550937638566309840e-01,-1.643731178881665533e-01
-9.896392073434303605e-01,-4.112048380018321625e-01,-8.696941792558140483e-01,-9.175157169376159105e-01,-6.263785664629426542e-01,-1.000000000000000000e+00,-7.533256306870317331e-01,-4.704490114953137070e-01,-5.643864675370318107e-01,-9.999979029358702087e-01,-8.258193699859046610e-01,-9.932687359285998774e-01,-9.984808602853781911e-01,-6.876056883936992881e-01,-9.999917423940779537e-01,-9.999999999999940048e-01,-9.560364151614604289e-01,-8.411769755679838756e-01,-9.999825459741213951e-01,-4.793110303069725298e-01,-9.965166494038956158e-01,-6.708064544683538521e-01,-7.427572845150292036e-01,-9.999998876361165800e-01,-9.999999999989096500e-01,-9.989596565957720165e-01,-7.745661607374050295e-01,-9.997647015918722513e-01,-9.673022068238252835e-01,-6.659678215440771876e-01,-6.399062722016306548e-01,-7.316123872845754494e-01,-9.999999988681387286e-01,-9.999999901193197260e-01,-4.753286059260144469e-01,-9.326268251059799397e-01,-9.998132826462590161e-01,-7.609633404339977147e-01,-8.120750262265103991e-01,-1.977735758051376580e-01,-8.830860784152215759e-01,-9.999999810548553247e-01,-9.999999999994366728e-01,-5.085622620665616322e-01,-3.442297462125590846e-01,-9.999851588275039393e-01,-6.036709679281851981e-01,-3.845159856828838096e-01,-9.241293408084894079e-01,-6.996288443324986117e-01,-9.999990655651935789e-01,-9.999999999999420464e-01,-8.603602475781766401e-01,-4.561881648487233765e-01,-9.999357943507932722e-01,-9.814920638481089421e-01,-9.952461676828879833e-01,-9.997575542894074907e-01,-9.980045691006075304e-01,-9.999979358064149393e-01,-9.999999999999997780e-01,-9.999915053228412010e-01,-9.352952158912111180e-01,-9.828349293402522946e-01,7.178288757780282303e-02,-4.037521702121648071e-01,-9.580592642393830349e-01,-6.151981448174832501e-01,-1.000000000000000000e+00,-7.026209822229809721e-01,6.882994851495460864e-02,-2.511525124899558481e-01
-9.919397090920738513e-01,-5.020173855782729122e-01,-8.934901139625605060e-01,-9.331228896155321362e-01,-6.814700146781670353e-01,-1.000000000000000000e+00,-8.042352025240440128e-01,-5.463151398326046015e-01,-6.325273929683097318e-01,-9.999985649444137481e-01,-8.557917440415501176e-01,-9.947820998584068208e-01,-9.988611147524835143e-01,-7.373520147481882336e-01,-9.999946595940590877e-01,-9.999999999999968914e-01,-9.648026561702263137e-01,-8.679786614882728513e-01,-9.999873933437538609e-01,-5.513204284370540886e-01,-9.973703513351911409e-01,-7.218889482765803445e-01,-7.844213218520101893e-01,-9.999999314588783328e-01,-9.999999999993451905e-01,-9.992152326390570938e-01,-8.115304223420620744e-01,-9.998210837588965560e-01,-9.746807063397976423e-01,-7.146777335943499398e-01,-6.991636807484036265e-01,-7.771659357959864733e-01,-9.999999993457977521e-01,-9.999999932386758328e-01,-5.433608346361111785e-01,-9.442862465772186020e-01,-9.998580806722283665e-01,-8.003041776356312198e-01,-8.432170794633249145e-01,-2.684683208494746953e-01,-9.054762840626158216e-01,-9.999999885692575363e-01,-9.999999999996707079e-01,-5.723935377515738665e-01,-4.218594185804951380e-01,-9.999893550818451660e-01,-6.585552302725289353e-01,-4.481455297535058557e-01,-9.378877542530785760e-01,-7.494898449431547371e-01,-9.999994138499498364e-01,-9.999999999999665823e-01,-8.847697438268911085e-01,-5.332856581493159442e-01,-9.999523551232575302e-01,-9.854058078273381094e-01,-9.963735960791162416e-01,-9.998223447556779941e-01,-9.985030489729929126e-01,-9.999987001959462773e-01,-9.999999999999998890e-01,-9.999940833509478599e-01,-9.486590178440769128e-01,-9.865864970955974256e-01,-5.413214350440465061e-02,-4.731145534997029944e-01,-9.660638583556878656e-01,-6.683971806695030438e-01,-1.000000000000000000e+00,-7.622147032418510326e-01,-3.287901831125006336e-02,-3.436298664820368609e-01
-9.939137679985999840e-01,-5.914161476097297143e-01,-9.155665466280438203e-01,-9.473967615896704553e-01,-7.367110832751229132e-01,-1.000000000000000000e+00,-8.496084862180313113e-01,-6.229101141131501151e-01,-6.991801494050945420e-01,-9.999990474270454843e-01,-8.841506237684330083e-01,-9.960751272000093470e-01,-9.991717965659743239e-01,-7.856993467241104590e-01,-9.999966567215733404e-01,-9.999999999999984457e-01,-9.726579675385461643e-01,-8.935337048292375517e-01,-9.999911618620718201e-01,-6.249954447702734672e-01,-9.980744568982098386e-01,-7.720398190471340349e-01,-8.246709863869634560e-01,-9.999999595280777420e-01,-9.999999999996185274e-01,-9.994255497851357584e-01,-8.471211447883072454e-01,-9.998678839566342846e-01,-9.810043344073660077e-01,-7.635705937560137713e-01,-7.562786667265050111e-01,-8.205592254916241890e-01,-9.999999996339764552e-01,-9.999999955085628889e-01,-6.146308828420810055e-01,-9.552693543297390288e-01,-9.998952420322967383e-01,-8.380945785602180731e-01,-8.730849785118895978e-01,-3.527466025732773902e-01,-9.258926963090304829e-01,-9.999999933236273231e-01,-9.999999999998133715e-01,-6.388690024314280791e-01,-5.052821397394831049e-01,-9.999925898529781199e-01,-7.145717710612660145e-01,-5.197857876249798448e-01,-9.506539765556116794e-01,-7.974315318879555692e-01,-9.999996440841720791e-01,-9.999999999999812372e-01,-9.077444794821473151e-01,-6.113171743200465080e-01,-9.999656729965952229e-01,-9.888342920776613809e-01,-9.973163963626763273e-01,-9.998737162558686276e-01,-9.989105817003619547e-01,-9.999992077112148658e-01,-1.000000000000000000e+00,-9.999960032061774307e-01,-9.604818483447852273e-01,-9.898274061015160941e-01,-1.903355613113303368e-01,-5.483118915225710932e-01,-9.733643873072717057e-01,-7.228039704392140719e-01,-1.000000000000000000e+00,-8.159491491311350320e-01,-1.507322675007057855e-01,-4.415432860233685641e-01
-9.955956457661955250e-01,-6.788845621972142697e-01,-9.359036038583292694e-01,-9.603656220280886169e-01,-7.916591417756685400e-01,-1.000000000000000000e+00,-8.895702424262490471e-01,-6.997552145690082437e-01,-7.640381332892771660e-01,-9.999993943856186895e-01,-9.108325224996600689e-01,-9.971713318822204020e-01,-9.994231474797772297e-01,-8.324489016571943178e-01,-9.999979994708766418e-01,-9.999999999999992228e-01,-9.796505953422082191e-01,-9.177542641681188940e-01,-9.999940615363016594e-01,-6.998246567447814481e-01,-9.986496086898422053e-01,-8.209932340113824667e-01,-8.633584001809853081e-01,-9.999999771581900010e-01,-9.999999999997872813e-01,-9.995970909628748569e-01,-8.811953335196257564e-01,-9.999064524823398914e-01,-9.863660050285670833e-01,-8.123356912389090301e-01,-8.109392869566838247e-01,-8.616188208654813607e-01,-9.999999998042597982e-01,-9.999999971401486443e-01,-6.886172599732247601e-01,-9.655720503036975266e-01,-9.999258489782919535e-01,-8.742124538428854841e-01,-9.015709646408184286e-01,-4.513233693748063269e-01,-9.443682394703607486e-01,-9.999999962727184055e-01,-9.999999999998987477e-01,-7.077019457140077963e-01,-5.942859805896265613e-01,-9.999950566927439111e-01,-7.713974031920677321e-01,-5.995539546960291233e-01,-9.624340356678167119e-01,-8.431828170857611493e-01,-9.999997934332620630e-01,-9.999999999999900080e-01,-9.292408712526053494e-01,-6.898461566704932046e-01,-9.999762901833340045e-01,-9.918158703916254426e-01,-9.980977554627324944e-01,-9.999140157999424350e-01,-9.992405593984399204e-01,-9.999995384027778877e-01,-1.000000000000000000e+00,-9.999974144640334517e-01,-9.708640190921032920e-01,-9.926071823724940124e-01,-3.362164112436035746e-01,-6.290716116587093953e-01,-9.799768396533736770e-01,-7.780580341898698515e-01,-1.000000000000000000e+00,-8.638352419246283498e-01,-2.853457727340479311e-01,-5.445807425587885220e-01
-9.970170771999282699e-01,-7.639281395576446032e-01,-9.544972985429777124e-01,-9.720651541518502414e-01,-8.458775093988839533e-01,-1.000000000000000000e+00,-9.243144368403699573e-01,-7.763668721746619372e-01,-8.268107027644157059e-01,-9.999996398755521820e-01,-9.357876519121653969e-01,-9.980925416040492548e-01,-9.996242029615912683e-01,-8.774155142264525864e-01,-9.999988826702810307e-01,-9.999999999999996669e-01,-9.858302328231535183e-01,-9.405655892461066703e-01,-9.999962655212931706e-01,-7.752799627759843215e-01,-9.991142585226582273e-01,-8.684957795349816934e-01,-9.003486161649729702e-01,-9.999999879670714575e-01,-9.999999999998889777e-01,-9.997355796640579051e-01,-9.136246991174383769e-01,-9.999379745426417720e-01,-9.908578675015768944e-01,-8.606630421692111899e-01,-8.628664911226189282e-01,-9.001979780382828311e-01,-9.999999999022953778e-01,-9.999999982955030120e-01,-7.647573166757503094e-01,-9.751932152026467904e-01,-9.999508501888523249e-01,-9.085491337096253117e-01,-9.285800671818460472e-01,-5.648393724548101957e-01,-9.609504310073428979e-01,-9.999999980576860237e-01,-9.999999999999485967e-01,-7.785795067146312753e-01,-6.886055881210428886e-01,-9.999969139372550941e-01,-8.286976747705320223e-01,-6.875060255237491758e-01,-9.732394855186984328e-01,-8.865039279871949063e-01,-9.999998880979202864e-01,-9.999999999999950040e-01,-9.492276867718690836e-01,-7.684276634766802339e-01,-9.999846685511140087e-01,-9.943878554309886209e-01,-9.987387238594384042e-01,-9.999452376933952724e-01,-9.995047834921785279e-01,-9.999997489807632700e-01,-1.000000000000000000e+00,-9.999984358355640257e-01,-9.799066052268819993e-01,-9.949723255641754749e-01,-4.910385514551280917e-01,-7.150553334266305239e-01,-9.859213066586343110e-01,-8.337867785053367786e-01,-1.000000000000000000e+00,-9.059723140624263982e-01,-4.372377997873435618e-01,-6.523801901799806124e-01
-9.982073564650350006e-01,-8.460795124855096105e-01,-9.713587888452379637e-01,-9.825377059445655759e-01,-8.989413702787024674e-01,-1.000000000000000000e+00,-9.540939174572556913e-01,-8.522617343239083931e-01,-8.872256611249629277e-01,-9.999998100962055325e-01,-9.589799647264182214e-01,-9.988589335376475420e-01,-9.997828955017690200e-01,-9.204290936604986317e-01,-9.999994477342871724e-01,-9.999999999999998890e-01,-9.912475440800382342e-01,-9.619064038937986671e-01,-9.999979160152434599e-01,-8.508226087094730161e-01,-9.994848171399600689e-01,-9.143088747885138590e-01,-9.355205839693359060e-01,-9.999999943902641020e-01,-9.999999999999487077e-01,-9.998460491656768756e-01,-9.442965926323328985e-01,-9.999634880691586902e-01,-9.945700756455567726e-01,-9.082467339432200859e-01,-9.118166577785096205e-01,-9.361774439921698443e-01,-9.999999999568400799e-01,-9.999999990984086429e-01,-8.424538507709915525e-01,-9.841346651144817770e-01,-9.999710754024483395e-01,-9.410100475524119101e-01,-9.540307126087288481e-01,-6.938460611402850198e-01,-9.756999339966451190e-01,-9.999999991042467506e-01,-9.999999999999769074e-01,-8.511644918432557105e-01,-7.879217617203261304e-01,-9.999982905579510861e-01,-8.861299957147418249e-01,-7.836314953749857759e-01,-9.830871019998489446e-01,-9.271885780542226119e-01,-9.999999463528419508e-01,-9.999999999999977796e-01,-9.676859119888973071e-01,-8.466124886931815086e-01,-9.999912003171030905e-01,-9.965863307820869155e-01,-9.992583209797050170e-01,-9.999690683704827165e-01,-9.997136054898926316e-01,-9.999998791960649225e-01,-1.000000000000000000e+00,-9.999991609780259916e-01,-9.877105128163889969e-01,-9.969663233437437988e-01,-6.539440550392796592e-01,-8.058594947927955054e-01,-9.912215471269020250e-01,-8.896095409295008416e-01,-1.000000000000000000e+00,-9.425384898116034860e-01,-6.068144054097066586e-01,-7.645303082023890973e-01
-9.991934307840625307e-01,-9.249031998071148841e-01,-9.865134821866788917e-01,-9.918315298638168409e-01,-9.504435447885887234e-01,-1.000000000000000000e+00,-9.792096738274305157e-01,-9.269618653041766798e-01,-9.450315909419331195e-01,-9.999999250722112487e-01,-9.803870672074685988e-01,-9.994890796270752276e-01,-9.999061542034567429e-01,-9.613359548228400664e-01,-9.999997961791093903e-01,-1.000000000000000000e+00,-9.959537101829305517e-01,-9.817291374921436331e-01,-9.999991292943111176e-01,-9.259095434473409991e-01,-9.997758046865582449e-01,-9.582110427542630537e-01,-9.687679963007856943e-01,-9.999999980472467076e-01,-9.999999999999822364e-01,-9.999329077717331593e-01,-9.731147741211577662e-01,-9.999838998335183193e-01,-9.975897307595442687e-01,-9.547882900790061189e-01,-9.575835990933613262e-01,-9.694658938737561460e-01,-9.999999999857642763e-01,-9.999999996429017601e-01,-9.210825280731319564e-01,-9.924010938990160957e-01,-9.999872486202751043e-01,-9.715152811908114305e-01,-9.778551952294752825e-01,-8.387904155931900085e-01,-9.886890246994357589e-01,-9.999999996915373002e-01,-9.999999999999922284e-01,-9.250975935303898945e-01,-8.918617052418716939e-01,-9.999992911242457927e-01,-9.433469858381612339e-01,-8.878485684612703599e-01,-9.919985466120919693e-01,-9.650655977724997836e-01,-9.999999807960882059e-01,-9.999999999999992228e-01,-9.846084995273719498e-01,-9.239514807310137412e-01,-9.999962174620919964e-01,-9.984459897416571028e-01,-9.996736471478359087e-01,-9.999869266923356870e-01,-9.998760615207528124e-01,-9.999999565900744569e-01,-1.000000000000000000e+00,-9.999996633125007861e-01,-9.943756207031849703e-01,-9.986296861590410190e-01,-8.239587614175358787e-01,-9.010170105645016747e-01,-9.959045356690723327e-01,-9.451418736434102907e-01,-1.000000000000000000e+00,-9.737800290163634021e-01,-7.943552490795808829e-01,-8.805719039544540605e-01
-1.000000000000000000e+00,-1.000000000000000000e+00,-1.000000000000000000e+00,-1.000000000000000000e+00,-1.000000000000000000e+00,-1.000000000000000000e+00,-1.000000000000000000e+00,-1.000000000000000000e+00,-1.000000000000000000e+00,-1.000000000000000000e+00,-1.000000000000000000e+00,-1.000000000000000000e+00,-1.000000000000000000e+00,-1.000000000000000000e+00,-1.000000000000000000e+00,-1.000000000000000000e+00,-1.000000000000000000e+00,-1.000000000000000000e+00,-1.000000000000000000e+00,-1.000000000000000000e+00,-1.000000000000000000e+00,-1.000000000000000000e+00,-1.000000000000000000e+00,-1.000000000000000000e+00,-1.000000000000000000e+00,-1.000000000000000000e+00,-1.000000000000000000e+00,-1.000000000000000000e+00,-1.000000000000000000e+00,-1.000000000000000000e+00,-1.000000000000000000e+00,-1.000000000000000000e+00,-1.000000000000000000e+00,-1.000000000000000000e+00,-1.000000000000000000e+00,-1.000000000000000000e+00,-1.000000000000000000e+00,-1.000000000000000000e+00,-1.000000000000000000e+00,-1.000000000000000000e+00,-1.000000000000000000e+00,-1.000000000000000000e+00,-1.000000000000000000e+00,-1.000000000000000000e+00,-1.000000000000000000e+00,-1.000000000000000000e+00,-1.000000000000000000e+00,-1.000000000000000000e+00,-1.000000000000000000e+00,-1.000000000000000000e+00,-1.000000000000000000e+00,-1.000000000000000000e+00,-1.000000000000000000e+00,-1.000000000000000000e+00,-1.000000000000000000e+00,-1.000000000000000000e+00,-1.000000000000000000e+00,-1.000000000000000000e+00,-1.000000000000000000e+00,-1.000000000000000000e+00,-1.000000000000000000e+00,-1.000000000000000000e+00,-1.000000000000000000e+00,-1.000000000000000000e+00,-1.000000000000000000e+00,-1.000000000000000000e+00,-1.000000000000000000e+00,-1.000000000000000000e+00,-1.000000000000000000e+00,-1.000000000000000000e+00,-1.000000000000000000e+00,-1.000000000000000000e+00
-9.988954123211829517e-01,-9.999999939085543188e-01,-9.999999889990226487e-01,-9.999996579611484249e-01,-9.999999999943085527e-01,-1.000000000000000000e+00,-9.999999999999737987e-01,-9.999999983045456675e-01,-9.999998684367321644e-01,-9.729417541650190460e-01,-9.999997419975147350e-01,-9.998880486413856961e-01,-9.999159253619545051e-01,-9.999997689233011133e-01,-9.999989216299555173e-01,-9.786833451079159918e-01,-9.999948709585296802e-01,-9.999999732618035653e-01,-9.354297545938723424e-01,-9.999999999144236762e-01,-9.999510441599309685e-01,-9.999999866191282560e-01,-9.999996578052086083e-01,-9.999582795647834477e-01,-8.748011992433928352e-01,-9.989954972375622022e-01,-9.999999526616539791e-01,-9.132201444793345280e-01,-9.999999995616056792e-01,-9.999999990729263599e-01,-9.999999994666508574e-01,-9.999999956797792633e-01,-9.993592592654181317e-01,-8.267463966409523968e-01,-9.999999999984560128e-01,-9.999727262506816761e-01,-9.025659823190298470e-01,-9.999994846951493210e-01,-9.999999260717472582e-01,-9.999999999980361265e-01,-9.999999859365700239e-01,-9.999602215404236327e-01,-8.046086598565370673e-01,-9.999999858423237464e-01,-9.999999969919132203e-01,-9.473431981393267698e-01,-9.999999974527248314e-01,-9.999999998785945587e-01,-9.999981889140081570e-01,-9.999999998724951045e-01,-9.999921499596133856e-01,-8.793656170097435831e-01,-9.999998764226718517e-01,-9.999999888459174535e-01,-9.208279489096669046e-01,-9.999889062103108905e-01,-9.999475179983339235e-01,-9.994163237182989157e-01,-9.997549824177046629e-01,-9.999898313089736757e-01,-9.487043576450377991e-01,-9.975667416526636799e-01,-9.999969772672030466e-01,-9.996374458602077517e-01,-9.999999999917498217e-01,-9.999999999776225668e-01,-9.999999294058720123e-01,-9.999999998337093521e-01,-1.000000000000000000e+00,-9.999999999999885647e-01,-9.999999999519145755e-01,-9.999999809908093340e-01
-9.975558428190071103e-01,-9.999999842867065558e-01,-9.999999715373127929e-01,-9.999991572497256564e-01,-9.999999999839788156e-01,-1.000000000000000000e+00,-9.999999999999147349e-01,-9.999999956070702023e-01,-9.999996761078026042e-01,-9.427318030737207311e-01,-9.999993678462598679e-01,-9.997445691548328961e-01,-9.998051988412672841e-01,-9.999994366551705482e-01,-9.999971458500162003e-01,-9.550564386563715757e-01,-9.999878125662988726e-01,-9.999999326398761879e-01,-8.680340844001239731e-01,-9.999999997697640586e-01,-9.998850664726295356e-01,-9.999999661287177766e-01,-9.999991702287260864e-01,-9.998958493089200594e-01,-7.614333228403911136e-01,-9.977812532095547970e-01,-9.999998817972339804e-01,-8.256324077106164117e-01,-9.999999987710744831e-01,-9.999999975858266943e-01,-9.999999985673526659e-01,-9.999999887237772667e-01,-9.984843810719375989e-01,-6.699590592002822032e-01,-9.999999999956378227e-01,-9.999383575746961794e-01,-8.051374168767932993e-01,-9.999987554086260388e-01,-9.999998167096429968e-01,-9.999999999946863616e-01,-9.999999634090717127e-01,-9.999021286509071071e-01,-6.237054741498622157e-01,-9.999999650135402707e-01,-9.999999924625385672e-01,-8.915736761076036299e-01,-9.999999935025474240e-01,-9.999999996867414698e-01,-9.999956914663770124e-01,-9.999999996506070410e-01,-9.999798512796715944e-01,-7.709075580700124330e-01,-9.999996939339721447e-01,-9.999999719209907711e-01,-8.398970066129639589e-01,-9.999738736884035140e-01,-9.998776180068055242e-01,-9.986909599526727632e-01,-9.994392272682465217e-01,-9.999737951683838055e-01,-8.951037970264938970e-01,-9.946496400748522371e-01,-9.999926563718727346e-01,-9.991821848103789039e-01,-9.999999999773286907e-01,-9.999999999399904471e-01,-9.999998234062014157e-01,-9.999999995589016200e-01,-1.000000000000000000e+00,-9.999999999999628075e-01,-9.999999998743557272e-01,-9.999999532759342724e-01
-9.959509434146457396e-01,-9.999999696689908513e-01,-9.999999449097453086e-01,-9.999984461582872575e-01,-9.999999999662724237e-01,-1.000000000000000000e+00,-9.999999999997933875e-01,-9.999999914823018976e-01,-9.999994031297159136e-01,-9.093107903084323151e-01,-9.999988407140653068e-01,-9.995637818565682453e-01,-9.996622863614820220e-01,-9.999989719205929495e-01,-9.999943594734157504e-01,-9.292461958433797520e-01,-9.999783255464035348e-01,-9.999998730108228262e-01,-7.980688088011615999e-01,-9.999999995365627115e-01,-9.997981170396263995e-01,-9.999999358334926702e-01,-9.999984937939521146e-01,-9.998058625302895797e-01,-6.599316305222325818e-01,-9.963316790699637826e-01,-9.999997791070076580e-01,-7.375519437399005174e-01,-9.999999974253885870e-01,-9.999999952956800664e-01,-9.999999971214663663e-01,-9.999999779810039291e-01,-9.973231034427382236e-01,-5.292202848548956950e-01,-9.999999999907820403e-01,-9.998956631645050663e-01,-7.080619640804721726e-01,-9.999977497383907288e-01,-9.999996598859738350e-01,-9.999999999892397184e-01,-9.999999287873756471e-01,-9.998201922005935938e-01,-4.580281920672606422e-01,-9.999999352695697619e-01,-9.999999858597213853e-01,-8.328597306134338796e-01,-9.999999875955364326e-01,-9.999999993949014732e-01,-9.999923273183286554e-01,-9.999999992839611052e-01,-9.999613848730531940e-01,-6.746266604644937104e-01,-9.999994326963772551e-01,-9.999999470912933619e-01,-7.575291966250956577e-01,-9.999539514313693367e-01,-9.997864545818324622e-01,-9.978031751362738122e-01,-9.990396082441164172e-01,-9.999495766636218308e-01,-8.398330349681313312e-01,-9.911988280900907444e-01,-9.999866499777105844e-01,-9.986190241332258966e-01,-9.999999999533882855e-01,-9.999999998795738865e-01,-9.999996694692628862e-01,-9.999999991245193121e-01,-1.000000000000000000e+00,-9.999999999999089617e-01,-9.999999997542353691e-01,-9.999999140078872362e-01
-9.940478932219110053e-01,-9.999999480751000647e-01,-9.999999054581081293e-01,-9.999974590540046115e-01,-9.999999999370650094e-01,-1.000000000000000000e+00,-9.999999999995564659e-01,-9.999999853517272941e-01,-9.999990241806127056e-01,-8.726431419578506432e-01,-9.999981140775543453e-01,-9.993391286911611493e-01,-9.994808025225453418e-01,-9.999983354012186298e-01,-9.999901350981630355e-01,-9.014260032502406927e-01,-9.999658067594912048e-01,-9.999997876657841234e-01,-7.258086764324869211e-01,-9.999999991728140136e-01,-9.996855441566978584e-01,-9.999998921770839599e-01,-9.999975742404820789e-01,-9.996797517004796241e-01,-5.702004892834576788e-01,-9.946194551549012441e-01,-9.999996338387752148e-01,-6.492900658918124845e-01,-9.999999952222907718e-01,-9.999999918699012946e-01,-9.999999948725201149e-01,-9.999999618755205377e-01,-9.958158868898686622e-01,-4.040244716687225734e-01,-9.999999999827321462e-01,-9.998432472932833326e-01,-6.116765065596222462e-01,-9.999963902320989639e-01,-9.999994401630059038e-01,-9.999999999806709061e-01,-9.999998771321322311e-01,-9.997076499384501824e-01,-3.080924428523859060e-01,-9.999998937292267076e-01,-9.999999764611455788e-01,-7.713927779365602477e-01,-9.999999789923809113e-01,-9.999999989629395625e-01,-9.999878776022844695e-01,-9.999999986992594847e-01,-9.999345064908018443e-01,-5.903800571872870329e-01,-9.999990673118358542e-01,-9.999999115564178753e-01,-6.740520377696315180e-01,-9.999280069782062741e-01,-9.996695353781782645e-01,-9.967303901913945330e-01,-9.985412588527863287e-01,-9.999141358170163807e-01,-7.835705363565372839e-01,-9.871631899871354809e-01,-9.999784766396833113e-01,-9.979309928414014097e-01,-9.999999999150197549e-01,-9.999999997856586775e-01,-9.999994513768060145e-01,-9.999999984590181024e-01,-1.000000000000000000e+00,-9.999999999998032685e-01,-9.999999995734796254e-01,-9.999998595525093625e-01
-9.918113253571863019e-01,-9.999999168489902557e-01,-9.999998482745940942e-01,-9.999961131412289372e-01,-9.999999998902135978e-01,-1.000000000000000000e+00,-9.999999999991114885e-01,-9.999999764342826225e-01,-9.999985071958911176e-01,-8.327186409313838134e-01,-9.999971295077318967e-01,-9.990632003062662747e-01,-9.992534183025144623e-01,-9.999974779311922024e-01,-9.999838961385394409e-01,-8.718144484930911986e-01,-9.999495312606042630e-01,-9.999996678788155569e-01,-6.515451134632715968e-01,-9.999999986191588919e-01,-9.995418996415731394e-01,-9.999998304985034947e-01,-9.999963442006752912e-01,-9.995069074512681340e-01,-4.920245823133312379e-01,-9.926155455005445383e-01,-9.999994321511349593e-01,-5.611523534910602962e-01,-9.999999917170793173e-01,-9.999999868568566486e-01,-9.999999914597382800e-01,-9.999999382670895498e-01,-9.938956506010048209e-01,-2.937901762247910886e-01,-9.999999999697556374e-01,-9.997795318978460744e-01,-5.163053439303215697e-01,-9.999945812455469651e-01,-9.999991378463892744e-01,-9.999999999675143192e-01,-9.999998017782519844e-01,-9.995563163270624329e-01,-1.741980278026176165e-01,-9.999998367136352373e-01,-9.999999633274546662e-01,-7.073859596987699394e-01,-9.999999667130852199e-01,-9.999999983366997247e-01,-9.999820779612413890e-01,-9.999999977909268534e-01,-9.998963179125550660e-01,-5.178945662223675139e-01,-9.999985654630639820e-01,-9.999998616646424976e-01,-5.897960954254894972e-01,-9.998946984445088448e-01,-9.995216392387015203e-01,-9.954481463374861283e-01,-9.979274252679902757e-01,-9.998635238868145425e-01,-7.270243177624671205e-01,-9.824907836531864280e-01,-9.999675414724801259e-01,-9.970992068136009800e-01,-9.999999998550969105e-01,-9.999999996431300220e-01,-9.999991482811355636e-01,-9.999999974629899535e-01,-1.000000000000000000e+00,-9.999999999996028732e-01,-9.999999993073118709e-01,-9.999997852957699385e-01
-9.892032643253707569e-01,-9.999998724523810889e-01,-9.999997668224398506e-01,-9.999943045680044218e-01,-9.999999998166568815e-01,-1.000000000000000000e+00,-9.999999999982988053e-01,-9.999999636825868121e-01,-9.999978117848904446e-01,-7.895537604667097753e-01,-9.999958140104548976e-01,-9.987276600357818390e-01,-9.989717639833849416e-01,-9.999963383346324175e-01,-9.999748729594866159e-01,-8.406728295481905588e-01,-9.999286318132671880e-01,-9.999995023701626629e-01,-5.755838734441561799e-01,-9.999999977923894612e-01,-9.993608357617187465e-01,-9.999997447265143169e-01,-9.999947204353017982e-01,-9.992743217545503320e-01,-4.250812221142545866e-01,-9.902892286006803602e-01,-9.999991563290703267e-01,-4.734369326308016657e-01,-9.999999862623332181e-01,-9.999999796475342873e-01,-9.999999863798195721e-01,-9.999999042704712515e-01,-9.914876512645663942e-01,-1.978720674150981074e-01,-9.999999999492816816e-01,-9.997027377766239953e-01,-4.222586282875070429e-01,-9.999922052263860994e-01,-9.999987279516080463e-01,-9.999999999476913981e-01,-9.999996937995337953e-01,-9.993563804667585648e-01,-5.643866166344668756e-02,-9.999997595489658053e-01,-9.999999452435760494e-01,-6.410725631129645663e-01,-9.999999494666568234e-01,-9.999999974435589412e-01,-9.999746105233817683e-01,-9.999999964082607606e-01,-9.998431141418190338e-01,-4.567813363455623943e-01,-9.999978862613861930e-01,-9.999997926816799332e-01,-5.050926233856325442e-01,-9.998524432085852398e-01,-9.993367276368289032e-01,-9.939300873179991447e-01,-9.971793172863337995e-01,-9.997926637184376686e-01,-6.709168895132884280e-01,-9.771293131952951683e-01,-9.999531134668677712e-01,-9.961027315134448612e-01,-9.999999997633622906e-01,-9.999999994308284013e-01,-9.999987335499216368e-01,-9.999999959993506327e-01,-1.000000000000000000e+00,-9.999999999992338351e-01,-9.999999989219887642e-01,-9.999996854074838515e-01
-9.861830757901289823e-01,-9.999998102008543777e-01,-9.999996524528528274e-01,-9.999919037620055295e-01,-9.999999997031451260e-01,-1.000000000000000000e+00,-9.999999999968468556e-01,-9.999999457008235115e-01,-9.999968873154051474e-01,-7.431927367938379048e-01,-9.999940768435364724e-01,-9.983231651745085866e-01,-9.986263278451421588e-01,-9.999948408418779522e-01,-9.999620483368498736e-01,-8.083014759999893606e-01,-9.999020755863904375e-01,-9.999992766415037870e-01,-4.982426251188926125e-01,-9.999999965767112364e-01,-9.991349936810607346e-01,-9.999996269975452989e-01,-9.999926005549409913e-01,-9.989661966708870411e-01,-3.689534286887296011e-01,-9.876081458760208598e-01,-9.999987838212176516e-01,-3.864329439805093136e-01,-9.999999779244140852e-01,-9.999999694259276151e-01,-9.999999789358900992e-01,-9.999998560222014277e-01,-9.885095353796955475e-01,-1.155726062294717416e-01,-9.999999999175286369e-01,-9.996108643452646936e-01,-3.298310464964151478e-01,-9.999891183316728105e-01,-9.999981789467691229e-01,-9.999999999182742627e-01,-9.999995413239528563e-01,-9.990961952963705039e-01,4.528529741684095278e-02,-9.999996563248513270e-01,-9.999999206455122414e-01,-5.727042838558622506e-01,-9.999999255620508620e-01,-9.999999961866770093e-01,-9.999650946788075645e-01,-9.999999943378821143e-01,-9.997702039502270877e-01,-4.065513262521122106e-01,-9.999969782452987621e-01,-9.999996985023869023e-01,-4.202713236260190444e-01,-9.997993829896870688e-01,-9.991078494769154439e-01,-9.921479603169763850e-01,-9.962759590412781918e-01,-9.996950896798179054e-01,-6.159697937697237169e-01,-9.710266502914134401e-01,-9.999342989818386096e-01,-9.949184433386134563e-01,-9.999999996251639489e-01,-9.999999991193374571e-01,-9.999981733569344167e-01,-9.999999938803509902e-01,-1.000000000000000000e+00,-9.999999999985691446e-01,-9.999999983718274033e-01,-9.999995525531614193e-01
-9.827074307405563314e-01,-9.999997239279690975e-01,-9.999994937926810490e-01,-9.999887498649402406e-01,-9.999999995304553746e-01,-1.000000000000000000e+00,-9.999999999942997819e-01,-9.999999206394148965e-01,-9.999956706038920506e-01,-6.937083650710725857e-01,-9.999918057206096389e-01,-9.978392860352887084e-01,-9.982063513427417156e-01,-9.999928920121157194e-01,-9.999440902393558206e-01,-7.750349552980863033e-01,-9.998686377443966045e-01,-9.999989721557962508e-01,-4.198485131332490017e-01,-9.999999948120457116e-01,-9.988558834779047713e-01,-9.999994671798138057e-01,-9.999898591434738249e-01,-9.985635216115457125e-01,-3.231434462039377564e-01,-9.845383693926339497e-01,-9.999982860625680203e-01,-3.004192061862378527e-01,-9.999999653685660572e-01,-9.999999551050799962e-01,-9.999999681696715159e-01,-9.999997883809471633e-01,-9.848715957874119020e-01,-4.615330186492561104e-02,-9.999999998689765857e-01,-9.995016679004783411e-01,-2.393007503494649635e-01,-9.999851452757156922e-01,-9.999974512287300721e-01,-9.999999998751641916e-01,-9.999993286621531308e-01,-9.987620623256738828e-01,1.312516281935089957e-01,-9.999995195993909292e-01,-9.999998875292762657e-01,-5.025493605138849906e-01,-9.999998927957909345e-01,-9.999999944375869143e-01,-9.999530765136279697e-01,-9.999999912798971380e-01,-9.996717012682757586e-01,-3.666312116951987443e-01,-9.999957769648144534e-01,-9.999995712926021962e-01,-3.356582470279451114e-01,-9.997333450629950491e-01,-9.988270393692167959e-01,-9.900716379192262551e-01,-9.951940414142296243e-01,-9.995626427902487565e-01,-5.628882055345603153e-01,-9.641314018521943696e-01,-9.999100108937614140e-01,-9.935208908545090090e-01,-9.999999994197182884e-01,-9.999999986680190300e-01,-9.999974249699145057e-01,-9.999999908504555446e-01,-1.000000000000000000e+00,-9.999999999973938625e-01,-9.999999975953137721e-01,-9.999993775435651600e-01
-9.787302862900543188e-01,-9.999996055594495559e-01,-9.999992759716698210e-01,-9.999846441164078614e-01,-9.999999992708998864e-01,-1.000000000000000000e+00,-9.999999999898998571e-01,-9.999998860604518702e-01,-9.999940831390832230e-01,-6.412025068555305962e-01,-9.999888622989432374e-01,-9.972644234027633336e-01,-9.976997216733102247e-01,-9.999903770793868718e-01,-9.999192697065801827e-01,-7.412362757429610260e-01,-9.998268716280545032e-01,-9.999985653292132737e-01,-3.407357242701307687e-01,-9.999999922784412743e-01,-9.985137559480634639e-01,-9.999992522827862995e-01,-9.999863431886094611e-01,-9.980436239197491011e-01,-2.870863917435769741e-01,-9.810444904337851657e-01,-9.999976270398827083e-01,-2.156630789702820294e-01,-9.999999467018156896e-01,-9.999999352449711054e-01,-9.999999527717754466e-01,-9.999996945442095608e-01,-9.804772619366354247e-01,1.115458378129385864e-02,-9.999999997956255937e-01,-9.993726383536957192e-01,-1.509285308528725000e-01,-9.999800732914444490e-01,-9.999964952823948705e-01,-9.999999998126566370e-01,-9.999990352033463203e-01,-9.983380173154944304e-01,2.018990560876809948e-01,-9.999993400399606047e-01,-9.999998433379523322e-01,-4.308906094992499547e-01,-9.999998483106556924e-01,-9.999999920266751108e-01,-9.999380167449684054e-01,-9.999999868156834726e-01,-9.995402852206269895e-01,-3.363793431696249225e-01,-9.999942020763574746e-01,-9.999994010456693116e-01,-2.515738534859522924e-01,-9.996517993660821721e-01,-9.984852096299832169e-01,-9.876691635403334057e-01,-9.939077783952681155e-01,-9.993851169321159578e-01,-5.123460545544715750e-01,-9.563935209134848403e-01,-9.998789328364942053e-01,-9.918821574001474017e-01,-9.999999991177305203e-01,-9.999999980210558803e-01,-9.999964346788933200e-01,-9.999999865638737884e-01,-1.000000000000000000e+00,-9.999999999953472773e-01,-9.999999965100279109e-01,-9.999991489096464736e-01
-9.742028855829866218e-01,-9.999994445754343264e-01,-9.999989796514768825e-01,-9.999793420185190129e-01,-9.999999988848624621e-01,-1.000000000000000000e+00,-9.999999999823999675e-01,-9.999998387664079669e-01,-9.999920277552308834e-01,-5.858063013791752205e-01,-9.999850768341298490e-01,-9.965857251372395309e-01,-9.970928628562617524e-01,-9.999871556271517914e-01,-9.998853613932249251e-01,-7.072902327358698837e-01,-9.997750752137639640e-01,-9.999980262966799982e-01,-2.612430888078717262e-01,-9.999999886753845324e-01,-9.980974666003127327e-01,-9.999989657269471310e-01,-9.999818667118669513e-01,-9.973796997248757235e-01,-2.601637562573885232e-01,-9.770897305933577970e-01,-9.999967615496659912e-01,-1.324195256971096857e-01,-9.999999192594966058e-01,-9.999999079475015984e-01,-9.999999309636219413e-01,-9.999995655600947275e-01,-9.752238509277809664e-01,5.713998880251969226e-02,-9.999999996859567641e-01,-9.992209744104266766e-01,-6.495722841713547080e-02,-9.999736450741877336e-01,-9.999952494648607360e-01,-9.999999997228532500e-01,-9.999986340228794734e-01,-9.978056235490732062e-01,2.578086152663765507e-01,-9.999991059870839694e-01,-9.999997848220270047e-01,-3.580233884706042202e-01,-9.999997884185917174e-01,-9.999999887309928281e-01,-9.999192769890670185e-01,-9.999999803645732710e-01,-9.993669270825086270e-01,-3.151014125791850029e-01,-9.999921538614275907e-01,-9.999991750351091557e-01,-1.683312450106900782e-01,-9.995518112691224033e-01,-9.980720364154623825e-01,-9.849068228102308975e-01,-9.923887699831167586e-01,-9.991498525661972607e-01,-4.649720996857356070e-01,-9.477649570140020963e-01,-9.998394779196828619e-01,-9.899717268147679716e-01,-9.999999986781508143e-01,-9.999999971021934497e-01,-9.999951352994359555e-01,-9.999999805551889054e-01,-1.000000000000000000e+00,-9.999999999918312010e-01,-9.999999950060474152e-01,-9.999988523883239777e-01
-9.690737795349363415e-01,-9.999992273338951243e-01,-9.999985798107260404e-01,-9.999725440913608265e-01,-9.999999983160094974e-01,-1.000000000000000000e+00,-9.999999999697669617e-01,-9.999997745829097839e-01,-9.999893846582613710e-01,-5.276800766557674383e-01,-9.999802418689225370e-01,-9.957890028382155867e-01,-9.963706266875334006e-01,-9.999830564835521240e-01,-9.998395241793284205e-01,-6.735960744067860384e-01,-9.997112535335356265e-01,-9.999973174056360214e-01,-1.817117429763691616e-01,-9.999999835944629600e-01,-9.975943324785615518e-01,-9.999985864439649985e-01,-9.999762044768083502e-01,-9.965403344406762454e-01,-2.417165091627813123e-01,-9.726360771133313321e-01,-9.999956330900471313e-01,-5.093037104538056248e-02,-9.999998793169000422e-01,-9.999998707226903649e-01,-9.999999003426979227e-01,-9.999993897079996197e-01,-9.690036025483996784e-01,9.260274432271375922e-02,-9.999999995234849504e-01,-9.990435571893233613e-01,1.838863335379858910e-02,-9.999655505613275208e-01,-9.999936373469181516e-01,-9.999999995948719578e-01,-9.999980901339503570e-01,-9.971437805982891200e-01,2.996840743070459112e-01,-9.999988029263344735e-01,-9.999997078671486461e-01,-2.842535146969726867e-01,-9.999997083795388875e-01,-9.999999842586968501e-01,-9.998961041838501096e-01,-9.999999711258874546e-01,-9.991405831211720434e-01,-3.020655292738482212e-01,-9.999895090693855515e-01,-9.999988771412828825e-01,-8.623458054899213465e-02,-9.994299898075912347e-01,-9.975758405834533882e-01,-9.817492434305499227e-01,-9.906058745731851634e-01,-9.988412752057342914e-01,-4.213373452038626787e-01,-9.382003416372067806e-01,-9.997897412676740592e-01,-9.877563543215638342e-01,-9.999999980437711544e-01,-9.999999958077757656e-01,-9.999934431754289310e-01,-9.999999722011204684e-01,-1.000000000000000000e+00,-9.999999999858618649e-01,-9.999999929373987184e-01,-9.999984703020020627e-01
-9.632888733854299002e-01,-9.999989362224944722e-01,-9.999980442310840711e-01,-9.999638850067222862e-01,-9.999999974847008088e-01,-1.000000000000000000e+00,-9.999999999487133584e-01,-9.999996880842264568e-01,-9.999860066936143710e-01,-4.670129598549437322e-01,-9.999741048065033944e-01,-9.948586496499334242e-01,-9.955161851903108206e-01,-9.999778717151907026e-01,-9.997781591277192792e-01,-6.405596859203750437e-01,-9.996330767378991400e-01,-9.999963913847598196e-01,-1.024828744280943393e-01,-9.999999764833820137e-01,-9.969899827089733213e-01,-9.999980877716495575e-01,-9.999690846395946631e-01,-9.954890249306189709e-01,-2.310575927635994953e-01,-9.676444442244694910e-01,-9.999941713182709524e-01,2.857625438915589733e-02,-9.999998217020532598e-01,-9.999998203188195101e-01,-9.999998576806613526e-01,-9.999991517161893606e-01,-9.617050162561324722e-01,1.183450691579537306e-01,-9.999999992847516950e-01,-9.988369222972961481e-01,9.890300616306380022e-02,-9.999554173848919092e-01,-9.999915645341047599e-01,-9.999999994137874770e-01,-9.999973583020804746e-01,-9.963285577372379409e-01,3.283319117313328039e-01,-9.999984128506118619e-01,-9.999996072823049698e-01,-2.098951625794183151e-01,-9.999996021260955104e-01,-9.999999782292463557e-01,-9.998676129776473687e-01,-9.999999580017263634e-01,-9.988478532129958509e-01,-2.965164518132145099e-01,-9.999861159704689362e-01,-9.999984870256294345e-01,-5.577676437688916522e-03,-9.992824312131939335e-01,-9.969834640892920596e-01,-9.781595260338573627e-01,-9.885250941602651276e-01,-9.984403770947840595e-01,-3.819441331427961828e-01,-9.276577036034785451e-01,-9.997274456803320053e-01,-9.851999449185183666e-01,-9.999999971352715455e-01,-9.999999939975608987e-01,-9.999912545951710197e-01,-9.999999606709292221e-01,-1.000000000000000000e+00,-9.999999999758354408e-01,-9.999999901110157019e-01,-9.999979808117805957e-01
-9.567915012881024195e-01,-9.999985485991931267e-01,-9.999973316184739280e-01,-9.999529208636220856e-01,-9.999999962789635211e-01,-1.000000000000000000e+00,-9.999999999139669304e-01,-9.999995722475796267e-01,-9.999817137284053858e-01,-4.040221893871207559e-01,-9.999663592001729606e-01,-9.937775604803023022e-01,-9.945109264670415339e-01,-9.999713495816753284e-01,-9.996967420269877724e-01,-6.085855077108455191e-01,-9.995378334908480156e-01,-9.999951891253993086e-01,-2.389556831449757279e-02,-9.999999665987938657e-01,-9.962682039725818672e-01,-9.999974361014767332e-01,-9.999601801901899512e-01,-9.941837181963603109e-01,-2.274836292926517567e-01,-9.620748622588749521e-01,-9.999922889945961346e-01,1.058862941497475951e-01,-9.999997392786721395e-01,-9.999997525075854377e-01,-9.999997986610387191e-01,-9.999988317772324775e-01,-9.532145013435621150e-01,1.351639064647267574e-01,-9.999999989365537800e-01,-9.985972304039992808e-01,1.763982867165969637e-01,-9.999427998168873843e-01,-9.999889148780479742e-01,-9.999999991592178894e-01,-9.999963803247059468e-01,-9.953330623405459709e-01,3.446412915067043059e-01,-9.999979134921044288e-01,-9.999994765400233021e-01,-1.352687618183390228e-01,-9.999994619218632863e-01,-9.999999701482739090e-01,-9.998327658875315604e-01,-9.999999394945945363e-01,-9.984726063200688451e-01,-2.976887698616658140e-01,-9.999817884895232378e-01,-9.999979791211121016e-01,7.335720817701640861e-02,-9.991046576279294378e-01,-9.962801429660206320e-01,-9.740994085429931504e-01,-9.861094760731713427e-01,-9.979241421332669670e-01,-3.472171799572514317e-01,-9.160992085804239293e-01,-9.996498796816899457e-01,-9.822634419627015445e-01,-9.999999958432036484e-01,-9.999999914826470659e-01,-9.999884415226444334e-01,-9.999999448623365650e-01,-1.000000000000000000e+00,-9.999999999591583366e-01,-9.999999862725189592e-01,-9.999973570209149676e-01
-9.495225323906918424e-01,-9.999980354736771604e-01,-9.999963892808918509e-01,-9.999391143443866481e-01,-9.999999945421853553e-01,-1.000000000000000000e+00,-9.999999998571363902e-01,-9.999994180193141347e-01,-9.999762860027011646e-01,-3.389521337204729479e-01,-9.999566345719659299e-01,-9.925270561082971676e-01,-9.933343561586649439e-01,-9.999631862963643814e-01,-9.995896278171173543e-01,-5.780684111108411738e-01,-9.994223794012557782e-01,-9.999936370032738164e-01,5.371523286562074340e-02,-9.999999529446911284e-01,-9.954107824457122389e-01,-9.999965892288097402e-01,-9.999490990158648174e-01,-9.925763843835402334e-01,-2.302857006137554174e-01,-9.558866962746368490e-01,-9.999898783211708109e-01,1.807999851626060916e-01,-9.999996222596073681e-01,-9.999996618132992454e-01,-9.999997175398637195e-01,-9.999984043139154011e-01,-9.434183433579443889e-01,1.438441232245826207e-01,-9.999999984321334967e-01,-9.983202363909247090e-01,2.507051189176336958e-01,-9.999271660092382552e-01,-9.999855459761515242e-01,-9.999999988034421472e-01,-9.999950816593510261e-01,-9.941273546625554181e-01,3.495644435920988169e-01,-9.999972773997843900e-01,-9.999993074585846742e-01,-6.069891462930321335e-02,-9.999992779388460207e-01,-9.999999593757876726e-01,-9.997903510247465597e-01,-9.999999135722564825e-01,-9.979955753922591377e-01,-3.048188789518991859e-01,-9.999762992739286149e-01,-9.999973214017544576e-01,1.503004058575634350e-01,-9.988915509492604095e-01,-9.954493782116284883e-01,-9.695294664503224524e-01,-9.833190353546606977e-01,-9.972649161404103513e-01,-3.174967528426637653e-01,-9.034919161282053413e-01,-9.995538271953119391e-01,-9.789047289889982739e-01,-9.999999940172361601e-01,-9.999999880096613891e-01,-9.999848465329802538e-01,-9.999999233190243197e-01,-1.000000000000000000e+00,-9.999999999316681043e-01,-9.999999810879541817e-01,-9.999965659012101105e-01
-9.414205120523148063e-01,-9.999973598719461565e-01,-9.999951502696795558e-01,-9.999218174647551693e-01,-9.999999920564079936e-01,-1.000000000000000000e+00,-9.999999997649633432e-01,-9.999992137723017205e-01,-9.999694562851235702e-01,-2.720730241059095000e-01,-9.999444845522033054e-01,-9.910868128711985969e-01,-9.919640070328725745e-01,-9.999530164207856009e-01,-9.994498243857731223e-01,-5.493857551659653282e-01,-9.992830802206565943e-01,-9.999916436565616795e-01,1.300206468313580555e-01,-9.999999341922545248e-01,-9.943973441316646955e-01,-9.999954943471539570e-01,-9.999353724012162159e-01,-9.906126448436544107e-01,-2.387590972269169054e-01,-9.490388958547673059e-01,-9.999868065708280573e-01,2.531319331011210316e-01,-9.999994573002027876e-01,-9.999995411727510275e-01,-9.999996067084173657e-01,-9.999978364383895757e-01,-9.322049803250748168e-01,1.451525756167839631e-01,-9.999999977059641498e-01,-9.980012571875068739e-01,3.216720516081357228e-01,-9.999078833118674181e-01,-9.999812838437711626e-01,-9.999999983089029598e-01,-9.999933672620118230e-01,-9.926784212556101217e-01,3.440978031785271174e-01,-9.999964708343357378e-01,-9.999990898143397144e-01,1.348765287927777834e-02,-9.999990377363641159e-01,-9.999999450860487249e-01,-9.997389571814970788e-01,-9.999998774901102117e-01,-9.973939260463592360e-01,-3.171556378750453042e-01,-9.999693715308956010e-01,-9.999964738875040116e-01,2.249957040044312517e-01,-9.986372818330067069e-01,-9.944728062092996757e-01,-9.644093512979237115e-01,-9.801107022912576294e-01,-9.964297270866325773e-01,-2.930341042872396384e-01,-8.898085469079930476e-01,-9.994354880694005239e-01,-9.750785481707060498e-01,-9.999999914517837540e-01,-9.999999832401204047e-01,-9.999802768273806652e-01,-9.999998941248074980e-01,-1.000000000000000000e+00,-9.999999998867334927e-01,-9.999999741204109727e-01,-9.999955670106180916e-01
-9.324218419929335422e-01,-9.999964748149881011e-01,-9.999935298743229950e-01,-9.999002516062818202e-01,-9.999999885197456972e-01,-1.000000000000000000e+00,-9.999999996166456517e-01,-9.999989446295873829e-01,-9.999609006466839700e-01,-2.036794101577429350e-01,-9.999293731107355976e-01,-9.894347998484810391e-01,-9.903753595483235639e-01,-9.999404017012186729e-01,-9.992687335790774172e-01,-5.228898410525356644e-01,-9.991157495747068351e-01,-9.999890961237041243e-01,2.046996418036790555e-01,-9.999999085759538886e-01,-9.932051959261218865e-01,-9.999940856177332860e-01,-9.999184417609456865e-01,-9.882314788182303689e-01,-2.522119681646429745e-01,-9.414902776028900577e-01,-9.999829108856652660e-01,3.227110626268692162e-01,-9.999992263074930499e-01,-9.999993815094622152e-01,-9.999994561321065012e-01,-9.999970860356832691e-01,-9.194675715841745811e-01,1.398330274969155074e-01,-9.999999966666415219e-01,-9.976351384491923824e-01,3.891650759801912329e-01,-9.998842014340549866e-01,-9.999759166279115208e-01,-9.999999976249043243e-01,-9.999911164723266355e-01,-9.909502198734838618e-01,3.292642068370588149e-01,-9.999954524479299778e-01,-9.999988108700050837e-01,8.696409338961008650e-02,-9.999987256205468134e-01,-9.999999262170856662e-01,-9.996769460738044177e-01,-9.999998275587209662e-01,-9.966408054664896987e-01,-3.339696428205374268e-01,-9.999606694498003323e-01,-9.999953868330279105e-01,2.972010484824865184e-01,-9.983352339764439698e-01,-9.933300706381266165e-01,-9.586980694277863480e-01,-9.764382999715784939e-01,-9.953795629742392403e-01,-2.739892061892245101e-01,-8.750282518534447940e-01,-9.992903886734602059e-01,-9.707364391994149910e-01,-9.999999878668714981e-01,-9.999999767235837611e-01,-9.999744971882387201e-01,-9.999998547683593975e-01,-1.000000000000000000e+00,-9.999999998138640045e-01,-9.999999648001688390e-01,-9.999943109653095519e-01
-9.224610032532315484e-01,-9.999953208291404438e-01,-9.999914213417302467e-01,-9.998734844948956590e-01,-9.999999835159926187e-01,-1.000000000000000000e+00,-9.999999993797650255e-01,-9.999985916241190820e-01,-9.999502276437688408e-01,-1.340883486954498327e-01,-9.999106586289558951e-01,-9.875472256893255141e-01,-9.885417765687795066e-01,-9.999248181361148902e-01,-9.990358578264354472e-01,-4.989009659394894047e-01,-9.989155810469044772e-01,-9.999858552300958658e-01,2.774406985545894155e-01,-9.999998737593601694e-01,-9.918091702123680298e-01,-9.999922812342593170e-01,-9.998976433834257938e-01,-9.853650348741624931e-01,-2.699728357930072375e-01,-9.331998416446972699e-01,-9.999779921087473822e-01,3.893804624830237149e-01,-9.999989048845542294e-01,-9.999991712025986246e-01,-9.999992526332770471e-01,-9.999960993891244820e-01,-9.051068302927642861e-01,1.286018954969985195e-01,-9.999999951872332593e-01,-9.972162202804466524e-01,4.530670671885339562e-01,-9.998552331961755302e-01,-9.999691872151954541e-01,-9.999999966832578968e-01,-9.999881767535935273e-01,-9.889038089369370788e-01,3.060963865860524269e-01,-9.999941717112131867e-01,-9.999984548022486930e-01,1.594053865706317463e-01,-9.999983218594813428e-01,-9.999999014073432946e-01,-9.996024215400268753e-01,-9.999997588408664484e-01,-9.957048803588633978e-01,-3.545610930198027644e-01,-9.999497870047350245e-01,-9.999939985403143439e-01,3.666891022078329065e-01,-9.979779239186110651e-01,-9.919986981889048483e-01,-9.523543027729326482e-01,-9.722525570931711547e-01,-9.940686186133895763e-01,-2.604307502585487821e-01,-8.591373742409974534e-01,-9.991132818054808684e-01,-9.658267027246505432e-01,-9.999999828827480508e-01,-9.999999678628473943e-01,-9.999672217201156510e-01,-9.999998019709046559e-01,-1.000000000000000000e+00,-9.999999996965757143e-01,-9.999999523866863749e-01,-9.999927376238418875e-01
-9.114708258449867317e-01,-9.999938228902547355e-01,-9.999886906693152833e-01,-9.998404037667284472e-01,-9.999999764738878305e-01,-1.000000000000000000e+00,-9.999999990041299469e-01,-9.999981306583087814e-01,-9.999369656766605718e-01,-6.363733748845679106e-02,-9.998875755400249421e-01,-9.853984974599742097e-01,-9.864344557209130393e-01,-9.999056410426541142e-01,-9.987384715700832194e-01,-4.777012571219606540e-01,-9.986770745001679606e-01,-9.999817500972817408e-01,3.479433465059782460e-01,-9.999998266624640086e-01,-9.901814762653712299e-01,-9.999899798898737036e-01,-9.998721909450081213e-01,-9.819385753461910005e-01,-2.913969687803391606e-01,-9.241271231457319768e-01,-9.999718074942971491e-01,4.529971460212693923e-01,-9.999984603090429358e-01,-9.999988954267442498e-01,-9.999989789781977834e-01,-9.999948082494205526e-01,-8.890340781930383685e-01,1.121447827815704734e-01,-9.999999930922290892e-01,-9.967383022590481367e-01,5.132771544572172218e-01,-9.998199326017820354e-01,-9.999607845695325237e-01,-9.999999953925601259e-01,-9.999843560635015560e-01,-9.864975744277986180e-01,2.756219459617925693e-01,-9.999925670441952574e-01,-9.999980020089042076e-01,2.304902272144038200e-01,-9.999978017244904871e-01,-9.999998689164042442e-01,-9.995131955049514350e-01,-9.999996647583672127e-01,-9.945498754508391714e-01,-3.782662587459553194e-01,-9.999362349112262960e-01,-9.999922327250273524e-01,4.332476750519187458e-01,-9.975569167292239747e-01,-9.904539807779725313e-01,-9.453367730633112087e-01,-9.675011615290051159e-01,-9.924435266005154910e-01,-2.523383121973415966e-01,-8.421301947046369030e-01,-9.988980351883328668e-01,-9.602943928374952920e-01,-9.999999759863268389e-01,-9.999999558689670609e-01,-9.999581042068674819e-01,-9.999997314675016513e-01,-1.000000000000000000e+00,-9.999999995091363170e-01,-9.999999359203374238e-01,-9.999907739347223545e-01
-8.993828088749596938e-01,-9.999918866859179856e-01,-9.999851702969630995e-01,-9.997996867423106782e-01,-9.999999666127437070e-01,-1.000000000000000000e+00,-9.999999984125255148e-01,-9.999975312200216626e-01,-9.999205482640761700e-01,7.317993329440497519e-03,-9.998592132437043034e-01,-9.829611941085504290e-01,-9.840224031909661218e-01,-9.998821278701540693e-01,-9.983612577506475461e-01,-4.595294407859705776e-01,-9.983939566065525018e-01,-9.999765716313639974e-01,4.159195787974432346e-01,-9.999997632402535253e-01,-9.882915622484621521e-01,-9.999870565387952714e-01,-9.998411555375663617e-01,-9.778705835438697980e-01,-3.158716321092787105e-01,-9.142325794627188529e-01,-9.999640621224098469e-01,5.134317477449754641e-01,-9.999978489203691367e-01,-9.999985353339264638e-01,-9.999986127193390972e-01,-9.999931262308834334e-01,-8.711744684038320585e-01,9.111375425340439982e-02,-9.999999901399636570e-01,-9.961946080765119449e-01,5.697100431270025744e-01,-9.997770699443933040e-01,-9.999503336166973844e-01,-9.999999936306932513e-01,-9.999794135954225283e-01,-9.836875663428461536e-01,2.388499472834848536e-01,-9.999905636013998178e-01,-9.999974282727306374e-01,2.999028503360452458e-01,-9.999971343226717879e-01,-9.999998265260500174e-01,-9.994067505360830772e-01,-9.999995365839564609e-01,-9.931341268992772697e-01,-4.044625935617811585e-01,-9.999194254894971934e-01,-9.999899953553454957e-01,4.966800426016357850e-01,-9.970627381126927480e-01,-9.886688673453681853e-01,-9.376046503127754006e-01,-9.621288603854374344e-01,-9.904425923097213147e-01,-2.496065156296146670e-01,-8.240096483420676909e-01,-9.986375079008831257e-01,-9.540813433924146825e-01,-9.999999664869787530e-01,-9.999999397033281223e-01,-9.999467268999110425e-01,-9.999996377303737027e-01,-1.000000000000000000e+00,-9.999999992116318515e-01,-9.999999141612984088e-01,-9.999883313915950422e-01
-8.861274947123340961e-01,-9.999893940594808406e-01,-9.999806514960035697e-01,-9.997497660142206088e-01,-9.999999528701699614e-01,-1.000000000000000000e+00,-9.999999974868997166e-01,-9.999967548032514530e-01,-9.999002969472311486e-01,7.840641827890504345e-02,-9.998244919824468280e-01,-9.802060573504521868e-01,-9.812724330254295468e-01,-9.998533984877001624e-01,-9.978859109605123789e-01,-4.445766689816459394e-01,-9.980590956594779239e-01,-9.999700648291198757e-01,4.810951532029899003e-01,-9.999996781998080619e-01,-9.861059921025796537e-01,-9.999833573291198041e-01,-9.998034429354922814e-01,-9.730730641513333223e-01,-3.428202547139038714e-01,-9.034780130497024331e-01,-9.999543988237601377e-01,5.705681758753768928e-01,-9.999970127603849956e-01,-9.999980670436600105e-01,-9.999981247331570788e-01,-9.999909443973491463e-01,-8.514703092456867850e-01,6.612529895665586466e-02,-9.999999859990359452e-01,-9.955777501726587042e-01,6.222953106880630969e-01,-9.997252036500205996e-01,-9.999373834741606126e-01,-9.999999912350280296e-01,-9.999730485902087462e-01,-9.804279555024083548e-01,1.967591878952732465e-01,-9.999880706546162568e-01,-9.999967037547173865e-01,3.673347923691527850e-01,-9.999962811797130646e-01,-9.999997714171183771e-01,-9.992801988429359517e-01,-9.999993627872779678e-01,-9.914101679925725330e-01,-4.325725584223242270e-01,-9.998986551652013777e-01,-9.999871708694076933e-01,5.568051717829716196e-01,-9.964847836299053352e-01,-9.866138687236197802e-01,-9.291180058259219665e-01,-9.560776124116312502e-01,-9.879950575648940303e-01,-2.520509797195049639e-01,-8.047880021773692327e-01,-9.983234141880396040e-01,-9.471262332216987545e-01,-9.999999534584999017e-01,-9.999999180032742574e-01,-9.999325875378509698e-01,-9.999995136201385026e-01,-1.000000000000000000e+00,-9.999999987425339798e-01,-9.999998855123746200e-01,-9.999853030324403758e-01
-8.716349004251091603e-01,-9.999861974762642713e-01,-9.999748752236666816e-01,-9.996887904427221860e-01,-9.999999338063878529e-01,-1.000000000000000000e+00,-9.999999960478591632e-01,-9.999957529720557847e-01,-9.998754015092617964e-01,1.492438668370592580e-01,-9.997821353477678308e-01,-9.771020029577384136e-01,-9.781491962246621208e-01,-9.998184126538064431e-01,-9.972907105608260769e-01,-4.329834945267029278e-01,-9.976644108679549872e-01,-9.999619197209757004e-01,5.432107870228732871e-01,-9.999995646401184102e-01,-9.835883421428933682e-01,-9.999786935654646491e-01,-9.997577678139547563e-01,-9.674520668771965370e-01,-3.717055730260669932e-01,-8.918270296367933891e-01,-9.999423863981850014e-01,6.243032398361703095e-01,-9.999958752772176718e-01,-9.999974604002147549e-01,-9.999974773805854200e-01,-9.999881258764817815e-01,-8.298844099165474386e-01,3.775892047306594890e-02,-9.999999802167931495e-01,-9.948796948095544046e-01,6.709766969515396084e-01,-9.996626485462855038e-01,-9.999213938053104211e-01,-9.999999879896607213e-01,-9.999648868747164077e-01,-9.766716195059804706e-01,1.502881963662592302e-01,-9.999849785088609222e-01,-9.999957917854623846e-01,4.324865891305038623e-01,-9.999951945249965224e-01,-9.999997000166549466e-01,-9.991302376028400323e-01,-9.999991281966054135e-01,-9.893243675935577963e-01,-4.620662455889774645e-01,-9.998730843178441630e-01,-9.999836176634294693e-01,6.134578711338758428e-01,-9.958112259374276576e-01,-9.842569794599672628e-01,-9.198383092094362112e-01,-9.492867986324498020e-01,-9.850204227406398338e-01,-2.594157931219548407e-01,-7.844874804141610536e-01,-9.979461742294201132e-01,-9.393646954897161283e-01,-9.999999356631981140e-01,-9.999998889869360363e-01,-9.999150843840221015e-01,-9.999993499476579339e-01,-1.000000000000000000e+00,-9.999999980075705563e-01,-9.999998479218119574e-01,-9.999815599105323916e-01
-8.558350092208908411e-01,-9.999821133258558481e-01,-9.999675211792304896e-01,-9.996145811505080525e-01,-9.999999074780641095e-01,-1.000000000000000000e+00,-9.999999938244185094e-01,-9.999944649951506559e-01,-9.998448971679817499e-01,2.194363703909862906e-01,-9.997306390714030266e-01,-9.736161555808254819e-01,-9.746152440794422223e-01,-9.997759443578198013e-01,-9.965500690790946026e-01,-4.248380479155841050e-01,-9.972007764796975149e-01,-9.999517607496845040e-01,6.020232546010442221e-01,-9.999994135951564278e-01,-9.806991226753101198e-01,-9.999728345407177255e-01,-9.997026246184799181e-01,-9.609084617904197767e-01,-4.020318224701455723e-01,-8.792455304870431254e-01,-9.999275058886997192e-01,6.745462699612641000e-01,-9.999943358601958154e-01,-9.999966774487158983e-01,-9.999966222020394424e-01,-9.999844993141875360e-01,-8.064033577622936599e-01,6.556293100915100425e-03,-9.999999721773733530e-01,-9.940917281004474360e-01,7.157114062104863450e-01,-9.995874402429310024e-01,-9.999017190580742342e-01,-9.999999836088376837e-01,-9.999544647359465133e-01,-9.723708639109304164e-01,1.003269382272768961e-01,-9.999811548786933235e-01,-9.999946474180756439e-01,4.950694121525260893e-01,-9.999938152230598565e-01,-9.999996078087065587e-01,-9.989531005390817064e-01,-9.999988129287730176e-01,-9.868166447475353875e-01,-4.924629054598143041e-01,-9.998417141678602738e-01,-9.999791627269655203e-01,6.664888826443495784e-01,-9.950289211606272444e-01,-9.815636208553251141e-01,-9.097289679891804592e-01,-9.416934969484886953e-01,-9.814278621670580183e-01,-2.713822270417031168e-01,-7.631408241748379728e-01,-9.974947516235731504e-01,-9.307294765410210058e-01,-9.999999114529255495e-01,-9.999998503318334730e-01,-9.998934990566132885e-01,-9.999991349254989670e-01,-1.000000000000000000e+00,-9.999999968631589908e-01,-9.999997987612340156e-01,-9.999769469554214973e-01
-8.386583239815149637e-01,-9.999769138446523709e-01,-9.999581947634039736e-01,-9.995245821132433539e-01,-9.999998712726244632e-01,-1.000000000000000000e+00,-9.999999904096308345e-01,-9.999928149657496546e-01,-9.998076383725307270e-01,2.885831874141306930e-01,-9.996682357454822476e-01,-9.697139103293007656e-01,-9.706311302812743458e-01,-9.997245527069132942e-01,-9.956340635619872481e-01,-4.201754341459401632e-01,-9.966579212505867202e-01,-9.999391343626107265e-01,6.573063959442810855e-01,-9.999992134562666335e-01,-9.773957304073317420e-01,-9.999654990550878031e-01,-9.996362547777313257e-01,-9.533389917124361901e-01,-4.333460589374166227e-01,-8.657022367187368062e-01,-9.999091346498437671e-01,7.212187447285607345e-01,-9.999922629250259654e-01,-9.999956705729342588e-01,-9.999954970406152999e-01,-9.999798509506441224e-01,-7.810406275182444347e-01,-2.697907963729273551e-02,-9.999999610460591493e-01,-9.932044235818472400e-01,7.564694366113324797e-01,-9.994972953077030375e-01,-9.998775903294030432e-01,-9.999999777154890968e-01,-9.999412096891749924e-01,-9.674782812573822222e-01,4.771018530023041215e-02,-9.999764406428508501e-01,-9.999932157003337263e-01,5.548066452708397822e-01,-9.999920702865124911e-01,-9.999994891007488729e-01,-9.987445057301159723e-01,-9.999983910288574585e-01,-9.838202856133229091e-01,-5.233314896874774469e-01,-9.998033603764456823e-01,-9.999735952846663389e-01,7.157649306339548545e-01,-9.941233157521277564e-01,-9.784966098333257589e-01,-8.987559074237033707e-01,-9.332328261540224768e-01,-9.771157726618900918e-01,-2.875783819068152836e-01,-7.407917718243599570e-01,-9.969564775683755764e-01,-9.211506495981871545e-01,-9.999998786405022155e-01,-9.999997990205256038e-01,-9.998669769167526367e-01,-9.999988534835652088e-01,-1.000000000000000000e+00,-9.999999950918924130e-01,-9.999997346727568237e-01,-9.999712781319074484e-01
-8.200364841718024156e-01,-9.999703174096311598e-01,-9.999464116057603658e-01,-9.994158049592248849e-01,-9.999998216915468863e-01,-1.000000000000000000e+00,-9.999999851958988328e-01,-9.999907083066195135e-01,-9.997622688082836717e-01,3.562800862656092526e-01,-9.995928551111843419e-01,-9.653590243792030678e-01,-9.661555563195521890e-01,-9.996625490198103314e-01,-9.945079602337060232e-01,-4.189783319114001037e-01,-9.960243239720660835e-01,-9.999234945743343816e-01,7.088520440995524918e-01,-9.999989492446110795e-01,-9.736324378327375628e-01,-9.999563454180566691e-01,-9.995566099477684041e-01,-9.446376223619890045e-01,-4.652386987856692580e-01,-8.511692427637620462e-01,-9.998865279267452610e-01,7.642539384871442909e-01,-9.999894852118004218e-01,-9.999943802276086702e-01,-9.999940224659847887e-01,-9.999739150658821796e-01,-7.538394158411654278e-01,-6.238176730427447136e-02,-9.999999456957590072e-01,-9.922076119902285551e-01,7.932329490921314896e-01,-9.993895669271882776e-01,-9.998480945797555419e-01,-9.999999698135121351e-01,-9.999244176453799815e-01,-9.619477463800802930e-01,-6.787526773004981528e-03,-9.999706448852734297e-01,-9.999914296173758599e-01,6.114354030203821289e-01,-9.999898698954510223e-01,-9.999993367361343921e-01,-9.984995996930613460e-01,-9.999978287480286721e-01,-9.802618911808397284e-01,-5.542903297849914868e-01,-9.997566230187575620e-01,-9.999666592851917946e-01,7.611687411920400326e-01,-9.930783554372077937e-01,-9.750161585559206090e-01,-8.868881869748492797e-01,-9.238383643433170089e-01,-9.719714995108916789e-01,-3.075894551924609477e-01,-7.174954455755153671e-01,-9.963168619927615932e-01,-9.105558885431699334e-01,-9.999998343332430206e-01,-9.999997311449900783e-01,-9.998345047741763469e-01,-9.999984864182295263e-01,-1.000000000000000000e+00,-9.999999923664791845e-01,-9.999996513780183838e-01,-9.999643307938375081e-01
-7.999029464279635571e-01,-9.999619769176437689e-01,-9.999315792867793373e-01,-9.992847676213301167e-01,-9.999997540680614083e-01,-1.000000000000000000e+00,-9.999999772812103727e-01,-9.999880275437824650e-01,-9.997071871903617790e-01,4.221227624417440705e-01,-9.995020795575337846e-01,-9.605137418450631070e-01,-9.611455645440389883e-01,-9.995879597798638105e-01,-9.931317457633008772e-01,-4.211787439730023674e-01,-9.952871059853966029e-01,-9.999041862353570398e-01,7.564708775616613146e-01,-9.999986016980241255e-01,-9.693604260940571482e-01,-9.999449597048994942e-01,-9.994613109781752547e-01,-9.346972045477652813e-01,-4.973433693059601257e-01,-8.356225950302972327e-01,-9.998587976395785226e-01,8.035966000605458959e-01,-9.999857808935447290e-01,-9.999927321867589924e-01,-9.999920973468983121e-01,-9.999663625059389549e-01,-7.248750903037419757e-01,-9.922393718737210211e-02,-9.999999246102433403e-01,-9.910903539774823523e-01,8.259956852371879155e-01,-9.992611957555360691e-01,-9.998121509063481183e-01,-9.999999592520881775e-01,-9.999032259286103619e-01,-9.557355415807070598e-01,-6.245545162240839776e-02,-9.999635391200438761e-01,-9.999892076490518589e-01,6.647079914815314794e-01,-9.999871038372238896e-01,-9.999991417410653005e-01,-9.982128978615137926e-01,-9.999970823723840496e-01,-9.760614859088604378e-01,-5.850060723392132012e-01,-9.996998525822281545e-01,-9.999580445577659349e-01,8.025990433612784081e-01,-9.918763981094412818e-01,-9.710799099401914436e-01,-8.740986486607396078e-01,-9.134426459875163440e-01,-9.658712879459685485e-01,-3.309683215567378323e-01,-6.933186299237075190e-01,-9.955593922239935889e-01,-8.988708067519762812e-01,-9.999997747181588181e-01,-9.999996416595040571e-01,-9.997948856689471420e-01,-9.999980093381527491e-01,-1.000000000000000000e+00,-9.999999881970071947e-01,-9.999995434402902950e-01,-9.999558391176508465e-01
-7.781937279933721641e-01,-9.999514659243297077e-01,-9.999129758419889047e-01,-9.991274265298282220e-01,-9.999996622008892055e-01,-1.000000000000000000e+00,-9.999999653340310157e-01,-9.999846272136969638e-01,-9.996405084053182621e-01,4.857103641528408566e-01,-9.993930944826907581e-01,-9.551389550449186361e-01,-9.555567830018650843e-01,-9.994984850969497181e-01,-9.914596816079142005e-01,-4.266608167135974572e-01,-9.944319218512499559e-01,-9.998804257226571179e-01,7.999932021366780166e-01,-9.999981461290645690e-01,-9.645278680453647224e-01,-9.999308420144142895e-01,-9.993476022995094743e-01,-9.234114545175254873e-01,-5.293361622836896263e-01,-8.190428907676866599e-01,-9.998248880479324585e-01,8.392026698634049708e-01,-9.999808640194987053e-01,-9.999906342165988393e-01,-9.999895933918712121e-01,-9.999567869604518711e-01,-6.942571413430884686e-01,-1.371145600572409862e-01,-9.999998957572726610e-01,-9.898409165694569412e-01,8.547624403424647355e-01,-9.991086556764414706e-01,-9.997684835714085727e-01,-9.999999451798771144e-01,-9.998765815389288880e-01,-9.488015997680022684e-01,-1.186488123454514376e-01,-9.999548505866263648e-01,-9.999864508780637040e-01,7.143933108000151133e-01,-9.999836372680345198e-01,-9.999988928923868592e-01,-9.978782216675171624e-01,-9.999960954971398586e-01,-9.711328182268508247e-01,-6.151919905374537700e-01,-9.996311116388119089e-01,-9.999473764352692085e-01,8.399705606080780651e-01,-9.904981328081345904e-01,-9.666430143848966372e-01,-8.603645911962795045e-01,-9.019777410513829530e-01,-9.586805107759401867e-01,-3.572461296435733846e-01,-6.683399276206807293e-01,-9.946653201610301531e-01,-8.860193655300624416e-01,-9.999996947857516805e-01,-9.999995240694736776e-01,-9.997467104923182246e-01,-9.999973913628040778e-01,-1.000000000000000000e+00,-9.999999818542719687e-01,-9.999994039689594771e-01,-9.999454864879511184e-01
-7.548482108769787313e-01,-9.999382621731579546e-01,-9.998897245967858227e-01,-9.989391020979353497e-01,-9.999995378809725111e-01,-1.000000000000000000e+00,-9.999999473997606136e-01,-9.999803277479932806e-01,-9.995600195443404834e-01,5.466490968112316384e-01,-9.992626331909738591e-01,-9.491944050847400671e-01,-9.493437257381728278e-01,-9.993914523311071552e-01,-9.894399011771379815e-01,-4.352646197568069697e-01,-9.934428496029160671e-01,-9.998512787494815424e-01,8.392696644986787913e-01,-9.999975510021108516e-01,-9.590800683239870672e-01,-9.999133904487711444e-01,-9.992123014488121235e-01,-9.106772486217824536e-01,-5.609343816859591048e-01,-8.014158910161026661e-01,-9.997835479519026070e-01,8.710390403526180325e-01,-9.999743677350894089e-01,-9.999879720672606442e-01,-9.999863484452302664e-01,-9.999446886194155448e-01,-6.621305289257315430e-01,-1.756983522546101684e-01,-9.999998564228820275e-01,-9.884467542378240212e-01,8.795485949729053843e-01,-9.989278942367536551e-01,-9.997155914729884962e-01,-9.999999264863914661e-01,-9.998432040028621959e-01,-9.411108477401584071e-01,-1.747897376032181427e-01,-9.999442544901584462e-01,-9.999830395762564494e-01,7.602781967789009610e-01,-9.999793056843240269e-01,-9.999985761899264913e-01,-9.974886325406800980e-01,-9.999947956189103593e-01,-9.653838835632878590e-01,-6.446057875579143115e-01,-9.995481318445221808e-01,-9.999342036199438954e-01,8.732139983076818712e-01,-9.889225071778573462e-01,-9.616582530647640459e-01,-8.456684624491128677e-01,-8.893759183698077830e-01,-9.502542239261184687e-01,-3.859426413913593645e-01,-6.426497794227761240e-01,-9.936134393697277911e-01,-8.719243561012958166e-01,-9.999995879760763540e-01,-9.999993700408935648e-01,-9.996883262215472410e-01,-9.999965935213706025e-01,-1.000000000000000000e+00,-9.999999722589512086e-01,-9.999992242534334608e-01,-9.999328966941125607e-01
-7.298100031770533569e-01,-9.999217280983553335e-01,-9.998607648429701511e-01,-9.987143973355645521e-01,-9.999993702824198083e-01,-1.000000000000000000e+00,-9.999999206251062311e-01,-9.999749081568775066e-01,-9.994631303610551631e-01,6.045558734942100276e-01,-9.991069160316772280e-01,-9.426389243857582478e-01,-9.424601516649053767e-01,-9.992637645423532167e-01,-9.870140728290952570e-01,-4.467907537903403892e-01,-9.923022822885282368e-01,-9.998156349759856898e-01,8.741718972806058474e-01,-9.999967761668604460e-01,-9.529596671663361773e-01,-9.998918825104324837e-01,-9.990517434768397820e-01,-8.963972168494984682e-01,-5.918948730642021872e-01,-7.827331403913690977e-01,-9.997332990725574797e-01,8.990833618352662704e-01,-9.999658236299222569e-01,-9.999846046615531447e-01,-9.999821582889605320e-01,-9.999294547911224962e-01,-6.286763232870381524e-01,-2.146545051015775751e-01,-9.999998029957577472e-01,-9.868944955149876463e-01,9.003797054061928318e-01,-9.987142675550465531e-01,-9.996517137421809807e-01,-9.999999017271832269e-01,-9.998015421029535776e-01,-9.326346255638656713e-01,-2.303670899063928745e-01,-9.999313650495674777e-01,-9.999788291868021428e-01,8.021686968251930949e-01,-9.999739089771702005e-01,-9.999981742141199614e-01,-9.970363632540161225e-01,-9.999930898936024715e-01,-9.587176989615541212e-01,-6.730470010613146536e-01,-9.994482659332355468e-01,-9.999179840439603728e-01,9.022760300928045485e-01,-9.871266660723627684e-01,-9.560762130754663080e-01,-8.299985613389602168e-01,-8.755703941128751833e-01,-9.404381008497800787e-01,-4.165760680145115247e-01,-6.163503347885779249e-01,-9.923798540195892803e-01,-8.565079583259489482e-01,-9.999994457267566972e-01,-9.999991689117934124e-01,-9.996178005636383590e-01,-9.999955667901404555e-01,-1.000000000000000000e+00,-9.999999578223466301e-01,-9.999989933108799356e-01,-9.999176237831481906e-01
-7.030278524610571456e-01,-9.999010878360047316e-01,-9.998248178333815073e-01,-9.984471095328019130e-01,-9.999991451819119082e-01,-1.000000000000000000e+00,-9.999998808678574047e-01,-9.999680973071215506e-01,-9.993468176843518513e-01,6.590619748208268458e-01,-9.989215835323334014e-01,-9.354307233663785581e-01,-9.348594843427162626e-01,-9.991118434520873670e-01,-9.841171548020570814e-01,-4.610056368968397100e-01,-9.909908227981759632e-01,-9.997721790902236449e-01,9.045930930733994124e-01,-9.999957706733496599e-01,-9.461069144439828715e-01,-9.998654535855289183e-01,-9.988617200186057365e-01,-8.804826067631914555e-01,-6.220120173875325342e-01,-7.629925853385421952e-01,-9.996724002449967061e-01,9.233238929583929000e-01,-9.999546364668675524e-01,-9.999803583413505725e-01,-9.999767666594971960e-01,-9.999103370156607884e-01,-5.941115512493144735e-01,-2.536952480006195998e-01,-9.999997306877514980e-01,-9.851699361326533566e-01,9.172911506746606047e-01,-9.984624695668693484e-01,-9.995747911531291940e-01,-9.999998690286528991e-01,-9.997497237335702946e-01,-9.233521517231191300e-01,-2.849353256503831533e-01,-9.999157252041299682e-01,-9.999736456095655868e-01,8.398912732594603359e-01,-9.999672044271272764e-01,-9.999976653462205878e-01,-9.965127471758216116e-01,-9.999908598783131541e-01,-9.510333552136519542e-01,-7.003541100998473823e-01,-9.993284343962005600e-01,-9.998980684525974327e-01,9.271192830857231115e-01,-9.850859042121103970e-01,-9.498455194930423007e-01,-8.133497389261294952e-01,-8.604961645375931445e-01,-9.290697937074082757e-01,-4.486721904577506415e-01,-5.895551620914207813e-01,-9.909377421426516230e-01,-8.396923783566668797e-01,-9.999992568978021135e-01,-9.999989070830913596e-01,-9.995328828330686255e-01,-9.999942496954404847e-01,-1.000000000000000000e+00,-9.999999362188550789e-01,-9.999986973290869718e-01,-9.998991403999499816e-01
-6.744566044484012757e-01,-9.998754002259769846e-01,-9.997803475410822482e-01,-9.981301350853096777e-01,-9.999988439623755943e-01,-1.000000000000000000e+00,-9.999998221476654736e-01,-9.999595635631886026e-01,-9.992075633233306053e-01,7.098166781197388087e-01,-9.987016233412233657e-01,-9.275277229642923116e-01,-9.264952940806133741e-01,-9.989315666335316646e-01,-9.806772709160807011e-01,-4.776473071115927560e-01,-9.894871842704319187e-01,-9.997193580217618170e-01,9.304485023096948915e-01,-9.999944700794247687e-01,-9.384600199268325893e-01,-9.998330721586650149e-01,-9.986374128591778421e-01,-8.628563752362584660e-01,-6.511154661059254112e-01,-7.421991814225534778e-01,-9.995988070539085779e-01,9.437593926876159944e-01,-9.999400534408933172e-01,-9.999750200129955413e-01,-9.999698531426576276e-01,-9.998864241596389091e-01,-5.586881763643458676e-01,-2.925642867219622190e-01,-9.999996331730155452e-01,-9.832580397047006038e-01,9.303278315052245784e-01,-9.981664555415562523e-01,-9.994824230423506872e-01,-9.999998259672939760e-01,-9.996854980945780733e-01,-9.132519976370273573e-01,-3.381125261356353606e-01,-9.998967948169826814e-01,-9.999672796856835522e-01,8.732939247044535502e-01,-9.999588984801233149e-01,-9.999970228244264847e-01,-9.959081461291170445e-01,-9.999879550422209329e-01,-9.422273676065530124e-01,-7.264014367326494526e-01,-9.991850665758039707e-01,-9.998736814130451123e-01,9.477223193617905217e-01,-9.827736360270674654e-01,-9.429131290302414925e-01,-7.957240871167022833e-01,-8.440909203651604242e-01,-9.159807635242487311e-01,-4.817725894894008265e-01,-5.623887887791330087e-01,-9.892571163087576780e-01,-8.214005662842301936e-01,-9.999990070422032362e-01,-9.999985672616144017e-01,-9.994309609300107144e-01,-9.999925653966816874e-01,-1.000000000000000000e+00,-9.999999040628020364e-01,-9.999983189820639273e-01,-9.998768244317763898e-01
-6.440581985398595721e-01,-9.998435272344523561e-01,-9.997255156064701609e-01,-9.977553676908625935e-01,-9.999984423465765326e-01,-1.000000000000000000e+00,-9.999997358776037126e-01,-9.999489025306288470e-01,-9.990412850194192451e-01,7.564908124559752700e-01,-9.984412908734340286e-01,-9.188879340414501939e-01,-9.173218426361501310e-01,-9.987181986932810451e-01,-9.766157380297932900e-01,-4.964315717652303395e-01,-9.877680986733736734e-01,-9.996553439492245063e-01,9.516758478119715647e-01,-9.999927931452547991e-01,-9.299555850794558598e-01,-9.997935113817935093e-01,-9.983733218908188434e-01,-8.434564506285154861e-01,-6.790676876316505961e-01,-7.203654792491205328e-01,-9.995101265458448125e-01,9.603990483115663057e-01,-9.999211270078716129e-01,-9.999683290123508872e-01,-9.999610185592879841e-01,-9.998566109291909809e-01,-5.226911622972976179e-01,-3.310351534571135401e-01,-9.999995021238674564e-01,-9.811429470018731003e-01,9.395439143723507414e-01,-9.978193598946660803e-01,-9.993718194531265864e-01,-9.999997694169604490e-01,-9.996061694113653751e-01,-9.023335295828867064e-01,-3.895777355215712667e-01,-9.998739372023153216e-01,-9.999594807653559014e-01,9.022472140992328082e-01,-9.999486371273794694e-01,-9.999962136047318984e-01,-9.952118777136914618e-01,-9.999841847935064809e-01,-9.321953397134955521e-01,-7.510959249478836863e-01,-9.990140359537829085e-01,-9.998438994273861624e-01,9.640796085746228261e-01,-9.801613860042661663e-01,-9.352246894133033894e-01,-7.771316022077275898e-01,-8.262960380553603379e-01,-9.009986129530060950e-01,-5.154418501580846357e-01,-5.349860642649511000e-01,-9.873045854712831915e-01,-8.015570134814321568e-01,-9.999986774842068993e-01,-9.999981275225611199e-01,-9.993090143398315472e-01,-9.999904181499171818e-01,-1.000000000000000000e+00,-9.999998564521177524e-01,-9.999978365917168155e-01,-9.998499437597710982e-01
-6.118026900141788627e-01,-9.998040971736787963e-01,-9.996581298819885442e-01,-9.973135903309059414e-01,-9.999979087941487377e-01,-1.000000000000000000e+00,-9.999996097953725016e-01,-9.999356226096430822e-01,-9.988432600319392396e-01,7.987801932319480436e-01,-9.981340236532331156e-01,-9.094698839554354874e-01,-9.072946895012805602e-01,-9.984663162648428347e-01,-9.718472775696169741e-01,-5.170583324253605895e-01,-9.858082364501420392e-01,-9.995779927698873468e-01,9.682356469111836894e-01,-9.999906377907967769e-01,-9.205291207473252912e-01,-9.997453166006243785e-01,-9.980631874367695833e-01,-8.222390931922269885e-01,-7.057613884250437675e-01,-6.975121777644146537e-01,-9.994035666660194828e-01,9.732624320456937372e-01,-9.998966702142655372e-01,-9.999599674880049749e-01,-9.999497673991167845e-01,-9.998195611912449321e-01,-4.864355940733027239e-01,-3.689095003772043802e-01,-9.999993266161634198e-01,-9.788079948772344663e-01,9.450026121647072674e-01,-9.974134084264065780e-01,-9.992397482505325224e-01,-9.999996953562719781e-01,-9.995085213630037213e-01,-8.906082713360083947e-01,-4.390677360123088624e-01,-9.998464037918399772e-01,-9.999499492301179293e-01,9.266451899753329613e-01,-9.999359946940511445e-01,-9.999951969901532678e-01,-9.944121431089463226e-01,-9.999793087266258818e-01,-9.208339461214258836e-01,-7.743738695192222687e-01,-9.988105894820742403e-01,-9.998076258048141929e-01,9.762014845940072405e-01,-9.772188030018337246e-01,-9.267249678538476143e-01,-7.575908094585652730e-01,-8.070576410050406269e-01,-8.839499436003249722e-01,-5.492736456202932382e-01,-5.074913411591106538e-01,-9.850431224340101544e-01,-7.800886278338929891e-01,-9.999982441586893200e-01,-9.999975601522692603e-01,-9.991635631431028397e-01,-9.999876890364526316e-01,-1.000000000000000000e+00,-9.999997863277725330e-01,-9.999972231039321313e-01,-9.998176389066734115e-01
-5.776692870124802148e-01,-9.997554620437000272e-01,-9.995755859825736778e-01,-9.967943616641510296e-01,-9.999972024811769611e-01,-1.000000000000000000e+00,-9.999994264856038040e-01,-9.999191280339947419e-01,-9.986080409899962262e-01,8.364088878902335988e-01,-9.977723494644479274e-01,-8.992330897098418374e-01,-8.963713572978513344e-01,-9.981697267095331894e-01,-9.662804437123581058e-01,-5.392179177490765696e-01,-9.835801403998701842e-01,-9.994847977156612329e-01,9.801114305951856842e-01,-9.999878761709137809e-01,-9.101156538807013696e-01,-9.996867684272869869e-01,-9.976999070123886426e-01,-7.991822672462309818e-01,-7.311168647308892155e-01,-6.736686330079248997e-01,-9.992758800920457096e-01,9.823794771987659491e-01,-9.998652033525714522e-01,-9.999495490778459450e-01,-9.999354868011227637e-01,-9.997736654493335484e-01,-4.502628604094149889e-01,-4.060153637971941620e-01,-9.999990923704835666e-01,-9.762357458951729239e-01,9.467759916525995134e-01,-9.969398252406321825e-01,-9.990824769947046491e-01,-9.999995986264847980e-01,-9.993887314145510903e-01,-8.781011372877056687e-01,-4.863733831151144660e-01,-9.998133167460352411e-01,-9.999383278275502107e-01,9.464061861060053538e-01,-9.999204608226988089e-01,-9.999939229861516399e-01,-9.934959565463175046e-01,-9.999730247466694921e-01,-9.080432296031625272e-01,-7.961976574818178110e-01,-9.985692708906317439e-01,-9.997635619263973705e-01,9.841140773357237581e-01,-9.739137020766052144e-01,-9.173583510440949107e-01,-7.371293340580464815e-01,-7.863277213166954827e-01,-8.646637450619236720e-01,-5.828956450026867575e-01,-4.800574737186246166e-01,-9.824318421109268229e-01,-7.569256833680946261e-01,-9.999976761549236315e-01,-9.999968302246841079e-01,-9.989906131092121111e-01,-9.999842308234134780e-01,-1.000000000000000000e+00,-9.999996835798826700e-01,-9.999964448416170937e-01,-9.997789033571065076e-01
-5.416473888015945759e-01,-9.996956482717783699e-01,-9.994748012637582057e-01,-9.961858977008695160e-01,-9.999962707644679538e-01,-1.000000000000000000e+00,-9.999991613490599729e-01,-9.998986990367215721e-01,-9.983293637076954274e-01,8.691322629227467012e-01,-9.973477885610677607e-01,-8.881385761218788533e-01,-8.845120522019120912e-01,-9.978213805116730173e-01,-9.598182997476021328e-01,-5.625972649635953005e-01,-9.810541772218001055e-01,-9.993728378271856672e-01,9.873098482105799878e-01,-9.999843486989746788e-01,-8.986504249711120274e-01,-9.996158409390665245e-01,-9.972754467069306905e-01,-7.742889257357544741e-01,-7.550793339398912396e-01,-6.488733099284413885e-01,-9.991233021744893028e-01,9.877904636423859852e-01,-9.998248906699835903e-01,-9.999366056300845740e-01,-9.999174215161125145e-01,-9.997169917820568630e-01,-4.145359314808121365e-01,-4.422054217028249523e-01,-9.999987807876294932e-01,-9.734080296909485286e-01,9.449447970475282066e-01,-9.963887347417151874e-01,-9.988957094157001615e-01,-9.999994726280151403e-01,-9.992422742895609167e-01,-8.648514837554799328e-01,-5.313356150452197557e-01,-9.997736493070472630e-01,-9.999241916626175897e-01,9.614734836068246082e-01,-9.999014254191711526e-01,-9.999923303335063185e-01,-9.924490778152623705e-01,-9.999649546751273599e-01,-8.937291961600376533e-01,-8.165525752482061250e-01,-9.982838380124379185e-01,-9.997101745166232512e-01,9.878592097496396995e-01,-9.702121373896273049e-01,-9.070694179570637505e-01,-7.157844033137679141e-01,-7.640653103171235472e-01,-8.429753049448167612e-01,-6.159732277862073335e-01,-4.528446360498726841e-01,-9.794257964808856798e-01,-7.320028389730397489e-01,-9.999969338960302823e-01,-9.999958938562886201e-01,-9.987855970469210476e-01,-9.999798618037486486e-01,-1.000000000000000000e+00,-9.999995338076929086e-01,-9.999954599905636066e-01,-9.997325613153484891e-01
-5.037376102983122106e-01,-9.996223000812027859e-01,-9.993521406818359765e-01,-9.954749498959403198e-01,-9.999950460127776664e-01,-1.000000000000000000e+00,-9.999987798285296936e-01,-9.998734687499938323e-01,-9.980000467434185785e-01,8.967397621132491281e-01,-9.968507503532670899e-01,-8.761494363802030394e-01,-8.716804335950296689e-01,-9.974132774649479005e-01,-9.523593715397355997e-01,-5.868858035238050386e-01,-9.781985103730810316e-01,-9.992387210380857532e-01,9.898606458773242522e-01,-9.999798568230973128e-01,-8.860696761429667223e-01,-9.995301545816028810e-01,-9.967807474996417394e-01,-7.475900970055060490e-01,-7.776162877050774025e-01,-6.231741646540324142e-01,-9.989414827463058977e-01,9.895460015087746974e-01,-9.997734657756810472e-01,-9.999205716952646039e-01,-9.998946442221001707e-01,-9.996472295222496030e-01,-3.796337990327406375e-01,-4.773552634131287276e-01,-9.999983677275712246e-01,-9.703059970405729651e-01,9.395982784709187019e-01,-9.957490592679316688e-01,-9.986745164043561163e-01,-9.999993089412348990e-01,-9.990638138900218568e-01,-8.509139259542516376e-01,-5.738412407045949681e-01,-9.997262036834934085e-01,-9.999070366758235906e-01,9.718158191125287892e-01,-9.998781613104812394e-01,-9.999903441625549450e-01,-9.912559493432625546e-01,-9.999546268843731989e-01,-8.778066778351401034e-01,-8.354437251867212755e-01,-9.979471742929846290e-01,-9.996456585206588974e-01,9.874942492116816073e-01,-9.660785096917620107e-01,-8.958035853904142698e-01,-6.936032646685122982e-01,-7.402376835157153945e-01,-8.187306085079837370e-01,-6.482120221512412961e-01,-4.260189665698270733e-01,-9.759757928597506682e-01,-7.052602189931247434e-01,-9.999959668712304905e-01,-9.999946960743226754e-01,-9.985433127025834521e-01,-9.999743584419515940e-01,-1.000000000000000000e+00,-9.999993166096655672e-01,-9.999942167663306014e-01,-9.996772426558111491e-01
-4.639527764984840985e-01,-9.995326146845382453e-01,-9.992033340453123635e-01,-9.946466810940962633e-01,-9.999934416641895751e-01,-1.000000000000000000e+00,-9.999982336423828277e-01,-9.998423964127697294e-01,-9.976118825893037778e-01,9.190573668571755395e-01,-9.962704251698314417e-01,-8.632314312266999856e-01,-8.578444253386089402e-01,-9.969363668760593544e-01,-9.437989026494671974e-01,-6.117809111431813385e-01,-9.749790980679223784e-01,-9.990785216765657450e-01,9.878165070170734641e-01,-9.999741543297052671e-01,-8.723115278643500670e-01,-9.994269233627267601e-01,-9.962056269724396396e-01,-7.191476557606599762e-01,-7.987149024423186860e-01,-5.966289446646599881e-01,-9.987254116319886910e-01,9.877070016424382981e-01,-9.997081443334668860e-01,-9.999007664913881488e-01,-9.998660204968193854e-01,-9.995616249359284833e-01,-3.459451784791044426e-01,-5.113616865705331582e-01,-9.999978219698303361e-01,-9.669101875507013499e-01,9.308340140872755075e-01,-9.950084130997236542e-01,-9.984132615212749640e-01,-9.999990968541049297e-01,-9.988470830787204990e-01,-8.363588699041588637e-01,-6.138186005014475422e-01,-9.996695862533344634e-01,-9.998862664243369780e-01,9.774277228421015540e-01,-9.998498043473676988e-01,-9.999878732045510699e-01,-9.898996395640494717e-01,-9.999414554470495986e-01,-8.602024186089428648e-01,-8.528930868890779449e-01,-9.975511948007630414e-01,-9.995678951759444653e-01,9.830919023510036325e-01,-9.614757117398430308e-01,-8.835078246638055077e-01,-6.706435042925282808e-01,-7.148215832462216923e-01,-7.917911735944574980e-01,-6.793593159508979351e-01,-3.997510494216927057e-01,-9.720282428023798715e-01,-6.766445464828734213e-01,-9.999947108214057856e-01,-9.999931682217712003e-01,-9.982578576315225272e-01,-9.999674466289195651e-01,-1.000000000000000000e+00,-9.999990032397677586e-01,-9.999926512015829827e-01,-9.996113548141483118e-01
-4.223188693384565262e-01,-9.994232684699525526e-01,-9.990233842477614923e-01,-9.936845410793601063e-01,-9.999913473422603616e-01,-1.000000000000000000e+00,-9.999974557021379384e-01,-9.998042364276235050e-01,-9.971555205059987603e-01,9.359496916234233410e-01,-9.955946719063757389e-01,-8.493536218036787933e-01,-8.429770592261320861e-01,-9.963804421611425211e-01,-9.340304294120093109e-01,-6.369928321413198535e-01,-9.713597203658219659e-01,-9.988877122631983907e-01,9.812527442519538567e-01,-9.999669369167571986e-01,-8.573169400400741935e-01,-9.993028959420180435e-01,-9.955386770481919889e-01,-6.890566560482891401e-01,-8.183795367671288234e-01,-5.693053946760007200e-01,-9.984693377743824039e-01,9.823446213417199591e-01,-9.996255226007475514e-01,-9.998763730207194111e-01,-9.998301676860152920e-01,-9.994569081555612078e-01,-3.138616041247314081e-01,-5.441410334952765382e-01,-9.999971032800754056e-01,-9.632006117840389292e-01,9.187577149870052029e-01,-9.941529937784757687e-01,-9.981055211317196862e-01,-9.999988227755859382e-01,-9.985847508889655888e-01,-8.212727125875655121e-01,-6.512331839005820466e-01,-9.996021798700703842e-01,-9.998611769685188388e-01,9.783296712252405047e-01,-9.998153306691167641e-01,-9.999848064868760433e-01,-9.883617944548100942e-01,-9.999247152220557266e-01,-8.408583235407461887e-01,-8.689367504488508809e-01,-9.970867472274437260e-01,-9.994744048627892674e-01,9.747399426314193871e-01,-9.563653147431546708e-01,-8.701314461829671165e-01,-6.469732515441171117e-01,-6.878044399107552387e-01,-7.620392419336348144e-01,-7.092044158245939256e-01,-3.742142478360197533e-01,-9.675250495811721363e-01,-6.461103179017753106e-01,-9.999930842590939450e-01,-9.999912248097111434e-01,-9.979225616201102822e-01,-9.999587913249939897e-01,-1.000000000000000000e+00,-9.999985534144539834e-01,-9.999906844833662545e-01,-9.995330513626311530e-01
-3.788759086696762424e-01,-9.992903333362455065e-01,-9.988064661829791913e-01,-9.925701438182774616e-01,-9.999886228331937854e-01,-1.000000000000000000e+00,-9.999963532966394952e-01,-9.997575027784444401e-01,-9.966203411718700389e-01,9.473216712070899881e-01,-9.948099025989444177e-01,-8.344890299875733497e-01,-8.270573393370124204e-01,-9.957340303801777148e-01,-9.229476860255229065e-01,-6.622489700990368267e-01,-9.673020393477338441e-01,-9.986610895737361160e-01,9.702668333821875546e-01,-9.999578297440070429e-01,-8.410307508608229066e-01,-9.991542902532305481e-01,-9.947671585680125661e-01,-6.574471043517118307e-01,-8.366293398149152738e-01,-5.412813567229857181e-01,-9.981666820042530697e-01,9.735401743291469678e-01,-9.995214603929295505e-01,-9.998464139949334584e-01,-9.997854068432544539e-01,-9.993292106358481197e-01,-2.837700774450800933e-01,-5.756275762146020325e-01,-9.999961599921740607e-01,-9.591568485168114888e-01,9.034830025947608867e-01,-9.931674718849440309e-01,-9.977439993987822220e-01,-9.999984695094870091e-01,-9.982682769242254839e-01,-8.057576700231878775e-01,-6.860832772413607561e-01,-9.995221130604701187e-01,-9.998309396531761539e-01,9.745680403028456062e-01,-9.997735308356930917e-01,-9.999810094289556250e-01,-9.866225992774414477e-01,-9.999035122321368041e-01,-8.197347962282574008e-01,-8.836223419092980036e-01,-9.965435085615782507e-01,-9.993622943225768385e-01,9.625408607740337796e-01,-9.507077985827462330e-01,-8.556269467448377464e-01,-6.226712555592721632e-01,-6.591855706209159838e-01,-7.293832225415786130e-01,-7.375780519672827662e-01,-3.495829087010623448e-01,-9.624035427401446130e-01,-6.136210060373226138e-01,-9.999909841816090328e-01,-9.999887597130850958e-01,-9.975299174046793338e-01,-9.999479843446107408e-01,-1.000000000000000000e+00,-9.999979109890957396e-01,-9.999882197585453492e-01,-9.994401970128669044e-01
-3.336787484950378690e-01,-9.991291823361541091e-01,-9.985458161876393790e-01,-9.912831488378682776e-01,-9.999850906919615090e-01,-1.000000000000000000e+00,-9.999947990087280081e-01,-9.997004282950653353e-01,-9.959943234964330205e-01,9.531198013760715515e-01,-9.939009652130080807e-01,-8.186153188102370803e-01,-8.100711142487073690e-01,-9.949842774447034133e-01,-9.104468394911002793e-01,-6.872974903107055278e-01,-9.627656963497290832e-01,-9.983926950455216387e-01,9.549777821558165236e-01,-9.999463726302013633e-01,-8.234027842495122984e-01,-9.989767213440194915e-01,-9.938768937220502364e-01,-6.244850561088183261e-01,-8.534959892819771188e-01,-5.126447539408036658e-01,-9.978099436062747296e-01,9.613849946564223536e-01,-9.993909471264171840e-01,-9.998097242060774992e-01,-9.997297068595828451e-01,-9.991739724361081709e-01,-2.560454529972794324e-01,-6.057719571683112258e-01,-9.999949259968020643e-01,-9.547581576808358284e-01,8.851311493902502825e-01,-9.920348806541813280e-01,-9.973204385113707549e-01,-9.999980153583830633e-01,-9.978877529606259289e-01,-7.899312015789117236e-01,-7.183957052160856449e-01,-9.994272259095824396e-01,-9.997945815608417774e-01,9.662148483073607075e-01,-9.997229805231753197e-01,-9.999763192449711013e-01,-9.846607526955609702e-01,-9.998767486206728838e-01,-7.968140753386723230e-01,-8.970066546372357230e-01,-9.959098783373262487e-01,-9.992281978456410974e-01,9.466114293177785299e-01,-9.444628280766342865e-01,-8.399509125104911433e-01,-5.978268216365023591e-01,-6.289773321912046633e-01,-6.937632579049188841e-01,-7.643509429695934942e-01,-3.260304617182254727e-01,-9.565964686648431581e-01,-5.791502760281730389e-01,-9.999882808101394627e-01,-9.999856415897107054e-01,-9.970715106171349484e-01,-9.999345300094945044e-01,-1.000000000000000000e+00,-9.999969981395711027e-01,-9.999851383129964022e-01,-9.993303287928665402e-01
-2.867977694366417030e-01,-9.989343838123273533e-01,-9.982336120379827760e-01,-9.898011495374893221e-01,-9.999805272068092998e-01,-1.000000000000000000e+00,-9.999926186864213085e-01,-9.996309182309170982e-01,-9.952639041557301836e-01,9.533329007863946547e-01,-9.928510262061309710e-01,-8.017154843806043596e-01,-7.920119424192391122e-01,-9.941168299439056000e-01,-8.964290421834995026e-01,-7.119101916038806932e-01,-9.577084501029344832e-01,-9.980757297369052816e-01,9.355253290364797802e-01,-9.999320025276047241e-01,-8.043890141250256143e-01,-9.987651221820739167e-01,-9.928521575643486363e-01,-5.903729295149493517e-01,-8.690215734134341119e-01,-4.834934488793392049e-01,-9.973906009862332223e-01,9.459802453427850200e-01,-9.992279497367507757e-01,-9.997649189654760349e-01,-9.996606198527243636e-01,-9.989858386958615499e-01,-2.310427656534376206e-01,-6.345396906766953560e-01,-9.999933170066706012e-01,-9.499836093739109089e-01,8.638307750126452689e-01,-9.907365070430560472e-01,-9.968255246876448483e-01,-9.999974330213514673e-01,-9.974317320729662040e-01,-7.739250096577180438e-01,-7.482217196087186384e-01,-9.993150324416819608e-01,-9.997509634038976856e-01,9.533672786234850260e-01,-9.996620074739576145e-01,-9.999705395478422076e-01,-9.824534555521219348e-01,-9.998430814091960883e-01,-7.721034682044678465e-01,-9.091534947356937346e-01,-9.951728695987114293e-01,-9.990682120556041435e-01,9.270821742140011867e-01,-9.375895769791594558e-01,-8.230649685570251561e-01,-5.725395969242212946e-01,-5.972062039667285216e-01,-6.551567601218724057e-01,-7.894316468710107504e-01,-3.037274403268858114e-01,-9.500320464087079753e-01,-5.426831975716068790e-01,-9.999848111581621790e-01,-9.999817083842882370e-01,-9.965379500839194327e-01,-9.999178283704626136e-01,-1.000000000000000000e+00,-9.999957075808080242e-01,-9.999812950160167357e-01,-9.992006131547017667e-01
-2.383194486111487320e-01,-9.986995832602405532e-01,-9.978608437483833526e-01,-9.880995715908853505e-01,-9.999746514089479232e-01,-1.000000000000000000e+00,-9.999895756151163662e-01,-9.995464976074165397e-01,-9.944138306430735375e-01,9.479923695222811642e-01,-9.916414547054025475e-01,-7.837785495964164628e-01,-7.728819345911198679e-01,-9.931157147624184445e-01,-8.808032761590416371e-01,-7.358846309029423161e-01,-9.520863594063635471e-01,-9.977024642019038936e-01,9.120689700713677794e-01,-9.999140328632282193e-01,-7.839527710589183629e-01,-9.985136572608797056e-01,-9.916755700712660548e-01,-5.553489464940752907e-01,-8.832566270413917398e-01,-4.539349688438104602e-01,-9.968990069186789427e-01,9.274366639183075911e-01,-9.990252414949676307e-01,-9.997103582226000151e-01,-9.995752068494785370e-01,-9.987585447638190894e-01,-2.090897152484604282e-01,-6.619097287013042674e-01,-9.999912259442271800e-01,-9.448122291294172026e-01,8.397174913242775318e-01,-9.892517861138553359e-01,-9.962487906782888647e-01,-9.999966882424358161e-01,-9.968870459735235112e-01,-7.578836065987346604e-01,-7.756330795568406877e-01,-9.991826793248758110e-01,-9.996987546139896041e-01,9.361469776485842331e-01,-9.995886543942846814e-01,-9.999634340365299856e-01,-9.799764166761061324e-01,-9.998008742149503414e-01,-7.456383690994795588e-01,-9.201317437006381050e-01,-9.943179989781982808e-01,-9.988778239548020688e-01,9.040967482764596941e-01,-9.300471007024124770e-01,-8.049367638838715866e-01,-5.469191971793484486e-01,-5.639137749395581878e-01,-6.135837435221199732e-01,-8.127638312317884139e-01,-2.828394549454975593e-01,-9.426340981452162593e-01,-5.042174347958490177e-01,-9.999803711990136179e-01,-9.999767607593037511e-01,-9.959187998119075624e-01,-9.998971556712927811e-01,-1.000000000000000000e+00,-9.999938922252631368e-01,-9.999765129057487378e-01,-9.990477987844067487e-01
-1.883467887043916988e-01,-9.984173722316750377e-01,-9.974171756833443148e-01,-9.861515849411121026e-01,-9.999671117675399401e-01,-1.000000000000000000e+00,-9.999853498255467654e-01,-9.994442517760921962e-01,-9.934270088917159791e-01,9.371719281437562721e-01,-9.902517104338685039e-01,-7.648002489126747294e-01,-7.526925558511168290e-01,-9.919632179080295487e-01,-8.634894483901193185e-01,-7.590455066386354588e-01,-9.458540136270945364e-01,-9.972641438176480522e-01,8.847868151614419752e-01,-9.998916292943790252e-01,-7.620659743055593349e-01,-9.982156289439488850e-01,-9.903279904417544577e-01,-5.196856320960687725e-01,-8.962583281219804743e-01,-4.240860927088163645e-01,-9.963242790522340853e-01,9.058742386443809913e-01,-9.987742110691419928e-01,-9.996441059725598155e-01,-9.994699527759948188e-01,-9.984847895698248932e-01,-1.904795294803569572e-01,-6.878730931939374127e-01,-9.999885172700562208e-01,-9.392231594205064926e-01,8.129334916779400455e-01,-9.875582008488754671e-01,-9.955785156967205118e-01,-9.999957381588242544e-01,-9.962386116847854467e-01,-7.419624548495407090e-01,-8.007183587947133141e-01,-9.990269007531614731e-01,-9.996364053815512962e-01,9.146991258160874771e-01,-9.995006374996846521e-01,-9.999547191355545595e-01,-9.772038781347163194e-01,-9.997481410325783635e-01,-7.174849426341026737e-01,-9.300136373228535813e-01,-9.933291775630554987e-01,-9.986518319482339257e-01,8.778112034862659563e-01,-9.217947579347305354e-01,-7.855409787467952931e-01,-5.210846690158790206e-01,-5.291576090982162972e-01,-5.691117638741891582e-01,-8.343230969021835364e-01,-2.635251518573440421e-01,-9.343222635419532462e-01,-4.637643939136909532e-01,-9.999747063647534961e-01,-9.999705542730608077e-01,-9.952025142081106779e-01,-9.998716417025663716e-01,-1.000000000000000000e+00,-9.999913515262603969e-01,-9.999705767741439155e-01,-9.988681649082591374e-01
-1.369995890753469281e-01,-9.980791437057857651e-01,-9.968908008020852529e-01,-9.839280332159314746e-01,-9.999574701596555260e-01,-1.000000000000000000e+00,-9.999795112196451230e-01,-9.993207596587722064e-01,-9.922843468156347102e-01,9.209868304845101328e-01,-9.886592378184597685e-01,-7.447836925456770008e-01,-7.314653690678805109e-01,-9.906397642263657932e-01,-8.444216804497123308e-01,-7.812453280200024608e-01,-9.389648138734492111e-01,-9.967508902999171472e-01,8.538742784293538168e-01,-9.998637813846620315e-01,-7.387103697200265717e-01,-9.978633766152463780e-01,-9.887884155828767785e-01,-4.836873298910400187e-01,-9.080888580076831307e-01,-3.940722958739759640e-01,-9.956541865709137573e-01,8.814218109558844549e-01,-9.984646516130196714e-01,-9.995638845659683414e-01,-9.993406697736620936e-01,-9.981560969988623189e-01,-1.754644223734963537e-01,-7.124315763713962024e-01,-9.999850200389520660e-01,-9.331958371380086881e-01,7.836270814070256385e-01,-9.856311897614548068e-01,-9.948016239235569769e-01,-9.999945292886082138e-01,-9.954692291630783396e-01,-7.263257016838244873e-01,-8.235795071161662317e-01,-9.988439693936125297e-01,-9.995621153960718708e-01,8.891912840981768262e-01,-9.993953004250810679e-01,-9.999440554418369542e-01,-9.741086623536856504e-01,-9.996824811395068622e-01,-6.877423494975961615e-01,-9.388732562939192672e-01,-9.921886045101222518e-01,-9.983842596331535812e-01,8.483931615037676455e-01,-9.127926804123275284e-01,-7.648603392826702763e-01,-4.951637850549444053e-01,-4.930119630252631779e-01,-5.218602634683815467e-01,-8.541134876636993223e-01,-2.459341931470806486e-01,-9.250123070489318922e-01,-4.213503077025766430e-01,-9.999675000663614810e-01,-9.999627901016886478e-01,-9.943763782951129393e-01,-9.998402436698857754e-01,-1.000000000000000000e+00,-9.999878135592086270e-01,-9.999632255910848588e-01,-9.986574649200572473e-01
-8.441454318433894155e-02,-9.976749335067960356e-01,-9.962682882068372159e-01,-9.813973846827536152e-01,-9.999451826512145702e-01,-1.000000000000000000e+00,-9.999714848989720295e-01,-9.991720191500494952e-01,-9.909645954288484049e-01,8.995925533821915732e-01,-9.868393690090763171e-01,-7.237399977732259515e-01,-7.092327008767478347e-01,-9.891237999491704347e-01,-8.235517203703136557e-01,-8.023644156670983740e-01,-9.313713071169467117e-01,-9.961516003615455972e-01,8.195426108505188267e-01,-9.998292696665815882e-01,-7.138787518249180009e-01,-9.974481688573320071e-01,-9.870338849709398010e-01,-4.476867214753709190e-01,-9.188139258931260489e-01,-3.640270524758022486e-01,-9.948750341531281682e-01,8.542166015547725255e-01,-9.980845302222451920e-01,-9.994670235503002598e-01,-9.991823878889942723e-01,-9.977626652402987739e-01,-1.642498535725622766e-01,-7.355965095285885713e-01,-9.999805194355961824e-01,-9.267101865266574867e-01,7.519521483812958706e-01,-9.834440649129819745e-01,-9.939035829682981715e-01,-9.999929950875496854e-01,-9.945593720485881306e-01,-7.111435453607291013e-01,-8.443286857002778589e-01,-9.986296433288672780e-01,-9.994737990397634109e-01,8.598120225376857384e-01,-9.992695632422020635e-01,-9.999310378197284743e-01,-9.706622434868806826e-01,-9.996010041551791625e-01,-6.565443931904775265e-01,-9.467852210493985510e-01,-9.908766656643126503e-01,-9.980682622298014950e-01,8.160208841843943350e-01,-9.030022890854093598e-01,-7.428866226315891108e-01,-4.692921726625789436e-01,-4.555683304584798865e-01,-4.720041173823712466e-01,-8.721638115663734592e-01,-2.302052943643534411e-01,-9.146165265327425020e-01,-3.770172351273453071e-01,-9.999583598787337158e-01,-9.999531040770165413e-01,-9.934264548954307994e-01,-9.998017161805603514e-01,-1.000000000000000000e+00,-9.999829116633235371e-01,-9.999541435867654871e-01,-9.984108651933960576e-01
-3.074514852378829044e-02,-9.971932475424589715e-01,-9.955344255613762794e-01,-9.785257091072526725e-01,-9.999295765688706039e-01,-1.000000000000000000e+00,-9.999605067347093756e-01,-9.989933642073833830e-01,-9.894441895398051745e-01,8.731829767577854451e-01,-9.847652388273618884e-01,-7.016888744754197216e-01,-6.860382112373124563e-01,-9.873916802988115249e-01,-8.008523891909563597e-01,-8.223102946589643247e-01,-9.230255748461706489e-01,-9.954538427082645358e-01,7.820172867415193796e-01,-9.997866275199798203e-01,-6.875761463330162249e-01,-9.969600890585817998e-01,-9.850393943224624582e-01,-4.120403719829720535e-01,-9.285014554591926039e-01,-3.340909965925471514e-01,-9.939715446336493399e-01,8.244036595241619469e-01,-9.976197387913318115e-01,-9.993504026995140288e-01,-9.989892322501231492e-01,-9.972932043479160180e-01,-1.569897733447043198e-01,-7.573876004668376183e-01,-9.999747465029057425e-01,-9.197468267944660658e-01,7.180675742877504764e-01,-9.809679431767315272e-01,-9.928683039193358928e-01,-9.999910529923973224e-01,-9.934869743348370141e-01,-6.965892849774393270e-01,-8.630853889957044167e-01,-9.983791089769959992e-01,-9.993690467943571187e-01,8.267693416380803573e-01,-9.991198663638269917e-01,-9.999151839705824329e-01,-9.668348453218316152e-01,-9.995002442749719718e-01,-6.240604729343397494e-01,-9.538235810249634516e-01,-9.893718397325036440e-01,-9.976960256375964065e-01,7.808822483515140966e-01,-8.923868538236956471e-01,-7.196216342231486207e-01,-4.436122804443120016e-01,-4.169357898960994735e-01,-4.197761801500109469e-01,-8.885238902062077004e-01,-2.164643569729562955e-01,-9.030442708480093117e-01,-3.308239540792534683e-01,-9.999468009829147741e-01,-9.999410537859132475e-01,-9.923375409590976526e-01,-9.997545769371007918e-01,-1.000000000000000000e+00,-9.999761541931883047e-01,-9.999429497893370655e-01,-9.981228789921567923e-01
2.383858248730597040e-02,-9.966208748797991124e-01,-9.946720583827262097e-01,-9.752766850647305308e-01,-9.999098232854579660e-01,-1.000000000000000000e+00,-9.999455668225586402e-01,-9.987793732154280901e-01,-9.876970903715878158e-01,8.419880776863821747e-01,-9.824077149361599703e-01,-6.786591517757462055e-01,-6.619373478953247680e-01,-9.854175646491959428e-01,-7.763209608842081000e-01,-8.410165533335993704e-01,-9.138796770215850129e-01,-9.946437548243330928e-01,7.415362589724487918e-01,-9.997340972635296863e-01,-6.598209278624332930e-01,-9.963879150575161159e-01,-9.827778207440951430e-01,-3.771233592563667525e-01,-9.372204296837457482e-01,-3.044109469188707173e-01,-9.929267420550672574e-01,7.921352357679858347e-01,-9.970538281385105117e-01,-9.992103889306870323e-01,-9.987542859466684853e-01,-9.967347625600863070e-01,-1.537830100170775038e-01,-7.778318392266549974e-01,-9.999673657334646748e-01,-9.122872933285999242e-01,6.821365890536401633e-01,-9.781716938009822337e-01,-9.916780448703199635e-01,-9.999886008548468652e-01,-9.922272164209171574e-01,-6.828361206435777930e-01,-8.799738595772138572e-01,-9.980869200327916468e-01,-9.992450826337607728e-01,7.902889016278600298e-01,-9.989421091638732708e-01,-9.998959212887115200e-01,-9.625955678552994277e-01,-9.993760627160563903e-01,-5.904957399186782085e-01,-9.600608866637672101e-01,-9.876506148553355624e-01,-9.972586582319125093e-01,7.431736314674486366e-01,-8.809120926459489409e-01,-6.950781376334067563e-01,-4.182721902718531393e-01,-3.772411333722953675e-01,-3.654686446382002796e-01,-9.032608400525192760e-01,-2.048227320856825795e-01,-8.902025728006441874e-01,-2.828467252855401126e-01,-9.999322264026939688e-01,-9.999261034493993616e-01,-9.910931353925711562e-01,-9.996970677162307917e-01,-1.000000000000000000e+00,-9.999668856094805491e-01,-9.999291857912643300e-01,-9.977872954523102633e-01
7.915061953199198364e-02,-9.959426869680008121e-01,-9.936619286820824737e-01,-9.716116423639914457e-01,-9.998849060845569348e-01,-1.000000000000000000e+00,-9.999253380204869979e-01,-9.985237682953663763e-01,-9.856946328261513290e-01,8.062711720078175048e-01,-9.797353467677031302e-01,-6.546892326143947116e-01,-6.369976678662636616e-01,-9.831733220164982079e-01,-7.499823627679789162e-01,-8.584412499903397720e-01,-9.038861511694730178e-01,-9.937059412729041252e-01,6.983481007785898864e-01,-9.996695798315714532e-01,-6.306458464756112825e-01,-9.957189936658900065e-01,-9.802198622501182568e-01,-3.433230806128858559e-01,-9.450398880608791297e-01,-2.751388021816942864e-01,-9.917218370904610225e-01,7.575700839596164471e-01,-9.963677282438400118e-01,-9.990427668648373949e-01,-9.984694379804227582e-01,-9.960725422968946807e-01,-1.546709216587860425e-01,-7.969624715372300994e-01,-9.999579601482349034e-01,-9.043142711618935570e-01,6.443260724800377037e-01,-9.750219055082938180e-01,-9.903133200720182217e-01,-9.999855126551273621e-01,-9.907523147232615290e-01,-6.700537832906963143e-01,-8.951207967794161391e-01,-9.977469325471935990e-01,-9.990987171951796197e-01,7.506120785789083261e-01,-9.987315832057875875e-01,-9.998725718013774522e-01,-9.579125444583860283e-01,-9.992235374608111620e-01,-5.560903714971254796e-01,-9.655674311479880423e-01,-9.856874186968725970e-01,-9.967460756706887359e-01,7.030987170905895756e-01,-8.685468052553559914e-01,-6.692807164979991397e-01,-3.934242862529296891e-01,-3.366287572526257543e-01,-3.094330466123902390e-01,-9.164554759475785906e-01,-1.953756504646801950e-01,-8.759969025122666952e-01,-2.331799059759552817e-01,-9.999139035134685383e-01,-9.999076062720173574e-01,-9.896754209056638496e-01,-9.996271102103649886e-01,-1.000000000000000000e+00,-9.999542367687672684e-01,-9.999123014929821585e-01,-9.973971036794887501e-01
1.349896252542506225e-01,-9.951414236656677126e-01,-9.924825159345683767e-01,-9.674896442656977236e-01,-9.998535824148737650e-01,-1.000000000000000000e+00,-9.998980862753419352e-01,-9.982193053400285621e-01,-9.834053804855458214e-01,7.663257463076489362e-01,-9.767143369605256753e-01,-6.298274633349122409e-01,-6.112990093410668457e-01,-9.806284499154385159e-01,-7.218920750035606737e-01,-8.745649549490523977e-01,-8.929985654137685414e-01,-9.926233755192624963e-01,6.527100546956070559e-01,-9.995905773932229899e-01,-6.000989361073122419e-01,-9.949391111722294401e-01,-9.773339947332205790e-01,-3.110323663343615985e-01,-9.520280690498597043e-01,-2.464303173495048238e-01,-9.903361171235190996e-01,7.208726939536824752e-01,-9.955394585658399187e-01,-9.988426628661039031e-01,-9.981252158580307121e-01,-9.952897071730473222e-01,-1.596363934866187329e-01,-8.148180391956805213e-01,-9.999460134373595599e-01,-8.958118390416445198e-01,6.048058086580747617e-01,-9.714828765171106273e-01,-9.887528171186134029e-01,-9.999816333673205992e-01,-9.890313197677049750e-01,-6.584050837453028215e-01,-9.086533549806107279e-01,-9.973522363453659612e-01,-9.989262965490102175e-01,7.079938699730834450e-01,-9.984829000505448526e-01,-9.998443349769786659e-01,-9.527531312709172084e-01,-9.990368394703039723e-01,-5.211179006550721304e-01,-9.704106478871902253e-01,-9.834545654270216986e-01,-9.961468791584975335e-01,6.608672310460004251e-01,-8.552635344421926078e-01,-6.422665474402819985e-01,-3.692237956213216821e-01,-2.952602992763949663e-01,-2.520787792374368230e-01,-9.281989117581883608e-01,-1.882008512958585067e-01,-8.603320444379061183e-01,-1.819363928946960973e-01,-9.998909362387198296e-01,-9.998847839241672419e-01,-9.880652625181958193e-01,-9.995422563165625718e-01,-1.000000000000000000e+00,-9.999370618524020538e-01,-9.998916385465193013e-01,-9.969444120903020456e-01
1.911398825991226236e-01,-9.941974671331357261e-01,-9.911098838829426327e-01,-9.628676140970248154e-01,-9.998143397949410538e-01,-1.000000000000000000e+00,-9.998615589129741243e-01,-9.978576546941425596e-01,-9.807949918179736937e-01,7.224719314705394524e-01,-9.733085392216105358e-01,-6.041324059057344709e-01,-5.849334991986843146e-01,-9.777500098608939982e-01,-6.921386031650840209e-01,-8.893885173199596039e-01,-8.811721231085859474e-01,-9.913773075736194151e-01,6.048860113493990109e-01,-9.994941282677479721e-01,-5.682442779833796198e-01,-9.940323612125920860e-01,-9.740864496413372819e-01,-2.806420614420870319e-01,-9.582516894370836091e-01,-2.184437733845355778e-01,-9.887468435804311895e-01,6.822124642346854007e-01,-9.945438336539731417e-01,-9.986044624910487277e-01,-9.977106026600373045e-01,-9.943671818415237285e-01,-1.686042183893572410e-01,-8.314414864398363969e-01,-9.999308886859525902e-01,-8.867657221612151863e-01,5.637477000615493949e-01,-9.675166309777909479e-01,-9.869733248295275985e-01,-9.999767728298171177e-01,-9.870299284407886287e-01,-6.480424780393422290e-01,-9.206974231509381656e-01,-9.968950830792222551e-01,-9.987236464243275380e-01,6.627006754670616839e-01,-9.981899137110286091e-01,-9.998102681732794483e-01,-9.470841301179241389e-01,-9.988090946727912200e-01,-4.858825655204714877e-01,-9.746546492353844737e-01,-9.809222231942710257e-01,-9.954482278189101807e-01,6.166936210124784878e-01,-8.410392477048329596e-01,-6.140860628892254036e-01,-3.458272199183609619e-01,-2.533140100587837340e-01,-1.938700211488562086e-01,-9.385894175273439277e-01,-1.833574388680673239e-01,-8.431130992241846478e-01,-1.292478757255386412e-01,-9.998622322844143984e-01,-9.998567027931491991e-01,-9.862422254506526542e-01,-9.994396324779635243e-01,-1.000000000000000000e+00,-9.999138589057301463e-01,-9.998664111950987810e-01,-9.964203632215985484e-01
2.473724378125434775e-01,-9.930886051109986123e-01,-9.895175372170491590e-01,-9.577005106688269986e-01,-9.997653445860724686e-01,-1.000000000000000000e+00,-9.998128465076935312e-01,-9.974292725687168293e-01,-9.778261014232760839e-01,6.750526762130379943e-01,-9.694794866406877265e-01,-5.776730012370115963e-01,-5.580053835839359211e-01,-9.745025830123540400e-01,-6.608453978430074427e-01,-9.029306445695348682e-01,-8.683643155174562978e-01,-9.899471800377273034e-01,5.551444425318292630e-01,-9.993767335027669008e-01,-5.351625928222780715e-01,-9.929810117031664385e-01,-9.704412157424597840e-01,-2.525332653445908626e-01,-9.637753514182544334e-01,-1.913385558303671852e-01,-9.869291594127717060e-01,6.417628214066335435e-01,-9.933521706411106988e-01,-9.983217213999309170e-01,-9.972128387491673296e-01,-9.932834470107871905e-01,-1.814428519983215526e-01,-8.468793312565674469e-01,-9.999118031542234553e-01,-8.771635513303029930e-01,5.213249493218439223e-01,-9.630829653693460113e-01,-9.849496747251669237e-01,-9.999706984537491961e-01,-9.847103168318394051e-01,-6.391047498228490387e-01,-9.313761736844732297e-01,-9.963668113170272012e-01,-9.984860117930859369e-01,6.150079812083562025e-01,-9.978456379327518277e-01,-9.997692644869141665e-01,-9.408720458264508979e-01,-9.985322312172126846e-01,-4.507156750706288184e-01,-9.783598916832287884e-01,-9.780584058661537794e-01,-9.946357060540478301e-01,5.707956936948830329e-01,-8.258560302699234912e-01,-5.848034830590440603e-01,-3.233906779585533631e-01,-2.109838517940303415e-01,-1.353210287827004699e-01,-9.477295769647113843e-01,-1.808849920798172306e-01,-8.242466092362877861e-01,-7.526488395052144398e-02,-9.998264646953085588e-01,-9.998222466133976916e-01,-9.841846151543469645e-01,-9.993158777169016682e-01,-1.000000000000000000e+00,-9.998826704458078085e-01,-9.998356841777559234e-01,-9.958150443412052688e-01
3.034464546580601940e-01,-9.917897856229677123e-01,-9.876762927054227870e-01,-9.519415565786776279e-01,-9.997043828200632420e-01,-1.000000000000000000e+00,-9.997482133787242153e-01,-9.969232634814932936e-01,-9.744582205016441012e-01,6.244296848245745046e-01,-9.651864545270465445e-01,-5.505286131904330027e-01,-5.306306717455744337e-01,-9.708482496415046237e-01,-6.281721003722762209e-01,-9.152253788797628520e-01,-8.545356177070673187e-01,-9.883105554188134079e-01,5.037563141400902555e-01,-9.992342745134766835e-01,-5.009516369900206545e-01,-9.917653728566041549e-01,-9.663600684422919418e-01,-2.270694410343288006e-01,-9.686610675735997100e-01,-1.652736598483850461e-01,-9.848560099244531019e-01,5.997002959398798350e-01,-9.919320066551328141e-01,-9.979870699260108280e-01,-9.966172086795209717e-01,-9.920143325535809575e-01,-1.979674878716728426e-01,-8.611809004561543635e-01,-9.998877985273491031e-01,-8.669951260866420872e-01,4.777112175743898348e-01,-9.581395283972451438e-01,-9.826546992094679078e-01,-9.999631265798111235e-01,-9.820310008208532615e-01,-6.317139108427818339e-01,-9.408088655890779473e-01,-9.957577691909675899e-01,-9.982079917731578877e-01,5.651979780317761826e-01,-9.974421586126053230e-01,-9.997200277571132165e-01,-9.340833783395227075e-01,-9.981968117262465245e-01,-4.159710214165669440e-01,-9.815829528389101721e-01,-9.748289929408466836e-01,-9.936931870225035324e-01,5.233932248724035841e-01,-8.097017795942131890e-01,-5.544971972691923323e-01,-3.020681848238957468e-01,-1.684783218858358911e-01,-7.698979693020102655e-02,-9.557237742629500765e-01,-1.808029467644817201e-01,-8.036418039527959412e-01,-2.015661257212386648e-02,-9.997820269510283575e-01,-9.997800850639393389e-01,-9.818695422075578438e-01,-9.991670750496295383e-01,-1.000000000000000000e+00,-9.998409600478600501e-01,-9.997983473412668243e-01,-9.951173943162746616e-01
3.591107717106793995e-01,-9.902728657123963663e-01,-9.855541698724705757e-01,-9.455425230230968259e-01,-9.996287922518910518e-01,-1.000000000000000000e+00,-9.996628912090944619e-01,-9.963272342533303627e-01,-9.706476610505332392e-01,5.709791876159204804e-01,-9.603865618049791664e-01,-5.227889443076398912e-01,-5.029365864859580704e-01,-9.667465962419590220e-01,-5.943150044125020681e-01,-9.263195478244624637e-01,-8.396502215066796726e-01,-9.864430578368049707e-01,4.509930051233326243e-01,-9.990619212352480627e-01,-4.657263798628810125e-01,-9.903636686462350402e-01,-9.618026301481299445e-01,-2.045886203419490235e-01,-9.729678934968465365e-01,-1.404061413513343348e-01,-9.824980804098041309e-01,5.562035643626457304e-01,-9.902468356956311002e-01,-9.975921116685727563e-01,-9.959068143413265517e-01,-9.905328122411209968e-01,-2.179443546058620340e-01,-8.743976272296900554e-01,-9.998577059977651338e-01,-8.562526789956863560e-01,4.330797689084131541e-01,-9.526419378585033737e-01,-9.800592097551512616e-01,-9.999537122696494640e-01,-9.789467322347995548e-01,-6.259724165968614251e-01,-9.491098847885692802e-01,-9.950572352528567199e-01,-9.978834698789420532e-01,5.135571451635179141e-01,-9.969705418180980772e-01,-9.996610444713336374e-01,-9.266849494785158736e-01,-9.977918505941673066e-01,-3.820194048026331890e-01,-9.843764058295348951e-01,-9.711977815941997827e-01,-9.926026936420527802e-01,4.747065583692087198e-01,-7.925708904369058727e-01,-5.232599762147034372e-01,-2.820098934251742406e-01,-1.260190045685656290e-01,-1.947014910039324143e-02,-9.626760254785403648e-01,-1.831102653015264092e-01,-7.812119585619519135e-01,3.588948503257349820e-02,-9.997269807558573085e-01,-9.997286379027565673e-01,-9.792730147063944957e-01,-9.989886760422793666e-01,-1.000000000000000000e+00,-9.997854602523347234e-01,-9.997530865757980889e-01,-9.943151073311482513e-01
4.141056508926190816e-01,-9.885063574430038580e-01,-9.831163067961672386e-01,-9.384540741374154393e-01,-9.995353848112543682e-01,-1.000000000000000000e+00,-9.995508297796960040e-01,-9.956271403643568441e-01,-9.663474885764861133e-01,5.150876151787409096e-01,-9.550349148816993372e-01,-4.945538159855275007e-01,-4.750608180925434132e-01,-9.621547541854558183e-01,-5.595066393690835138e-01,-9.362702585204327743e-01,-8.236767980555482760e-01,-9.843183324871620510e-01,3.971242585574947803e-01,-9.988540303226332018e-01,-4.296189424379842636e-01,-9.887519144339061983e-01,-9.567264651381522933e-01,-1.853959383101002611e-01,-9.767516576297129438e-01,-1.168895355732247898e-01,-9.798237543141593564e-01,5.114524688011830023e-01,-9.882558760333728376e-01,-9.971273166712268932e-01,-9.950623359251848932e-01,-9.888088042835359026e-01,-2.410960969393178832e-01,-8.865824097832077921e-01,-9.998201054930220266e-01,-8.449311381507220720e-01,3.876026108488701549e-01,-9.465439377902615803e-01,-9.771319985299755650e-01,-9.999420372920989619e-01,-9.754084389767299079e-01,-6.219607864886649295e-01,-9.563880025701262388e-01,-9.942533383276896952e-01,-9.975055397292172943e-01,4.603738316506416073e-01,-9.964207380394838331e-01,-9.995905523190222741e-01,-9.186442635996731054e-01,-9.973046167572771070e-01,-3.492423732389765556e-01,-9.867887772844436967e-01,-9.671265748110049465e-01,-9.913442588195987559e-01,4.249552103735245723e-01,-7.744649187353346287e-01,-4.911989987543183833e-01,-2.633603269263403712e-01,-8.383885915302358161e-02,3.661762103393040313e-02,-9.686881574175305598e-01,-1.877854020199675178e-01,-7.568758560357033982e-01,9.266834562966885791e-02,-9.996589956167756252e-01,-9.996660341949521467e-01,-9.763700606049201536e-01,-9.987754183587084222e-01,-1.000000000000000000e+00,-9.997119865669108485e-01,-9.996983506664788299e-01,-9.933945341952280517e-01
4.681647018004402305e-01,-9.864551750590822010e-01,-9.803249070272554988e-01,-9.306261731273566262e-01,-9.994203586553259688e-01,-1.000000000000000000e+00,-9.994043984008444959e-01,-9.948071257840623849e-01,-9.615075083386388499e-01,4.571472484408114489e-01,-9.490847976817181619e-01,-4.659328077808272406e-01,-4.471505824309521815e-01,-9.570274738512405399e-01,-5.240144033725084860e-01,-9.451424946762049251e-01,-8.065892811487207492e-01,-9.819080264216686338e-01,3.424161903691651521e-01,-9.986040330388171737e-01,-3.927782806952978545e-01,-9.869038038312122341e-01,-9.510872122905384973e-01,-1.697567273663884713e-01,-9.800647778285332956e-01,-9.487226571264972819e-02,-9.767990958324603845e-01,4.656270252278891242e-01,-9.859138806493309426e-01,-9.965819099694149807e-01,-9.940617829155056207e-01,-9.868089825235628609e-01,-2.671080688682549997e-01,-8.977890295053474468e-01,-9.997732783184849481e-01,-8.330283846791015634e-01,3.414496409540248578e-01,-9.397975989852598300e-01,-9.738398669944555719e-01,-9.999275960371527550e-01,-9.713632179955354884e-01,-6.197357063227617591e-01,-9.627458320500731359e-01,-9.933329773034931254e-01,-9.970664264158760615e-01,4.059358676110953468e-01,-9.957814834958892414e-01,-9.995065051429483649e-01,-9.099299007312792176e-01,-9.967204228236301589e-01,-3.180253128725253342e-01,-9.888645757644737300e-01,-9.625753094465308024e-01,-9.898957869245885721e-01,3.743564955362965740e-01,-7.553932118303963161e-01,-4.584356792540915659e-01,-2.462566314863410266e-01,-4.218025920176016186e-02,9.063737661006521229e-02,-9.738583263629959630e-01,-1.947865666702136567e-01,-7.305593397638738828e-01,1.499581909561877868e-01,-9.995752792523296959e-01,-9.995900661860905867e-01,-9.731348822016989697e-01,-9.985212362655121465e-01,-1.000000000000000000e+00,-9.996152118001265796e-01,-9.996323136314607671e-01,-9.923405821420134831e-01
5.210169629165137817e-01,-9.840803878997920195e-01,-9.771392239797852541e-01,-9.220085515512381757e-01,-9.992791990841750627e-01,-1.000000000000000000e+00,-9.992140313581778788e-01,-9.938493577354760022e-01,-9.560742903062154907e-01,3.975519156594764514e-01,-9.424879112157159566e-01,-4.370447527008189947e-01,-4.193614878955843617e-01,-9.513172381054447735e-01,-4.881382002762585381e-01,-9.530068653832034498e-01,-7.883676613279051448e-01,-9.791817943623679632e-01,2.871293800801422158e-01,-9.983043126247420629e-01,-3.553696013097967787e-01,-9.847906082121754556e-01,-9.448387588441099494e-01,-1.578903904192112684e-01,-9.829561543287009817e-01,-7.449606515122886297e-02,-9.733878610140827004e-01,4.189064319720599006e-01,-9.831710045690308375e-01,-9.959437565394211322e-01,-9.928802380227028657e-01,-9.844966038007750830e-01,-2.956353398566280433e-01,-9.080716269743247526e-01,-9.997151524488906427e-01,-8.205455018858616167e-01,2.947878095329850012e-01,-9.323535656360306678e-01,-9.701476850337421576e-01,-9.999097790619886350e-01,-9.667543902750416196e-01,-6.193286761979686084e-01,-9.682794618911616524e-01,-9.922817419523415339e-01,-9.965574038445582650e-01,3.505282365800690414e-01,-9.950401995231202834e-01,-9.994065340463468283e-01,-9.005119400730730028e-01,-9.960224019870891343e-01,-2.887500561513951514e-01,-9.906443783402995029e-01,-9.575022278640513695e-01,-9.882329188496566941e-01,3.231241909236641785e-01,-7.353734921018970638e-01,-4.251052844785165874e-01,-2.308268792841384753e-01,-1.292802570409312679e-03,1.419487964283565606e-01,-9.782798602161399959e-01,-2.040522819202859051e-01,-7.021969405648292861e-01,2.075216699525201935e-01,-9.994724978337388155e-01,-9.994981373756935961e-01,-9.695410446240712021e-01,-9.982191641997982812e-01,-1.000000000000000000e+00,-9.994883944931441944e-01,-9.995528320990748616e-01,-9.911366141920928685e-01
5.723891175761806061e-01,-9.813389843844690930e-01,-9.735155893913257641e-01,-9.125512420583368201e-01,-9.991065676758477121e-01,-1.000000000000000000e+00,-9.989678106317900763e-01,-9.927338582334105377e-01,-9.499912381001182071e-01,3.366928049879116536e-01,-9.351946656129327407e-01,-4.080170876940684144e-01,-3.918562200425450559e-01,-9.449744188760660357e-01,-4.522070661431996097e-01,-9.599375435766146492e-01,-7.689987794818803346e-01,-9.761073333581783418e-01,2.315170662903893728e-01,-9.979460711201775247e-01,-3.175735019725256514e-01,-9.823810926285776457e-01,-9.379334580949423295e-01,-1.499652514805100978e-01,-9.854711290558534342e-01,-5.589443715157504933e-02,-9.695515415318098906e-01,3.714680899914077905e-01,-9.799727440899373976e-01,-9.951992439542831637e-01,-9.914895977323456844e-01,-9.818313576600388171e-01,-3.263101964304834235e-01,-9.174842339468055608e-01,-9.996432396795305042e-01,-8.074870125286957023e-01,2.477803081894660586e-01,-9.241613504545689306e-01,-9.660184841489948271e-01,-9.998878539440236857e-01,-9.615216271440398810e-01,-6.207452493658689452e-01,-9.730782463364068269e-01,-9.910838360396142521e-01,-9.959687084792737677e-01,2.944308387495235824e-01,-9.941828912936611085e-01,-9.992879044295125412e-01,-8.903624109987068325e-01,-9.951912747692408523e-01,-2.617872009601712735e-01,-9.921649639641335616e-01,-9.518640964871644128e-01,-9.863289033384220472e-01,2.714672532009052563e-01,-7.144323808155084166e-01,-3.913563324159693435e-01,-2.171884516279930510e-01,3.856908230159916684e-02,1.899197790064681701e-01,-9.820404007471114083e-01,-2.155022246034276057e-01,-6.717335586248627255e-01,2.651072454429683756e-01,-9.993466850331821361e-01,-9.993872043606585320e-01,-9.655616997236451393e-01,-9.978612336730720012e-01,-1.000000000000000000e+00,-9.993230548608625918e-01,-9.994573972636270343e-01,-9.897643493339550735e-01
6.220078196472849097e-01,-9.781836531167588111e-01,-9.694074925754091465e-01,-9.022051736942989786e-01,-9.988961791361993248e-01,-1.000000000000000000e+00,-9.986509793693253423e-01,-9.914383346473106817e-01,-9.431987071854526228e-01,2.749544571840440987e-01,-9.271545269888636920e-01,-3.789850610507721207e-01,-3.648030568691773556e-01,-9.379474803482533707e-01,-4.165748049352122617e-01,-9.660104212957706382e-01,-7.484771076542944268e-01,-9.726504501180656126e-01,1.758234675155749827e-01,-9.975191858332093098e-01,-2.795848337163683306e-01,-9.796414521865152158e-01,-9.303223935761095742e-01,-1.460945535957406394e-01,-9.876515016397829916e-01,-3.919117586265830067e-02,-9.652494452878322972e-01,3.234866461081320477e-01,-9.762599637602877856e-01,-9.943331643475218362e-01,-9.898583139781182982e-01,-9.787692451996244936e-01,-3.587499114251113674e-01,-9.260803592999780065e-01,-9.995545638405323174e-01,-7.938611006225011479e-01,2.005857934006134435e-01,-9.151696801024438166e-01,-9.614135881172780618e-01,-9.998609430863761860e-01,-9.556011571086601153e-01,-6.239648881465587049e-01,-9.772247308759648421e-01,-9.897220041441835425e-01,-9.952894500577932346e-01,2.379163728148152579e-01,-9.931940473561822191e-01,-9.991474687525143672e-01,-8.794557679372050352e-01,-9.942051083295461167e-01,-2.374883537606471418e-01,-9.934594832900972561e-01,-9.456164741844621524e-01,-9.841544775990030969e-01,2.195886034200054127e-01,-6.926058489765393178e-01,-3.573497692019266259e-01,-2.054465310995324812e-01,7.714870335071810636e-02,2.339392635286092759e-01,-9.852213176314840171e-01,-2.290383344837390034e-01,-6.391261777377104103e-01,3.224508181252112582e-01,-9.991931388468703323e-01,-9.992537120465526668e-01,-9.611698462653044395e-01,-9.974383639810809887e-01,-1.000000000000000000e+00,-9.991085914704394000e-01,-9.993430809525930547e-01,-9.882037649649993982e-01
6.696021013368333996e-01,-9.745625878776094098e-01,-9.647657171646250029e-01,-8.909228275601178693e-01,-9.986406655453633485e-01,-1.000000000000000000e+00,-9.982453801760401424e-01,-9.899380119759458863e-01,-9.356341774744236783e-01,2.127109975665117947e-01,-9.183164208416867424e-01,-3.500908010076189125e-01,-3.383742317483088291e-01,-9.301832319865502852e-01,-3.816146893209384494e-01,-9.713014985950568780e-01,-7.268055038401006751e-01,-9.687751647975970659e-01,1.202822465144133268e-01,-9.970120559227314549e-01,-2.416112881503816867e-01,-9.765352732126457713e-01,-9.219556918162087333e-01,-1.463337378194600191e-01,-9.895355929973914666e-01,-2.449897189993288649e-02,-9.604388179582629137e-01,2.751330699006575564e-01,-9.719690274578008937e-01,-9.933285976002027562e-01,-9.879511423216155164e-01,-9.752624944178743815e-01,-3.925645520863780824e-01,-9.339126267238582191e-01,-9.994455792907783742e-01,-7.796798141215728339e-01,1.533576536662604184e-01,-9.053268921563699667e-01,-9.562927843251334270e-01,-9.998279980919319021e-01,-9.489260620513498834e-01,-6.289414423658394870e-01,-9.807946934785712889e-01,-9.881774637784196402e-01,-9.945075199925247356e-01,1.812483615267050929e-01,-9.920565417295696964e-01,-9.989816148524340855e-01,-8.677693847338443511e-01,-9.930390718543118389e-01,-2.161785221625558417e-01,-9.945576556499267085e-01,-9.387140328628877928e-01,-9.816777605556022968e-01,1.676839925062771908e-01,-6.699395822508837917e-01,-3.232579243900357557e-01,-1.956927301567459310e-01,1.141898099531295507e-01,2.734301085874184523e-01,-9.878973626801532681e-01,-2.445461687817722662e-01,-6.043455862058801920e-01,3.792775764974971597e-01,-9.990063051772317682e-01,-9.990935218686416430e-01,-9.563386266685872661e-01,-9.969402474154671623e-01,-1.000000000000000000e+00,-9.988318319416118474e-01,-9.992064753390207388e-01,-9.864330032285874017e-01
7.149058334284930094e-01,-9.704193239705865004e-01,-9.595385418468397321e-01,-8.786589491735740109e-01,-9.983314279240836919e-01,-1.000000000000000000e+00,-9.977288133144920357e-01,-9.882054699778732854e-01,-9.272324852750382096e-01,1.503226596508591140e-01,-9.086291928710862331e-01,-3.214822524740185150e-01,-3.127441648653752626e-01,-9.216271341693575980e-01,-3.477133191931228717e-01,-9.758855135223389876e-01,-7.039959268190640884e-01,-9.644438548663545330e-01,6.511513345636865679e-02,-9.964114398725413269e-01,-2.038717182632036051e-01,-9.730235237583758634e-01,-9.127828852240041924e-01,-1.506790951765877296e-01,-9.911583479441772315e-01,-1.191812473056330646e-02,-9.550750094088573672e-01,2.265737742349966943e-01,-9.670320499446978246e-01,-9.921667979959633010e-01,-9.857289029290495774e-01,-9.712595198965986443e-01,-4.273646058639117840e-01,-9.410324617895946542e-01,-9.993120789462390796e-01,-7.649592448265383204e-01,1.062433279408774300e-01,-8.945813841267429289e-01,-9.506145386818332099e-01,-9.997877702942778999e-01,-9.414266709956303769e-01,-6.356042348911399298e-01,-9.838572822397484430e-01,-9.864298445603404408e-01,-9.936094983320382656e-01,1.246793429824775146e-01,-9.907515405411325693e-01,-9.987862096850601556e-01,-8.552840633197319464e-01,-9.916651923700415816e-01,-1.981488863837408410e-01,-9.954859849557161633e-01,-9.311109319814897534e-01,-9.788641624110387962e-01,1.159409590345388263e-01,-6.464892475646755177e-01,-2.892632491335701550e-01,-1.880038814473851128e-01,1.494393969036968972e-01,3.078616515571828138e-01,-9.901365309947366411e-01,-2.618964757640139807e-01,-5.673780760187948635e-01,4.353040571564170680e-01,-9.987796472047172358e-01,-9.989018327265515307e-01,-9.510416598484391359e-01,-9.963552299285508562e-01,-1.000000000000000000e+00,-9.984765113255362756e-01,-9.990436258434922667e-01,-9.844282830783739335e-01
7.576602066236415300e-01,-9.656926140247593660e-01,-9.536720112073672206e-01,-8.653713123526342033e-01,-9.979584753443628831e-01,-1.000000000000000000e+00,-9.970743114735174384e-01,-9.862104887703674327e-01,-9.179261191690100130e-01,8.813264524761632579e-02,-8.980421271946495976e-01,-2.933119913994056693e-01,-2.880875875365548344e-01,-9.122236586915030143e-01,-3.152637660289305810e-01,-9.798348122396831616e-01,-6.800700965580114277e-01,-9.596174424319998675e-01,1.053072027245804954e-02,-9.957022849965477818e-01,-1.665942073256876377e-01,-9.690645781465510034e-01,-9.027533260007368776e-01,-1.590678377590768466e-01,-9.925514689497088039e-01,-1.535382600127199737e-03,-9.491116886382328088e-01,1.779697885450268746e-01,-9.613772847520173359e-01,-9.908270869264532710e-01,-9.831482615519083756e-01,-9.667049350264877994e-01,-4.627682184136451271e-01,-9.474898258573155596e-01,-9.991490911661503604e-01,-7.497196819143215896e-01,5.938368211580313805e-02,-8.828821142444484016e-01,-9.443362566175544925e-01,-9.997387770080670144e-01,-9.330310586760223179e-01,-6.438597186046328691e-01,-9.864752314668624456e-01,-9.844571363471464887e-01,-9.925805603301650626e-01,6.844924626910398047e-02,-9.892584154554436848e-01,-9.985565384133345823e-01,-8.419845507689927011e-01,-9.900521162136806108e-01,-1.836501742270849613e-01,-9.962679873565631894e-01,-9.227612479086644282e-01,-9.756763144908500163e-01,6.453788919871961127e-02,-6.223206498397455544e-01,-2.555568462838859745e-01,-1.824410123136412931e-01,1.826505648007370475e-01,3.367615674760051636e-01,-9.920000954978166474e-01,-2.809469564787043794e-01,-5.282270895330420934e-01,4.902403958250958205e-01,-9.985054996611152367e-01,-9.986730944190550519e-01,-9.452534089089433822e-01,-9.956701884866928642e-01,-1.000000000000000000e+00,-9.980226725914036479e-01,-9.988499567918605049e-01,-9.821638200949428521e-01
7.976162015465655397e-01,-9.603163519252319036e-01,-9.471102821871957289e-01,-8.510215278456287891e-01,-9.975102521744420025e-01,-1.000000000000000000e+00,-9.962493299590371443e-01,-9.839199069807013087e-01,-9.076455839122564706e-01,2.646435741844976874e-02,-8.865055209057753904e-01,-2.657359288280231047e-01,-2.645775869047102269e-01,-9.019167057507445628e-01,-2.846581639695271448e-01,-9.832184512770839602e-01,-6.550600854425822073e-01,-9.542556280340336317e-01,-4.327656461643336616e-02,-9.948675505221514781e-01,-1.300139062605385476e-01,-9.646142803442515623e-01,-8.918166512398418844e-01,-1.713795873004378967e-01,-9.937435738520113970e-01,6.577071182692240114e-03,-9.425011105120475463e-01,1.294759929583022551e-01,-9.549296630882780912e-01,-9.892867545689910669e-01,-9.801615386200892566e-01,-9.615396252055041781e-01,-4.984078610331899029e-01,-9.533329941397057361e-01,-9.989507649249381727e-01,-7.339857355952550400e-01,1.291244928234336342e-02,-8.701791528397859743e-01,-9.374145921647283330e-01,-9.996792630390843870e-01,-9.236656548573409786e-01,-6.535936504340245090e-01,-9.887051395785902974e-01,-9.822356483854894904e-01,-9.914043838510494533e-01,1.278396639267964652e-02,-9.875546663934878788e-01,-9.982872388290789933e-01,-8.278600581105054479e-01,-9.881648823140180005e-01,-1.728868504083482804e-01,-9.969244245010229211e-01,-9.136194581358829669e-01,-9.720740236040724680e-01,1.364318705904188356e-02,-5.975097684637369344e-01,-2.223368058862112973e-01,-1.790485226658240503e-01,2.135853918323777911e-01,3.597266571721042805e-01,-9.935427821730528075e-01,-3.015441803200856752e-01,-4.869147809408653771e-01,5.437927456077589206e-01,-9.981749072389332067e-01,-9.984009134709757038e-01,-9.389495815787836097e-01,-9.948704066585054573e-01,-1.000000000000000000e+00,-9.974459849120227428e-01,-9.986201894300598125e-01,-9.796117562678514634e-01
8.345370144092134623e-01,-9.542195540017417432e-01,-9.397960508357939835e-01,-8.355758883044019925e-01,-9.969734544812148824e-01,-1.000000000000000000e+00,-9.952148540592634651e-01,-9.812974969957780624e-01,-8.963198358154020884e-01,-3.438096617530095322e-02,-8.739713127825529115e-01,-2.389119190810493620e-01,-2.423836011242099797e-01,-8.906500782828108420e-01,-2.562799368086554619e-01,-9.861015181727856849e-01,-6.290088256005754719e-01,-9.483171734395022812e-01,-9.612729520648222170e-02,-9.938880262512821417e-01,-9.437066550155592815e-02,-9.596260509331601130e-01,-8.799232985398847129e-01,-1.874392318269948454e-01,-9.947603710705879010e-01,1.236246909133775773e-02,-9.351944370352711644e-01,8.124042024387367888e-02,-9.476114966035545928e-01,-9.875209737906323060e-01,-9.767165554122547722e-01,-9.557008904955298645e-01,-5.339362731803494189e-01,-9.586083751102363326e-01,-9.987102428436852586e-01,-7.177864275636722802e-01,-3.304426159384443729e-02,-8.564242821646699255e-01,-9.298058065050330834e-01,-9.996071569767658316e-01,-9.132559687038027674e-01,-6.646737116561565184e-01,-9.905977936881832369e-01,-9.797399816644523085e-01,-9.900630590274918097e-01,-4.210585040804970536e-02,-9.856158562848384985e-01,-9.979722311715133465e-01,-8.129047736059342721e-01,-9.859647143730404517e-01,-1.660123086574316620e-01,-9.974735372353281670e-01,-9.036409793353888942e-01,-9.680142553756636570e-01,-3.658543875312969540e-02,-5.721426645263858468e-01,-1.898063639491720522e-01,-1.778535816475309561e-01,2.420177703735284513e-01,3.764322200640171090e-01,-9.948130551690708145e-01,-3.235256176003525885e-01,-4.434834584146000180e-01,5.956658353956980623e-01,-9.977774465414940286e-01,-9.980779513748366805e-01,-9.321075603542388066e-01,-9.939394503186698149e-01,-1.000000000000000000e+00,-9.967169772813485595e-01,-9.983482519475886940e-01,-9.767421021339647291e-01
8.682004053290690582e-01,-9.473264069325184611e-01,-9.316710629654957332e-01,-8.190062395699384545e-01,-9.963328371152908591e-01,-1.000000000000000000e+00,-9.939244290110513802e-01,-9.783038622958843966e-01,-8.838767922742782890e-01,-9.412620107631897159e-02,-8.603937627326425641e-01,-2.129982887106133260e-01,-2.216693971738099567e-01,-8.783680136493050572e-01,-2.304958724582487628e-01,-9.885446523813458120e-01,-6.019705178746701524e-01,-9.417602353693574901e-01,-1.478576976533000353e-01,-9.927421492923582669e-01,-5.990649268545011896e-02,-9.540510423320482936e-01,-8.670250705369697553e-01,-2.070210553798669251e-01,-9.956248465911220480e-01,1.578013348283313633e-02,-9.271421152650151098e-01,3.340363136205359851e-02,-9.393433542152845872e-01,-9.855027298484383413e-01,-9.727565270452006585e-01,-9.491226660758910194e-01,-5.690315583622159723e-01,-9.633603683421645414e-01,-9.984195218477072142e-01,-7.011552451279967624e-01,-7.836838509154331334e-02,-8.415716414663464429e-01,-9.214661766398499765e-01,-9.995200217807163057e-01,-9.017274305022004999e-01,-6.769524902658103915e-01,-9.921985273143729689e-01,-9.769430167673113230e-01,-9.885370017837041834e-01,-9.602580376130731565e-02,-9.834155608209697030e-01,-9.976046434966227006e-01,-7.971183626263987909e-01,-9.834088399564858696e-01,-1.631252247583391268e-01,-9.979312754848856937e-01,-8.927827571182616051e-01,-9.634511511687245955e-01,-8.600156763321098463e-02,-5.463152515644564833e-01,-1.581719065734668028e-01,-1.788657544003832145e-01,2.677361611839792488e-01,3.866397068884039889e-01,-9.958534834396398638e-01,-3.467217507497365458e-01,-3.979968720414042149e-01,6.455656381506866826e-01,-9.973010312020720303e-01,-9.976958154275945567e-01,-9.247068583511713902e-01,-9.928590457018435789e-01,-1.000000000000000000e+00,-9.958001875051147866e-01,-9.980271812287876410e-01,-9.735226938253151996e-01
8.984009368601693080e-01,-9.395563919836334987e-01,-9.226767109976548031e-01,-8.012908666550836445e-01,-9.955710135744230138e-01,-1.000000000000000000e+00,-9.923231224868401812e-01,-9.748963622607775825e-01,-8.702439171789628780e-01,-1.525198555761032582e-01,-8.457301772619438829e-01,-1.881523048332798265e-01,-2.025910648107552836e-01,-8.650157717184223660e-01,-2.076482716092408198e-01,-9.906037452791884856e-01,-5.740109286091990004e-01,-9.345427513558273169e-01,-1.983201111447063791e-01,-9.914058218860447580e-01,-2.686287235641959814e-02,-9.478383466913359312e-01,-8.530757457670136157e-01,-2.298540042941769057e-01,-9.963574577216899320e-01,1.680596299602221677e-02,-9.182943131913031687e-01,-1.390183084652829582e-02,-9.300451197842868334e-01,-9.832027697434465585e-01,-9.682200126843059085e-01,-9.417358284564807391e-01,-6.034013469044712252e-01,-9.676312577894392586e-01,-9.980693014616296432e-01,-6.841301561837713763e-01,-1.229502444930395955e-01,-8.255784130215341188e-01,-9.123524540111612735e-01,-9.994149991696419377e-01,-8.890063507016855437e-01,-6.902707312767023540e-01,-9.935475992736938489e-01,-9.738159196023389308e-01,-9.868048730289136206e-01,-1.487985153313017284e-01,-9.809253363772961753e-01,-9.971767328560974253e-01,-7.805064457755183094e-01,-9.804503453775049726e-01,-1.642671917614723087e-01,-9.983115209134357793e-01,-8.810039041264539073e-01,-9.583360833087145592e-01,-1.344705365963083654e-01,-5.201329245270057688e-01,-1.276408454381026125e-01,-1.820768658651076288e-01,2.905462183835667567e-01,3.902024001481536608e-01,-9.967011635896179111e-01,-3.709582251661919239e-01,-3.505413125894557558e-01,6.932021160379007174e-01,-9.967317000834889917e-01,-9.972449425291878278e-01,-9.167295958816336077e-01,-9.916089624083265219e-01,-1.000000000000000000e+00,-9.946532298566314045e-01,-9.976490161378051003e-01,-9.699191677211194129e-01
9.249520714252073006e-01,-9.308244951730616501e-01,-9.127547177302224313e-01,-7.824153813091456744e-01,-9.946682513766754719e-01,-1.000000000000000000e+00,-9.903464348454740218e-01,-9.710290701849657591e-01,-8.553488828353987827e-01,-2.093371613628428607e-01,-8.299416749058616816e-01,-1.645286031234088897e-01,-1.852950608473836747e-01,-8.505402773180709142e-01,-1.880474042277312519e-01,-9.923297962732159361e-01,-5.452075613446625280e-01,-9.266228780791635478e-01,-2.473832631350744160e-01,-9.898522339054017793e-01,4.522011922831081776e-03,-9.409352605158093352e-01,-8.380317322083682408e-01,-2.556279178514975214e-01,-9.969763293273192772e-01,1.543272341317281082e-02,-9.086014140086839941e-01,-6.055190655471687222e-02,-9.196372332140028139e-01,-9.805895753334629150e-01,-9.630409338800544061e-01,-9.334685947823492258e-01,-6.367859752691977793e-01,-9.714611374757683437e-01,-9.976488200548490060e-01,-6.667535825277648431e-01,-1.666888214559854031e-01,-8.084055437010112533e-01,-9.024223719686750300e-01,-9.992887473279569166e-01,-8.750209935645073545e-01,-7.044607547295226313e-01,-9.946805834116108080e-01,-9.703281674456315509e-01,-9.848435055212514389e-01,-2.002641844479550182e-01,-9.781147094361761773e-01,-9.966798026637452290e-01,-7.630810465355883920e-01,-9.770380760499385309e-01,-1.694217165098919065e-01,-9.986262997234008898e-01,-8.682663817959744845e-01,-9.526177533340672854e-01,-1.818697864384245522e-01,-4.937100438726280682e-01,-9.841939415457523488e-02,-1.874611040362311742e-01,3.102732397792067331e-01,3.870689332667025528e-01,-9.973881768702509421e-01,-3.960580010830750952e-01,-3.012264868371666848e-01,7.382920071361021019e-01,-9.960533888174234463e-01,-9.967144765257880401e-01,-9.081609917863155967e-01,-9.901669043364565992e-01,-1.000000000000000000e+00,-9.932257887418038944e-01,-9.972046822510687303e-01,-9.658949555130897924e-01
9.476880980082549311e-01,-9.210415126940032504e-01,-9.018479059614291637e-01,-7.623735966800656572e-01,-9.936022663692455348e-01,-1.000000000000000000e+00,-9.879191785162033668e-01,-9.666527705161214179e-01,-8.391203077909121788e-01,-2.643807429226086025e-01,-8.129939841861477667e-01,-1.422775970860400419e-01,-1.699163378599092278e-01,-8.348908138960617897e-01,-1.719645055799891020e-01,-9.937689012895132290e-01,-5.156496917688389026e-01,-9.179594815612105441e-01,-2.949323648930674002e-01,-9.880516941867073522e-01,3.401610919874942240e-02,-9.332876095686003515e-01,-8.218527587466117890e-01,-2.840005227198495463e-01,-9.974974489258248145e-01,1.167013842111108701e-02,-8.980145681723771256e-01,-1.064314003969116795e-01,-9.080421125610488309e-01,-9.776293645042075653e-01,-9.571486722385489365e-01,-9.242470216539349082e-01,-6.689606671004545424e-01,-9.748878665444798974e-01,-9.971456797120836768e-01,-6.490723294018309053e-01,-2.094919500565231019e-01,-7.900184954759457145e-01,-8.916351999565885755e-01,-9.991373714642524106e-01,-8.597027597597109994e-01,-7.193499390673324667e-01,-9.956287603912500339e-01,-9.664475977445490251e-01,-9.826278405876336386e-01,-2.502809271209637254e-01,-9.749511909634603901e-01,-9.961041167610057423e-01,-7.448609994742358964e-01,-9.731165926579321557e-01,-1.785146111492600385e-01,-9.988859836482011367e-01,-8.545357197805072413e-01,-9.462423379155423531e-01,-2.280890858323132431e-01,-4.671692741064248366e-01,-7.071027801193963125e-02,-1.949753605313661042e-01,3.267643995144089430e-01,3.772845306740653104e-01,-9.979420616431865509e-01,-4.218434690737994375e-01,-2.501861366992974567e-01,7.805616167738711475e-01,-9.952476853597427287e-01,-9.960921399270078469e-01,-8.989898625966687984e-01,-9.885084118872825565e-01,-1.000000000000000000e+00,-9.914585506022045580e-01,-9.966838680819664065e-01,-9.614113025746173768e-01
9.664658606542515518e-01,-9.101144604258837312e-01,-8.899010508928326679e-01,-7.411683733986322853e-01,-9.923480201425395331e-01,-1.000000000000000000e+00,-9.849543547329701054e-01,-9.617150015174301680e-01,-8.214885685732744580e-01,-3.174808809617668537e-01,-7.948582652821423178e-01,-1.215438911977936298e-01,-1.565765906131236784e-01,-8.180197640074962084e-01,-1.596255324318870406e-01,-9.949623501292141903e-01,-4.854382558514270807e-01,-9.085126775120705434e-01,-3.408690357721688713e-01,-9.859714754282961069e-01,6.139634004161309555e-02,-9.248401369599844601e-01,-8.045025986641670679e-01,-3.146049705172845323e-01,-9.979348576639270885e-01,5.544779050696835299e-03,-8.864863014872954583e-01,-1.514342786574233157e-01,-8.951857490557938446e-01,-9.742861248257537188e-01,-9.504682576933896065e-01,-9.139956086858853634e-01,-6.997367345975750164e-01,-9.779470506395421259e-01,-9.965456608283734807e-01,-6.311374695993080541e-01,-2.512764360890670234e-01,-7.703880171212282857e-01,-8.799523411926152283e-01,-9.989563467890377746e-01,-8.429874690215777289e-01,-7.347641693530246876e-01,-9.964195042480221698e-01,-9.621404821032292221e-01,-9.801308770599050924e-01,-2.987249056232375022e-01,-9.714003192574656165e-01,-9.954388108412082214e-01,-7.258723099577946147e-01,-9.686261939928514364e-01,-1.914157663939348719e-01,-9.990994777911490488e-01,-8.397817656517542195e-01,-9.391536868983689779e-01,-2.730306363969334793e-01,-4.406407786153714312e-01,-4.471041206016734826e-02,-2.045598018541476826e-01,3.398907233619028467e-01,3.609899273130154906e-01,-9.983862859635566078e-01,-4.481384938989644295e-01,-1.975783717292001196e-01,8.197495754717560867e-01,-9.942935707277239521e-01,-9.953641011025812224e-01,-8.892091216979440826e-01,-9.866067791445054525e-01,-1.000000000000000000e+00,-9.892820919979867789e-01,-9.960748929978464616e-01,-9.564273125664181086e-01
9.811662639847502643e-01,-8.979470955790798126e-01,-8.768618100343311683e-01,-7.188124204432411180e-01,-9.908775254983831493e-01,-1.000000000000000000e+00,-9.813520632646979269e-01,-9.561601496321976423e-01,-8.023866818462594974e-01,-3.684953919121836119e-01,-7.755119452645581335e-01,-1.024647210732537728e-01,-1.453826519097030090e-01,-7.998833909838092282e-01,-1.512058801208729930e-01,-9.959468101563947462e-01,-4.546855829789689940e-01,-8.982444189476446184e-01,-3.851110667707280388e-01,-9.835756779660205229e-01,8.645139465538198564e-02,-9.155369565239753760e-01,-7.859498181090044389e-01,-3.470576867115140463e-01,-9.983008347817651229e-01,-2.900246081828483646e-03,-8.739711762296707986e-01,-1.954638825431662674e-01,-8.809994606427037356e-01,-9.705216841675257111e-01,-9.429206584193722263e-01,-9.026380105226036177e-01,-7.289618489100976317e-01,-9.806720466363052502e-01,-9.958325280161853810e-01,-6.130041809611648240e-01,-2.919681034597144675e-01,-7.494909282427759667e-01,-8.673379694491751835e-01,-9.987404335290200885e-01,-8.248167305971851881e-01,-7.505311553147904213e-01,-9.970766578125124235e-01,-9.573716277964171573e-01,-9.773236349449365701e-01,-3.454902587630127586e-01,-9.674257347916261907e-01,-9.946718020538359850e-01,-7.061484563897358901e-01,-9.635030176009814484e-01,-2.079422470249706612e-01,-9.992743944866878669e-01,-8.239794561248050542e-01,-9.312935776158881573e-01,-3.166090633047164982e-01,-4.142612753191334818e-01,-2.060858423919831317e-02,-2.161386604296940961e-01,3.495487712167826277e-01,3.384180040593249839e-01,-9.987407081025665434e-01,-4.747703542340697691e-01,-1.435856877759713601e-01,8.556095250446218436e-01,-9.931671466488536382e-01,-9.945148383689118576e-01,-8.788162698459741629e-01,-9.844329900651199727e-01,-1.000000000000000000e+00,-9.866157483028044073e-01,-9.953645672106373743e-01,-9.509000212075024994e-01
9.916955340322644030e-01,-8.844405574402897097e-01,-8.626817229806931220e-01,-6.953290334491633029e-01,-9.891596657184758001e-01,-1.000000000000000000e+00,-9.769984885874263281e-01,-9.499296017781492241e-01,-7.817512518718696679e-01,-4.173091514320221851e-01,-7.549395554673650199e-01,-8.516844396207612355e-02,-1.364250672738201997e-01,-7.804426548431449007e-01,-1.468262329894362006e-01,-9.967545753543280984e-01,-4.235149680889400692e-01,-8.871191269373497335e-01,-4.275920357786123782e-01,-9.808251182777700805e-01,1.089844414762075608e-01,-9.053220726331282497e-01,-7.661685413629379937e-01,-3.809662970866691811e-01,-9.986060737110727947e-01,-1.360579433093089818e-02,-8.604265009664497921e-01,-2.384330589680108137e-01,-8.654217829076927826e-01,-9.662958226963608288e-01,-9.344231828745910295e-01,-8.900978592181185700e-01,-7.565194540323233463e-01,-9.830939878174496105e-01,-9.949878294630833953e-01,-5.947315366295615746e-01,-3.315017703734368659e-01,-7.273109056824719199e-01,-8.537596993421208147e-01,-9.984835836640572060e-01,-8.051393856976344354e-01,-7.664835330178090267e-01,-9.976208923852651900e-01,-9.521045090295355839e-01,-9.741751364807560432e-01,-3.904888455274018177e-01,-9.629892905009317383e-01,-9.937896977841473856e-01,-6.857306262403206620e-01,-9.576792294197291611e-01,-2.278626063900608401e-01,-9.994172128008851352e-01,-8.071095997274200240e-01,-9.226020291915846272e-01,-3.587512973476923994e-01,-3.881729603665708961e-01,1.416818705071154483e-03,-2.296212304737694776e-01,3.556619963804681372e-01,3.098882519315062645e-01,-9.990220157527914813e-01,-5.015715492868328962e-01,-8.841464861833225886e-02,8.879126946570388146e-01,-9.918413524887926824e-01,-9.935270027070738363e-01,-8.678138676865425616e-01,-9.819556780104158333e-01,-1.000000000000000000e+00,-9.833664946039933907e-01,-9.945380444302316381e-01,-9.447845020846791231e-01
9.979862161628880735e-01,-8.694941327947448562e-01,-8.473172709702945227e-01,-6.707527527468322148e-01,-9.871600341725418337e-01,-1.000000000000000000e+00,-9.717650138327813547e-01,-9.429619616012386851e-01,-7.595234764746199296e-01,-4.638332946412501157e-01,-7.331335584056306587e-01,-6.977310259616487098e-02,-1.297768749004689637e-01,-7.596640542032737642e-01,-1.465496852493854973e-01,-9.974138617830639042e-01,-3.920600792486981234e-01,-8.751043590247058468e-01,-4.682607883944048810e-01,-9.776772485659057654e-01,1.288156980071182289e-01,-8.941399665006133368e-01,-7.451392236373758360e-01,-4.159374049177864130e-01,-9.988598484344579642e-01,-2.649737783177930073e-02,-8.458130833390250514e-01,-2.802642112693446430e-01,-8.484004692507205458e-01,-9.615664305248780019e-01,-9.248900035402933817e-01,-8.762996967788261315e-01,-7.823274194493345934e-01,-9.852418266927982504e-01,-9.939906924881591888e-01,-5.763822480077092081e-01,-3.698211587800539490e-01,-7.038392613651551777e-01,-8.391892833098395510e-01,-9.981788391631915003e-01,-7.839130026334851786e-01,-7.824616755419858682e-01,-9.980700482037482280e-01,-9.463014299771731475e-01,-9.706524073359863447e-01,-4.336498169417656312e-01,-9.580512008084955955e-01,-9.927777047884417394e-01,-6.646678775668978245e-01,-9.510833133103329118e-01,-2.509022774116245191e-01,-9.995334236534386685e-01,-7.891596595777683465e-01,-9.130176799807931953e-01,-3.993963555564741252e-01,-3.625223098193716131e-01,2.120000451380588125e-02,-2.449030501129243476e-01,3.581817569435503668e-01,2.757992494481473766e-01,-9.992441372762521645e-01,-5.283814473009809110e-01,-3.229521224964992943e-02,9.164503295351495993e-01,-9.902856745355624879e-01,-9.923812812078094403e-01,-8.562099803669128706e-01,-9.791411131886950114e-01,-1.000000000000000000e+00,-9.794278780618788094e-01,-9.935786680046589936e-01,-9.380340072604619328e-01
9.999978956371873284e-01,-8.530061498912450135e-01,-8.307309836280245552e-01,-6.451299233886442774e-01,-9.848408015690112149e-01,-1.000000000000000000e+00,-9.655075214659072369e-01,-9.351933353574988228e-01,-7.356502029556402089e-01,-5.080041295858083172e-01,-7.100951506225310350e-01,-5.638508468330860612e-02,-1.254926137072676084e-01,-7.375204846846302731e-01,-1.503802281332762281e-01,-9.979491327371445841e-01,-3.604641998003534908e-01,-8.621715085149996849e-01,-5.070807993338899422e-01,-9.740861141934666900e-01,1.457848171747697652e-01,-8.819362477762588970e-01,-7.228494211012057580e-01,-4.515840071341254980e-01,-9.990701691590653244e-01,-4.148602607433116152e-02,-8.300960186416066477e-01,-3.208892731690219380e-01,-8.298945651117449751e-01,-9.562897149993387913e-01,-9.142328106170822810e-01,-8.611700152776079475e-01,-8.063360421433745095e-01,-9.871423927880562665e-01,-9.928176187077666359e-01,-5.580223609905226034e-01,-4.068787412038716855e-01,-6.790756997770610592e-01,-8.236033272521682269e-01,-9.978182216101563196e-01,-7.611054018569859414e-01,-7.983161517633043935e-01,-9.984394532673110945e-01,-9.399237213854280126e-01,-9.667205007794901217e-01,-4.749190327307765136e-01,-9.525702324440916691e-01,-9.916195400588839748e-01,-6.430172183491849047e-01,-9.436404707785543966e-01,-2.767498644034983579e-01,-9.996276608384103701e-01,-7.701245237944238653e-01,-9.024782305991366771e-01,-4.384950284454390834e-01,-3.374587719135181407e-01,3.858985044808460607e-02,-2.618672479824213362e-01,3.570879608493973123e-01,2.366194010618289933e-01,-9.994186206326355348e-01,-5.550477553180706014e-01,2.452031090775719235e-02,9.410359366159219974e-01,-9.884658514928509332e-01,-9.910562637109824324e-01,-8.440185839438798521e-01,-9.759532227550531402e-01,-1.000000000000000000e+00,-9.746790488995770163e-01,-9.924678116327773081e-01,-9.306001452630531245e-01
9.977176303857220319e-01,-8.348750027867997137e-01,-8.128925778004543190e-01,-6.185191397868926577e-01,-9.821606188544391713e-01,-1.000000000000000000e+00,-9.580659465629411953e-01,-9.265576925518292928e-01,-7.100850236380784608e-01,-5.497818030953582902e-01,-6.858350270058226616e-01,-4.509789918973572398e-02,-1.236075781942638230e-01,-7.139921030735596474e-01,-1.582626538970759444e-01,-9.983814392990738584e-01,-3.288793070525966034e-01,-8.482965264743185241e-01,-5.440294302396451176e-01,-9.700023560839440284e-01,1.597530451038464694e-01,-8.686583688727133046e-01,-6.992945469217686227e-01,-4.875323601068444201e-01,-9.992439267276289616e-01,-5.846930805844974266e-02,-8.132455055813265776e-01,-3.602496100724307260e-01,-8.098765142259471972e-01,-9.504204612067446156e-01,-9.023616022100329204e-01,-8.446383993057469119e-01,-8.285255183905726462e-01,-9.888204628737424784e-01,-9.914422829266235082e-01,-5.397209066731682992e-01,-4.426355296329734790e-01,-6.530290425351459316e-01,-8.069840156244277862e-01,-9.973926132486150564e-01,-7.366961848620590114e-01,-8.139097874933287624e-01,-9.987422189783575766e-01,-9.329319722133644355e-01,-9.623425476748073137e-01,-5.142583406817815561e-01,-9.465039397644108288e-01,-9.902973449914039827e-01,-6.208435967828080937e-01,-9.352731401736352757e-01,-3.050641341501785231e-01,-9.997038184517197390e-01,-7.500072500751914228e-01,-8.909209541402385302e-01,-4.760094827386532890e-01,-3.131333650150226466e-01,5.345182393205338833e-02,-2.803860298576512644e-01,3.523893329072265157e-01,1.928762376609962637e-01,-9.995549775502989842e-01,-5.814277941961079055e-01,8.175867430884742326e-02,9.615073136405696275e-01,-9.863435808692847528e-01,-9.895283154905940570e-01,-8.312599231089734531e-01,-9.723536484042654138e-01,-1.000000000000000000e+00,-9.689839450512126584e-01,-9.911847160228630660e-01,-9.224330987986792962e-01
9.911600897771386531e-01,-8.150003055694386989e-01,-7.937801109846378544e-01,-5.909915583628579938e-01,-9.790745643776200824e-01,-1.000000000000000000e+00,-9.492641542764342910e-01,-9.169873057329551713e-01,-6.827893989790989604e-01,-5.891487598060793918e-01,-6.603740914908906579e-01,-3.599108898461045314e-02,-1.241373342437073202e-01,-6.890671853879355435e-01,-1.700838797909540734e-01,-9.987287643945040871e-01,-2.974649924935045542e-01,-8.334606569670777176e-01,-5.790971001536173723e-01,-9.653732654105661171e-01,1.706051098439036462e-01,-8.542563979772865856e-01,-6.744786013063381880e-01,-5.234281339602075978e-01,-9.993870255050102402e-01,-7.733249745644965589e-02,-7.952376791916211385e-01,-3.982958524657872479e-01,-7.883342485553821444e-01,-9.439123487318450412e-01,-8.891856153827857323e-01,-8.266387626757256690e-01,-8.489030102097094854e-01,-9.902988412678985775e-01,-9.898353406062139204e-01,-5.215495084057333308e-01,-4.770608115855888842e-01,-6.257179069522718073e-01,-7.893198356796501391e-01,-9.968916296450612835e-01,-7.106782379252329918e-01,-8.291192991065701179e-01,-9.989895118191969292e-01,-9.252862974140216856e-01,-9.574798351335040980e-01,-5.516447375036925838e-01,-9.398089468400632196e-01,-9.887916046324830566e-01,-5.982197966853044502e-01,-9.259016432393943896e-01,-3.354814871402814758e-01,-9.997651554068646140e-01,-7.288197701876129031e-01,-8.782832742022970152e-01,-5.119127890145951376e-01,-2.896971987266078186e-01,6.566971480833339037e-02,-3.003222787740387201e-01,3.441232989698834732e-01,1.451446206322932753e-01,-9.996609920808643412e-01,-6.073895676297058621e-01,1.391274857292894573e-01,9.777283310418829476e-01,-9.838762318309641763e-01,-9.877714592242063940e-01,-8.179608097935506805e-01,-9.683018462846035845e-01,-1.000000000000000000e+00,-9.621906928988392949e-01,-9.897063231824332341e-01,-9.134818842127657712e-01
9.803673974598947627e-01,-7.932841733311681853e-01,-7.733811296107023781e-01,-5.626310628161068639e-01,-9.755341444139566942e-01,-1.000000000000000000e+00,-9.389102170484886489e-01,-9.064132729163679736e-01,-6.537337945005906592e-01,-6.261080357097252858e-01,-6.337440987003515325e-01,-2.912929745923831248e-02,-1.270775050823862440e-01,-6.627429659839715326e-01,-1.856756475479139912e-01,-9.990063607840041771e-01,-2.663872315661289791e-01,-8.176511748120786072e-01,-6.122863850471649272e-01,-9.601428979743265035e-01,1.782508051821229955e-01,-8.386838451380427273e-01,-6.484148628991142083e-01,-5.589417269677039446e-01,-9.995045047413445571e-01,-9.794986216336609708e-02,-7.760554495205181924e-01,-4.349876667206470371e-01,-7.652732080214024180e-01,-9.367183270007715112e-01,-8.746143998831529265e-01,-8.071106682764717100e-01,-8.674994307450438757e-01,-9.915984480208208662e-01,-9.879642495122714640e-01,-5.035819477324494642e-01,-5.101318388040761986e-01,-5.971713251537253964e-01,-7.706062895561387460e-01,-9.963034843643722160e-01,-6.830591791283912029e-01,-8.438364856716400464e-01,-9.991908009192448370e-01,-9.169466425163137480e-01,-9.520919165871154499e-01,-5.870694304593693236e-01,-9.324412780240847187e-01,-9.870810739818017820e-01,-5.752262333650316473e-01,-9.154449650389434590e-01,-3.676236810782993469e-01,-9.998143878434128107e-01,-7.065835395528732299e-01,-8.645034102276933918e-01,-5.461883840982508787e-01,-2.672999376961098239e-01,7.514714809777345295e-02,-3.215312405950663255e-01,3.323554895382838659e-01,9.403421750202722862e-02,-9.997429939275477295e-01,-6.328126186519784646e-01,1.963173641984186091e-01,9.895904393913217412e-01,-9.810165709963206693e-01,-9.857572698683920720e-01,-8.041548525047017559e-01,-9.637552339382705613e-01,-1.000000000000000000e+00,-9.541312930128560410e-01,-9.880071103584111558e-01,-9.036946543403712173e-01
9.654086806884305538e-01,-7.696326238801232122e-01,-7.516937904450756713e-01,-5.335342682705472850e-01,-9.714873564566087749e-01,-1.000000000000000000e+00,-9.267971687765279576e-01,-8.947661249788521065e-01,-6.228988162166242404e-01,-6.606814272349565975e-01,-6.059882109922745119e-01,-2.456150441621263170e-02,-1.324038314995427124e-01,-6.350264439998711818e-01,-2.048185082926887723e-01,-9.992270756011739641e-01,-2.358170141272321052e-01,-8.008621139997715854e-01,-6.436110626398325874e-01,-9.542522555757783076e-01,1.826262391368944638e-01,-8.218985341884432749e-01,-6.211265284475282478e-01,-5.937726470276287749e-01,-9.996006486272809299e-01,-1.201860579470314105e-01,-7.556893334716996424e-01,-4.702934690464906087e-01,-7.407182317531834093e-01,-9.287910507074873534e-01,-8.585590333562056475e-01,-7.860007168778787578e-01,-8.843660678403635345e-01,-9.927384129732921281e-01,-9.857931118869336373e-01,-4.858936924227592602e-01,-5.418334742555483974e-01,-5.674292901832602709e-01,-7.508465820532342905e-01,-9.956148462806080346e-01,-6.538627151088517442e-01,-8.579689808410786434e-01,-9.993540818840938034e-01,-9.078731251678204828e-01,-9.461367559037464625e-01,-6.205368191492941499e-01,-9.243567380605861583e-01,-9.851427135234054333e-01,-5.519506466731930461e-01,-9.038216709774506974e-01,-4.011055789076474198e-01,-9.998537703125063292e-01,-6.833301168129908287e-01,-8.495210884223012293e-01,-5.788294782352665369e-01,-2.460882294675026394e-01,8.180884975160829242e-02,-3.438622661167226591e-01,3.171788720397890060e-01,4.017662900834029216e-02,-9.998060978857533643e-01,-6.575886717025307693e-01,2.530044482295255026e-01,9.970138791053158034e-01,-9.777125085765434598e-01,-9.834547864291846020e-01,-7.898826067921856930e-01,-9.586693887241924950e-01,-1.000000000000000000e+00,-9.446216648536712723e-01,-9.860589259989881450e-01,-8.930190459277320691e-01
9.463793328258136572e-01,-7.439570910856976305e-01,-7.287279317198148698e-01,-5.038103526351069839e-01,-9.668788247840122141e-01,-1.000000000000000000e+00,-9.127043118724609272e-01,-8.819765190417734324e-01,-5.902763278193006169e-01,-6.929075756583529255e-01,-5.771614556292632425e-01,-2.232044389071607959e-02,-1.400725051853511927e-01,-6.059351427843631122e-01,-2.272469609843098537e-01,-9.994016560165900342e-01,-2.059288497304921917e-01,-7.830949739267597520e-01,-6.730951183072444444e-01,-9.476395414007311446e-01,1.836947229300889273e-01,-8.038635116276554582e-01,-5.926472874300752203e-01,-6.276529037621201290e-01,-9.996790854264777648e-01,-1.438976046441192702e-01,-7.341382660808135618e-01,-5.041900886498096312e-01,-7.147152595721804058e-01,-9.200833758347128910e-01,-8.409334734972848668e-01,-7.632639875598260515e-01,-8.995711562966286490e-01,-9.937361738679737488e-01,-9.832825442053845233e-01,-4.685613904578194155e-01,-5.721578032473204622e-01,-5.365432156760490123e-01,-7.300522712609011089e-01,-9.948106904043926280e-01,-6.231298726511955710e-01,-8.714405797666048281e-01,-9.994860776659444390e-01,-8.980264132388732223e-01,-9.395709079782856854e-01,-6.520634165690835093e-01,-9.155113420328784279e-01,-9.829516363434090964e-01,-5.284876894856362917e-01,-8.909509619114654999e-01,-4.355427022269483528e-01,-9.998851666667646354e-01,-6.591016582817175173e-01,-8.332783151767031438e-01,-6.098384171161616019e-01,-2.262041191483120661e-01,8.560164211425602687e-02,-3.671605805517171861e-01,2.987125277923041722e-01,-1.578745541122172913e-02,-9.998544114158997020e-01,-6.816220627095018747e-01,3.088532324994675005e-01,9.999485734945374737e-01,-9.739068731788419475e-01,-9.808304449567978311e-01,-7.751916380657863925e-01,-9.529983017891581198e-01,-1.000000000000000000e+00,-9.334621274271149849e-01,-9.838308304749614486e-01,-8.814025722772980131e-01
9.233999998737354442e-01,-7.161760374988607181e-01,-7.045060693468917501e-01,-4.735807060147494418e-01,-9.616500176699100955e-01,-1.000000000000000000e+00,-8.963991484289817180e-01,-8.679760173444561744e-01,-5.558705316754781744e-01,-7.228400046869617457e-01,-5.473310673619591338e-01,-2.242221366695507090e-02,-1.500207688529611172e-01,-5.754978075400574156e-01,-2.526555763122871889e-01,-9.995390323397790322e-01,-1.768991647674337253e-01,-7.643593898087719385e-01,-7.007717272116678053e-01,-9.402404959437238308e-01,1.814472830378053292e-01,-7.845479819427347845e-01,-5.630218183614905669e-01,-6.603493908533777379e-01,-9.997428761999317404e-01,-1.689344225000324329e-01,-7.114103766050816624e-01,-5.366623863661730276e-01,-6.873327811271685572e-01,-9.105489156596753286e-01,-8.216560389062572689e-01,-7.388655093887319669e-01,-9.131964975942215013e-01,-9.946075768833581021e-01,-9.803895822345911615e-01,-4.516623344678220020e-01,-6.011037145020584616e-01,-5.045762960916286843e-01,-7.082438687427063950e-01,-9.938741433980572415e-01,-5.909200696764175254e-01,-8.841911686130430326e-01,-9.995924175647203924e-01,-8.873681384764862123e-01,-9.323497379613728819e-01,-6.816767279885598274e-01,-9.058617945938624016e-01,-9.804810693621412998e-01,-5.049384115220596492e-01,-8.767538651806916494e-01,-4.705583874489649432e-01,-9.999101115949601271e-01,-6.339513125203365407e-01,-8.157202084801289388e-01,-6.392260086933958529e-01,-2.077834746955773415e-01,8.649515059061751998e-02,-3.912690516047991895e-01,2.771000960565643823e-01,-7.322071361794024735e-02,-9.998912128201816740e-01,-7.048299636614983044e-01,3.635197025458185571e-01,9.983746909985016238e-01,-9.695372244675323214e-01,-9.778480373943609916e-01,-7.601364890731687751e-01,-9.466946911142560817e-01,-1.000000000000000000e+00,-9.204383933264934647e-01,-9.812889446737358412e-01,-8.687930611719378859e-01
8.966153058457169145e-01,-6.862166505498475955e-01,-6.790642928230494757e-01,-4.429783918914973473e-01,-9.557395551757936758e-01,-1.000000000000000000e+00,-8.776399980314724125e-01,-8.526979494193519526e-01,-5.196989947344088367e-01,-7.505451464684735896e-01,-5.165767026591181477e-01,-2.486608314306015810e-02,-1.621677717549605546e-01,-5.437550262544172952e-01,-2.807059088169662209e-01,-9.996465763520938630e-01,-1.489046111896858982e-01,-7.446737530703582131e-01,-7.266822269199200157e-01,-9.319888192684464556e-01,1.759027861599249398e-01,-7.639282572876089361e-01,-5.323061937817661349e-01,-6.916652723602194630e-01,-9.997945937304488773e-01,-1.951414058259858253e-01,-6.875237141326497881e-01,-5.677028351366393277e-01,-6.586629707180902127e-01,-9.001426548893474155e-01,-8.006510064527991855e-01,-7.127817410765530104e-01,-9.253342120344527633e-01,-9.953669781478702294e-01,-9.770676296833814556e-01,-4.352739017103994801e-01,-6.286764569895954002e-01,-4.716037552070986294e-01,-6.854513757488542858e-01,-9.927863252698772012e-01,-5.573119904914206613e-01,-8.961762944843580936e-01,-9.996777956722775471e-01,-8.758613440407302386e-01,-9.244276809599738520e-01,-7.094141053451810119e-01,-8.953660169772355015e-01,-9.777023313575285979e-01,-4.814096401786293056e-01,-8.611545558689452928e-01,-5.057903652842544728e-01,-9.999298637306514026e-01,-6.079435009719416083e-01,-7.967958813245312744e-01,-6.670108244663233155e-01,-1.909544472069856225e-01,8.448220822891205906e-02,-4.160299283031894113e-01,2.525079134530816560e-01,-1.315009277551436595e-01,-9.999191027549713118e-01,-7.271424117583054070e-01,4.166547297310865261e-01,9.923028674955898243e-01,-9.645357136899862516e-01,-9.744687011576057545e-01,-7.447785457042797042e-01,-9.397103764690564187e-01,-1.000000000000000000e+00,-9.053231508647578973e-01,-9.783963099574926048e-01,-8.551391374759833575e-01
8.661923355026444060e-01,-6.540166032756171699e-01,-6.524530352419517509e-01,-4.121474170212395816e-01,-9.490836157245190474e-01,-1.000000000000000000e+00,-8.561793517554761035e-01,-8.360783535401781208e-01,-4.817935997980214990e-01,-7.761003881916019864e-01,-4.849905131199706565e-01,-2.963450293893632459e-02,-1.764156644226771986e-01,-5.107597591225234712e-01,-3.110339789892118123e-01,-9.997303338908963832e-01,-1.221203089529308006e-01,-7.240657672156667335e-01,-7.508750937374932821e-01,-9.228166844388945300e-01,1.671076744543438242e-01,-7.419887079686535714e-01,-5.005681815100190279e-01,-7.214404176857218687e-01,-9.998363923182866930e-01,-2.223600111430654724e-01,-6.625069070188662756e-01,-5.973110687093243776e-01,-6.288224485837926592e-01,-8.888216187175211891e-01,-7.778503088354620232e-01,-6.850020327334165327e-01,-9.360836931375273728e-01,-9.960273449756048558e-01,-9.732664591866866388e-01,-4.194729752255750288e-01,-6.548871781886154153e-01,-4.377129715780646579e-01,-6.617147419843947276e-01,-9.915261890875944895e-01,-5.224042314103288787e-01,-9.073664215134157329e-01,-9.997461102200571048e-01,-8.634709635663655458e-01,-9.157585436414720226e-01,-7.353215937517663114e-01,-8.839837192693386081e-01,-9.745848305788571420e-01,-4.580132618937298172e-01,-8.440817987545334855e-01,-5.408966128137393525e-01,-9.999454512339508439e-01,-5.811540716451151223e-01,-7.764593695704355980e-01,-6.932184845162372433e-01,-1.758359907139397382e-01,7.957895047223106921e-02,-4.412865242417312039e-01,2.251228822485429326e-01,-1.900317121867940440e-01,-9.999401319156367984e-01,-7.485021563656125698e-01,4.679076818679537286e-01,9.817740848234375317e-01,-9.588290027887729217e-01,-9.706509445023595584e-01,-7.291857963948542576e-01,-9.319967182537733930e-01,-1.000000000000000000e+00,-8.878783025721688205e-01,-9.751127633513458903e-01,-8.403907490996738172e-01
8.323188963483016956e-01,-6.195258572583154377e-01,-6.247376922658989251e-01,-3.812418105032017168e-01,-9.416164485718998556e-01,-1.000000000000000000e+00,-8.317679943474323156e-01,-8.180569914530485542e-01,-4.422014023055674814e-01,-7.995921679617840061e-01,-4.526770672715911825e-01,-3.669331629884187151e-02,-1.926509120564343647e-01,-4.765777621083270299e-01,-3.432580949055645814e-01,-9.997952316896361324e-01,-9.671804639684911109e-02,-7.025729246930453309e-01,-7.734049348203122509e-01,-9.126553457426688221e-01,1.551353159699890849e-01,-7.187226988762804858e-01,-4.678874306136416861e-01,-7.495509565777775940e-01,-9.998700691552450115e-01,-2.504298373888951268e-01,-6.363997403654896301e-01,-6.254934048694948956e-01,-5.979526143952171857e-01,-8.765455921604108358e-01,-7.531953118166039296e-01,-6.555300415691521776e-01,-9.455488185021043712e-01,-9.966003557424156778e-01,-9.689322746689907895e-01,-4.043353522855113180e-01,-6.797524492608639779e-01,-4.030034709838609119e-01,-6.370842338009987671e-01,-9.900703609264699390e-01,-4.863156850995741243e-01,-9.177459243933661082e-01,-9.998005853747425897e-01,-8.501643286813901357e-01,-9.062958487053227596e-01,-7.594527854310145765e-01,-8.716770143452912123e-01,-9.710960848402626633e-01,-4.348654094493733524e-01,-8.254704973250035493e-01,-5.755603600478553794e-01,-9.999577107015760191e-01,-5.536703142645075237e-01,-7.546705952220507108e-01,-7.178809350738041273e-01,-1.625364655892269639e-01,7.182459807285068720e-02,-4.668848208871636540e-01,1.951501054872404328e-01,-2.482519914536367445e-01,-9.999559077149791086e-01,-7.688643396144612119e-01,5.169301987038015245e-01,9.668592069891202012e-01,-9.523382534037513336e-01,-9.663507128354018594e-01,-7.134324822352668960e-01,-9.235051212021108125e-01,-1.000000000000000000e+00,-8.678579177664724753e-01,-9.713948321900371941e-01,-8.244997342600315360e-01
7.952015847791662484e-01,-5.827084823593888796e-01,-5.959990660150722430e-01,-3.504245162052714857e-01,-9.332709978525081107e-01,-1.000000000000000000e+00,-8.041599044766268856e-01,-7.985784283563969188e-01,-4.009853728712252652e-01,-8.211141448974526025e-01,-4.197531119725963489e-01,-4.599216898196145653e-02,-2.107458020788425257e-01,-4.412878910609014937e-01,-3.769867798227609645e-01,-9.998452592371354086e-01,-7.286446444200112005e-02,-6.802428906042067291e-01,-7.943315068610015128e-01,-9.014358438692179343e-01,1.400849826978753931e-01,-6.941334958955719392e-01,-4.343555317113988457e-01,-7.759080473019589475e-01,-9.998971179986373414e-01,-2.791901765582333050e-01,-6.092536360060405443e-01,-6.522623493465284916e-01,-5.662195059268988473e-01,-8.632778835371035520e-01,-7.266386464579381865e-01,-6.243850716135932455e-01,-9.538354558819835960e-01,-9.970964974896715516e-01,-9.640078442493142941e-01,-3.899351466651803655e-01,-7.032937823726499449e-01,-3.675867774779998376e-01,-6.116206993359150079e-01,-9.883929826649417993e-01,-4.491856352538390329e-01,-9.273118737524822519e-01,-9.998438770578494950e-01,-8.359117011959354970e-01,-8.959932226552702605e-01,-7.818676949507539220e-01,-8.584110687600443601e-01,-9.672017670360204544e-01,-4.120855624926372807e-01,-8.052633320045690102e-01,-6.094941678605967361e-01,-9.999673202064124355e-01,-5.255908270956035633e-01,-7.313963545743252803e-01,-7.410357268126127606e-01,-1.511523487951655920e-01,6.128093197014572446e-02,-4.926749689962414136e-01,1.628103305642294441e-01,-3.056440424915699561e-01,-9.999676826710166555e-01,-7.881960285543561096e-01,5.633800761169496241e-01,9.476581808918813632e-01,-9.449791974831996955e-01,-9.615215011281529334e-01,-6.975986369196276460e-01,-9.141876027621804734e-01,-1.000000000000000000e+00,-8.450119418828506701e-01,-9.671956527947095372e-01,-8.074204271881847417e-01
7.550636838472266632e-01,-5.435444650132168487e-01,-5.663336116364676709e-01,-3.198661065887311583e-01,-9.239796420691482881e-01,-1.000000000000000000e+00,-7.731179164806321058e-01,-7.775931680126760837e-01,-3.582250063186874778e-01,-8.407654645056129583e-01,-3.863471669920287566e-01,-5.746511102919915626e-02,-2.305601180203569189e-01,-4.049822739081575529e-01,-4.118265779081556888e-01,-9.998836269758955009e-01,-5.071925168641278070e-02,-6.571337797964913463e-01,-8.137187708179893786e-01,-8.890898085097042047e-01,1.220804758575431137e-01,-6.682351254748948310e-01,-4.000759426925651896e-01,-8.004559674833541250e-01,-9.999187758626919553e-01,-3.084815143072355825e-01,-5.811320200694538585e-01,-6.776360863230024290e-01,-5.338131453201697685e-01,-8.489861244497963755e-01,-6.981460676971302792e-01,-5.916033063091982180e-01,-9.610492885623928006e-01,-9.975251605013911727e-01,-9.584327127497623833e-01,-3.763441915811388538e-01,-7.255371451024134055e-01,-3.315861165499579544e-01,-5.853957190988043902e-01,-9.864655606571894886e-01,-4.111735374706463331e-01,-9.360726686126580320e-01,-9.998781643538868780e-01,-8.206868254658252759e-01,-8.848048267168487913e-01,-8.026316680865618336e-01,-8.441547847592428822e-01,-9.628657790300564345e-01,-3.897955703995629184e-01,-7.834124654894698558e-01,-6.424430299304142444e-01,-9.999748272075540401e-01,-4.970252277869621205e-01,-7.066113192898706430e-01,-7.627253014034058864e-01,-1.417670728124927892e-01,4.803146966996596490e-02,-5.185126689665613409e-01,1.283372455383677835e-01,-3.617399739658062607e-01,-9.999764270512377928e-01,-8.064756182805751239e-01,6.069251985574704022e-01,9.242989136208854539e-01,-9.366623014360374588e-01,-9.561145174892567988e-01,-6.817695178531611999e-01,-9.039974246828931248e-01,-1.000000000000000000e+00,-8.190906856427966343e-01,-9.624649180660965753e-01,-7.891102986358787819e-01
7.121429221845005930e-01,-5.020314744025448084e-01,-5.358534668254103517e-01,-2.897433298794395151e-01,-9.136750507268148747e-01,-1.000000000000000000e+00,-7.384200966817053846e-01,-7.550588308039671848e-01,-3.140167789032799472e-01,-8.586491364696861028e-01,-3.525989489748391215e-01,-7.103138061171798689e-02,-2.519429492100281331e-01,-3.677663398926539484e-01,-4.473895243302382640e-01,-9.999129025399031701e-01,-3.043337817311519977e-02,-6.333143149257030036e-01,-8.316339907942604803e-01,-8.755503569289826427e-01,1.012684247703394824e-01,-6.410531699751833568e-01,-3.651637726806008510e-01,-8.231696479108181475e-01,-9.999360634267533410e-01,-3.381469615385372940e-01,-5.521105641797106056e-01,-7.016379611897952673e-01,-5.009463468482059367e-01,-8.336430971244626065e-01,-6.676983069332411702e-01,-5.572389022722121776e-01,-9.672939706982314201e-01,-9.978947292474794617e-01,-9.521435025215059245e-01,-3.636314503688736766e-01,-7.465124765382064043e-01,-2.951359660465497914e-01,-5.584916318074027997e-01,-9.842568237412431253e-01,-3.724584674139365115e-01,-9.440465699319773307e-01,-9.999052280270188664e-01,-8.044674957525639325e-01,-8.726858301075413049e-01,-8.218143350228588329e-01,-8.288815064633171525e-01,-9.580503568357516819e-01,-3.681186083535141762e-01,-7.598812889371077128e-01,-6.741864862841260297e-01,-9.999806720081025890e-01,-4.680937030269056720e-01,-6.802990371814908732e-01,-7.829962931514191649e-01,-1.344500132224036859e-01,3.218035819552111931e-02,-5.442604139795100826e-01,9.197467421870753057e-02,-4.161265749544729164e-01,-9.999828881112196033e-01,-8.236921264178043156e-01,6.472474561289678352e-01,8.969358434250329637e-01,-9.272930357337362262e-01,-9.500789027303403467e-01,-6.660349320252085814e-01,-8.928897849274728404e-01,-1.000000000000000000e+00,-7.898500930224992000e-01,-9.571488591584506045e-01,-7.695306267395081168e-01
6.666891252197004736e-01,-4.581865538777805114e-01,-5.046862477755362786e-01,-2.602375063807899069e-01,-9.022911572992557971e-01,-1.000000000000000000e+00,-6.998667538886653716e-01,-7.309413605404717629e-01,-2.684744368119857949e-01,-8.748705381142762860e-01,-3.186586238980908536e-01,-8.659635717323377335e-02,-2.747346037504319050e-01,-3.297586965834437001e-01,-4.833000873238625372e-01,-9.999351269647368534e-01,-1.214739573749856749e-02,-6.088638544886406656e-01,-8.481468838065138183e-01,-8.607530849505711235e-01,7.781629177653770491e-02,-6.126254812051925569e-01,-3.297454190783217776e-01,-8.440517749402857151e-01,-9.999498198305245555e-01,-3.680335997611654530e-01,-5.222772877162606964e-01,-7.242959608609189637e-01,-4.678529733937597523e-01,-8.172275785371445611e-01,-6.352928830715245390e-01,-5.213649126976742654e-01,-9.726696114616181221e-01,-9.982126692205955942e-01,-9.450743106796131165e-01,-3.518624420850441359e-01,-7.662532093037196512e-01,-2.583814528677498279e-01,-5.310014268885321354e-01,-9.817325944775767699e-01,-3.332382234617489170e-01,-9.512601861918740243e-01,-9.999265175963037988e-01,-7.872361327640795547e-01,-8.595929241909473495e-01,-8.394886169575231927e-01,-8.125697422105034873e-01,-9.527162099156898378e-01,-3.471780791256849907e-01,-7.346461788508631408e-01,-7.045397688359539279e-01,-9.999852073732886648e-01,-4.389263945429371372e-01,-6.524529183597339577e-01,-8.018988517907568170e-01,-1.292556425936078890e-01,1.385100387656490462e-02,-5.697885830307320987e-01,5.397371680507556668e-02,-4.684485228529495782e-01,-9.999876380340565474e-01,-8.398443997747940815e-01,6.840465808853113394e-01,8.657482261824405168e-01,-9.167722615791584762e-01,-9.433620104101716475e-01,-6.504884625957185751e-01,-8.808225655390105047e-01,-1.000000000000000000e+00,-7.570577586799687175e-01,-9.511902666313356569e-01,-7.486471930272835529e-01
6.189617908668401114e-01,-4.120477036005442129e-01,-4.729745988900277975e-01,-2.315327934135970045e-01,-8.897642448919800273e-01,-1.000000000000000000e+00,-6.572879681666441432e-01,-7.052162439546441064e-01,-2.217291008848408795e-01,-8.895360530852718384e-01,-2.846858902092709309e-01,-1.040526683369058514e-01,-2.987685910010479118e-01,-2.910908474750707464e-01,-5.192014173276919831e-01,-9.999519129138613183e-01,4.010167594723501594e-03,-5.838722815893118145e-01,-8.633288258404124837e-01,-8.446371445284215351e-01,5.191012098275438191e-02,-5.830027947040336000e-01,-2.939580547720139769e-01,-8.631295873660316254e-01,-9.999607324894583815e-01,-3.979937250413128069e-01,-4.917325103028947764e-01,-7.456421965921551376e-01,-4.347856436062164098e-01,-7.997251894186548915e-01,-6.009458338594364513e-01,-4.840740098594895624e-01,-9.772715768653075230e-01,-9.984856093163134716e-01,-9.371572099204332762e-01,-3.410986892214182831e-01,-7.847958013641869179e-01,-2.214775960014409018e-01,-5.030284969739944323e-01,-9.788556779494949067e-01,-2.937280779042273915e-01,-9.577469574768676663e-01,-9.999432083317827402e-01,-7.689803629871674318e-01,-8.454848753441213116e-01,-8.557297935330009375e-01,-7.952038940515371301e-01,-9.468226972921138795e-01,-3.270964744824996773e-01,-7.076982309933507187e-01,-7.333540287559445758e-01,-9.999887148576104279e-01,-4.096626219296842786e-01,-6.230771914968367131e-01,-8.194859917404713201e-01,-1.262228655951891376e-01,-6.815536017559464810e-03,-5.949763742927401955e-01,1.458988262613725162e-02,-5.184099940106909887e-01,-9.999911124378108029e-01,-8.549402539218619035e-01,7.170438365076110543e-01,8.309381635301460456e-01,-9.049967456728791326e-01,-9.359097513598705342e-01,-6.352266044745155105e-01,-8.677571305256237544e-01,-1.000000000000000000e+00,-7.204996336183804306e-01,-9.445285566560858159e-01,-7.264309976240429512e-01
5.692276223682872782e-01,-3.636753196767253948e-01,-4.408754880347028893e-01,-2.038143417944663360e-01,-8.760341378773438548e-01,-1.000000000000000000e+00,-6.105514856791249834e-01,-6.778697251256611267e-01,-1.739291747944683442e-01,-9.027518512709035159e-01,-2.508488980546493829e-01,-1.232814326167565033e-01,-3.238736392958819765e-01,-2.519067453403482926e-01,-5.547607703959810399e-01,-9.999645269804423586e-01,1.792429271260731483e-02,-5.584397462998216266e-01,-8.772521182859162048e-01,-8.271463996998091872e-01,2.375207305350435227e-02,-5.522492278878792238e-01,-2.579489650055686312e-01,-8.804514892870424214e-01,-9.999693625208169179e-01,-4.278859775792013265e-01,-4.605886457935779443e-01,-7.657123938473058278e-01,-4.020129074780058875e-01,-7.811292350464558165e-01,-5.646933274632550681e-01,-4.454789779692498453e-01,-9.811895900954130667e-01,-9.987194195155096876e-01,-9.283228588682630456e-01,-3.313971945964093724e-01,-8.021792810617198732e-01,-1.845883991445513850e-01,-4.746862459032771264e-01,-9.755857728855350519e-01,-2.541591782449291737e-01,-9.635456788647218662e-01,-9.999562494341077690e-01,-7.496935939320614750e-01,-8.303231136532535084e-01,-8.706146369095606463e-01,-7.767749845023312893e-01,-9.403280429664278017e-01,-3.079942113602405218e-01,-6.790449346979920975e-01,-7.605157206515500423e-01,-9.999914183280772528e-01,-3.804499459130237238e-01,-5.921878142988494798e-01,-8.358129723512444098e-01,-1.253745471685427937e-01,-2.966237062561138949e-02,-6.197125726354772990e-01,-2.591973967678951052e-02,-5.657747683536001881e-01,-9.999936410821305133e-01,-8.689955659288410850e-01,7.459854965951466799e-01,7.927284026635970093e-01,-8.918598132035928661e-01,-9.276670060727019163e-01,-6.203478194309587357e-01,-8.536591662503788536e-01,-1.000000000000000000e+00,-6.799873232901383346e-01,-9.370998879731402553e-01,-7.028589870392853989e-01
5.177580509271153542e-01,-3.131534550706753794e-01,-4.085592440649417068e-01,-1.772663698238177155e-01,-8.610454894881637289e-01,-1.000000000000000000e+00,-5.595707919473228431e-01,-6.488999956400771651e-01,-1.252400466269837365e-01,-9.146228127477464831e-01,-2.173230132779390145e-01,-1.441536179039371035e-01,-3.498757148757151159e-01,-2.123621790976497614e-01,-5.896740082081787238e-01,-9.999739580670421457e-01,2.949480918801361540e-02,-5.326762568732086311e-01,-8.899893176074150647e-01,-8.082306502752285571e-01,-6.442208314698105731e-03,-5.204426461490345712e-01,-2.218747360152316661e-01,-8.960835922640985052e-01,-9.999761663250282817e-01,-4.575763463130261277e-01,-4.289698314527979894e-01,-7.845453933332610097e-01,-3.698159243585767975e-01,-7.614415237418523663e-01,-5.265931132140839743e-01,-4.057129503219940592e-01,-9.845071051115402705e-01,-9.989192837244115220e-01,-9.185012263562568613e-01,-3.228099542443115810e-01,-8.184448084202347040e-01,-1.478857989174037213e-01,-4.460975501585928704e-01,-9.718794102776311394e-01,-2.147766080783520826e-01,-9.686990975592651987e-01,-9.999664045541762913e-01,-7.293755780199366878e-01,-8.140723538430505446e-01,-8.842206167505047842e-01,-7.572813699124207876e-01,-9.331895929004205836e-01,-2.899884589020488290e-01,-6.487117486801641242e-01,-7.859452387380753136e-01,-9.999934951123627958e-01,-3.514430788731033317e-01,-5.598133219027801033e-01,-8.509367129021019327e-01,-1.267172422127957887e-01,-5.451876914263731333e-02,-6.438961484654841527e-01,-6.729923127348447220e-02,-6.103649596061442306e-01,-9.999954721801376234e-01,-8.820333395878087179e-01,7.706460493727333994e-01,7.513599411037799047e-01,-8.772521479530424049e-01,-9.185781075869322576e-01,-6.059515233912250443e-01,-8.384995552435758892e-01,-1.000000000000000000e+00,-6.353658462538551710e-01,-9.288373353495892326e-01,-6.779147873377459055e-01
4.648267801723846571e-01,-2.605908684175957113e-01,-3.762083387028057890e-01,-1.520701833492957844e-01,-8.447491519435124108e-01,-1.000000000000000000e+00,-5.043131429831786416e-01,-6.183183401634393395e-01,-7.584357688567755496e-02,-9.252515956092616234e-01,-1.842894381173160179e-01,-1.665314940328126436e-01,-3.766000090001063727e-01,-1.726239947363399363e-01,-6.236691134878814546e-01,-9.999809737365902285e-01,3.863756703407639215e-02,-5.067011177162568103e-01,-9.016126299423510293e-01,-7.878469101845103628e-01,-3.844635024908638066e-02,-4.876748823871094318e-01,-1.859003001860215498e-01,-9.101062887230947362e-01,-9.999815138195641273e-01,-4.869390404113721482e-01,-3.970113887430465338e-01,-8.021826668878990763e-01,-3.384846936366933123e-01,-7.406731482361886831e-01,-4.867257704008706165e-01,-3.649293681620401353e-01,-9.873009240776282613e-01,-9.990897677117912545e-01,-9.076224321941344098e-01,-3.153835127506172675e-01,-8.336352553494138506e-01,-1.115484774505453025e-01,-4.173940742545311222e-01,-9.676899250587109869e-01,-1.758371251597791174e-01,-9.732526114077165724e-01,-9.999742857005718966e-01,-7.080329575718159463e-01,-7.967012441565857195e-01,-8.966251789274632955e-01,-7.367294292260878619e-01,-9.253641155147980246e-01,-2.731919731118803707e-01,-6.167435380125686484e-01,-8.095949150268080263e-01,-9.999950851463859092e-01,-3.228026526784648631e-01,-5.259955968557552541e-01,-8.649152453548329955e-01,-1.302411316422582566e-01,-8.120229532711464859e-02,-6.674366882595150763e-01,-1.092964712651044445e-01,-6.520585346881956346e-01,-9.999967915129174267e-01,-8.940827611910151518e-01,7.908310706667696088e-01,7.070894723920559954e-01,-8.610627468307121557e-01,-9.085873966038531258e-01,-5.921370204960919592e-01,-8.222552728455672089e-01,-1.000000000000000000e+00,-5.865216853164469946e-01,-9.196711252684494076e-01,-6.515894350078501596e-01
4.107073833837437959e-01,-2.061218285125310246e-01,-3.440159204469416254e-01,-1.284021725105072287e-01,-8.271036122344541663e-01,-1.000000000000000000e+00,-4.448073053004972799e-01,-5.861502163281910871e-01,-2.593736933337986716e-02,-9.347378449540664214e-01,-1.519337036677371744e-01,-1.902701565042019816e-01,-4.038728618772362555e-01,-1.328691537570295678e-01,-6.565086958883701307e-01,-9.999861662844545807e-01,4.528542047406602933e-02,-4.806422148799216476e-01,-9.121933712516931969e-01,-7.659607250299412806e-01,-7.202607566701457742e-02,-4.540517972556392667e-01,-1.501978451910576107e-01,-9.226109449403774310e-01,-9.999857037750772282e-01,-5.158572220182464640e-01,-3.648591150793573101e-01,-8.186678514600922441e-01,-3.083139038635435147e-01,-7.188452145904546953e-01,-4.451957149901010213e-01,-3.233016430069953762e-01,-9.896410267256963156e-01,-9.992348821548714399e-01,-8.956177048270247409e-01,-3.091585669861339758e-01,-8.477948069705605327e-01,-7.576055084118515914e-02,-3.887154433278312560e-01,-9.629674667615757411e-01,-1.376066024189834813e-01,-9.772530895727866707e-01,-9.999803814748255970e-01,-6.856797832164913675e-01,-7.781830382527078482e-01,-9.079050993947650472e-01,-7.151342165269662932e-01,-9.168081473154938710e-01,-2.577119562158413091e-01,-5.832058314460921711e-01,-8.314464989699339448e-01,-9.999962984460050164e-01,-2.946938570432723337e-01,-4.907905446117395432e-01,-8.778072071495035544e-01,-1.359201659436578558e-01,-1.095210454662604027e-01,-6.902546601971633056e-01,-1.516656071678228468e-01,-6.907858088738791924e-01,-9.999977373545961834e-01,-9.051782624019865109e-01,8.063797124692941853e-01,6.601867106568894972e-01,-8.431800342419044636e-01,-8.976398495741827466e-01,-5.790024001414522115e-01,-8.049102946823036842e-01,-1.000000000000000000e+00,-5.333909284740186996e-01,-9.095289394894509050e-01,-6.238820974797434360e-01
3.556709827863657747e-01,-1.499066447641584920e-01,-3.121841139174230673e-01,-1.064318171797306034e-01,-8.080764733196237337e-01,-1.000000000000000000e+00,-3.811507336840921356e-01,-5.524362474818134139e-01,2.426617526874097486e-02,-9.431775380950236931e-01,-1.204440521189582558e-01,-2.152190976763952435e-01,-4.315235943516025907e-01,-9.328363555992880141e-02,-6.879914979165263622e-01,-9.999899901175863803e-01,4.938900690591019327e-02,-4.546351528076205684e-01,-9.218014926754281024e-01,-7.425475111670771788e-01,-1.069420500305237054e-01,-4.196931696013612711e-01,-1.149455972387450897e-01,-9.336967868766187229e-01,-9.999889766571046223e-01,-5.442235971086922808e-01,-3.326684090256607496e-01,-8.340463039751911944e-01,-2.795984803453406276e-01,-6.959895031817477928e-01,-4.021319262611918743e-01,-2.810225092028032501e-01,-9.915905788295525936e-01,-9.993581408662890464e-01,-8.824204538718841695e-01,-3.041696235779437485e-01,-8.609685858896262145e-01,-4.071014756899871134e-02,-3.602082789580076660e-01,-9.576590553993576949e-01,-1.003572055520987050e-01,-9.807478294615170622e-01,-9.999850804701547746e-01,-6.623379980367070097e-01,-7.584962845949130283e-01,-9.181359134397093502e-01,-6.925200655884229395e-01,-9.074783848699775612e-01,-2.436489578126855848e-01,-5.481858588251180553e-01,-8.515082421214951180e-01,-9.999972211823104917e-01,-2.672849646225990972e-01,-4.542686591126254836e-01,-8.896713756360303815e-01,-1.437124135824757731e-01,-1.392759512783536824e-01,-7.122815210806423547e-01,-1.941693354383926540e-01,-7.265251172726001627e-01,-9.999984120475319260e-01,-9.153586050105616545e-01,8.171667611866584302e-01,6.109316332654310955e-01,-8.234931394572937435e-01,-8.856817793676385886e-01,-5.666434145495615748e-01,-7.864565017190726648e-01,-1.000000000000000000e+00,-4.759672657118827477e-01,-8.983362919542781100e-01,-5.948007750167410013e-01
2.999840381515845866e-01,-9.213189724591108742e-02,-2.809221037093601048e-01,-8.631973382918534110e-02,-7.876459572797546160e-01,-1.000000000000000000e+00,-3.135159016088301387e-01,-5.172331069226813183e-01,7.454101865982765140e-02,-9.506624592052035361e-01,-9.000972944238327944e-02,-2.412238014408012443e-01,-4.593862211457144795e-01,-5.406119318211244362e-02,-7.179529419484220742e-01,-9.999927918540050253e-01,5.091730781898151648e-02,-4.288222491233661948e-01,-9.305051698825209661e-01,-7.175938966136731212e-01,-1.429527015711522520e-01,-3.847324091218478070e-01,-8.032649111084555482e-02,-9.434680363976196693e-01,-9.999915253321237651e-01,-5.719408637484900693e-01,-3.006032346161823243e-01,-8.483646794380245160e-01,-2.526289236088629098e-01,-6.721490464331063563e-01,-3.576883585833339207e-01,-2.383030591477005578e-01,-9.932060873457380090e-01,-9.994626143246702066e-01,-8.679674528678990031e-01,-3.004447147296457343e-01,-8.732023008582250334e-01,-6.587893357451690690e-03,-3.320251070266336813e-01,-9.517086890791163212e-01,-6.436434820603564866e-02,-9.837836577844619734e-01,-9.999886905702654039e-01,-6.380378799243302534e-01,-7.376255272857381584e-01,-9.273914194007185641e-01,-6.689211347188781520e-01,-8.973321239307090469e-01,-2.310958345299760630e-01,-5.117933300335715252e-01,-8.698117105801708160e-01,-9.999979205994677933e-01,-2.407457618196824356e-01,-4.165154640088560845e-01,-9.005662450910046912e-01,-1.535606078719427003e-01,-1.702631089635610051e-01,-7.334596732187560475e-01,-2.365809645443025522e-01,-7.592978684534900102e-01,-9.999988909197708997e-01,-9.246660004640326891e-01,8.231042276075046793e-01,5.596116813050628913e-01,-8.018933376156978099e-01,-8.726616069296275757e-01,-5.551523553715050907e-01,-7.668945685750430119e-01,-1.000000000000000000e+00,-4.143095817134897496e-01,-8.860169842680374330e-01,-5.643629756241884676e-01
2.439062694496623163e-01,-3.301034411356262854e-02,-2.504440272840927628e-01,-6.821579653575715607e-02,-7.658024040694308976e-01,-1.000000000000000000e+00,-2.421554949655967404e-01,-4.806142728043896195e-01,1.246488500656213194e-01,-9.572797951394158567e-01,-6.081921150027569389e-02,-2.681273375788952862e-01,-4.873010227746953360e-01,-1.540197466610115917e-02,-7.462647867756536657e-01,-9.999948343830830089e-01,4.985798231726601415e-02,-4.033513972622204680e-01,-9.383704544512825318e-01,-6.910990423467358035e-01,-1.798169687279804752e-01,-3.493160861210168333e-01,-4.652674205676332608e-02,-9.520313397509987396e-01,-9.999935039547437343e-01,-5.989220193825595118e-01,-2.688349337058542066e-01,-8.616705341937244134e-01,-2.276865410879813645e-01,-6.473786084768675675e-01,-3.120440079057791305e-01,-1.953714597908966510e-01,-9.945376712178291001e-01,-9.995509786718653755e-01,-8.522001247437278604e-01,-2.980051761779409780e-01,-8.845419208956517565e-01,2.641467890253657025e-02,-3.043231491178520765e-01,-9.450575100773481729e-01,-2.990347240125501571e-02,-9.864061780145687575e-01,-9.999914547923161035e-01,-6.128184349193862568e-01,-7.155620118694798748e-01,-9.357432549646038655e-01,-6.443818805046275244e-01,-8.863277460485164960e-01,-2.201367841776004086e-01,-4.741609197486574834e-01,-8.864084428316072461e-01,-9.999984489780801011e-01,-2.152459067096720302e-01,-3.776318164132380639e-01,-9.105496466713243198e-01,-1.653928823156810557e-01,-2.022760961914090716e-01,-7.537422821068744394e-01,-2.786862382866964749e-01,-7.891631832725930495e-01,-9.999992291099305541e-01,-9.331452750778479466e-01,8.241424395361807154e-01,5.065189574309565401e-01,-7.782756521879792277e-01,-8.585307010464086064e-01,-5.446169483604296202e-01,-7.462348199537514049e-01,-1.000000000000000000e+00,-3.485488656146539244e-01,-8.724936446758615460e-01,-5.325963546957621642e-01
1.876887354541940667e-01,2.721951098350117171e-02,-2.209667064949363269e-01,-5.225736405700664999e-02,-7.425497369962690275e-01,-1.000000000000000000e+00,-1.674061865789664427e-01,-4.426706339234182108e-01,1.743406450621622916e-01,-9.631118430480117842e-01,-3.305838841450625676e-02,-2.957719326395651382e-01,-5.151159569443372055e-01,2.248897494065849045e-02,-7.728339846227971766e-01,-9.999963159605987917e-01,4.621746803567683415e-02,-3.783748096609967915e-01,-9.454609846738962764e-01,-6.630759211529935193e-01,-2.172969315794096579e-01,-3.136032763391114475e-01,-1.373433674724888753e-02,-9.594935151760284331e-01,-9.999950353137532222e-01,-6.250905309610815808e-01,-2.375408984005693558e-01,-8.740119558489785057e-01,-2.050386814202886931e-01,-6.217450528120376241e-01,-2.654026079316554876e-01,-1.524713555307890545e-01,-9.956294190894368068e-01,-9.996255603715344940e-01,-8.350659195461593853e-01,-2.968654901616177844e-01,-8.950333755966746185e-01,5.810677374999606570e-02,-2.772630114997035600e-01,-9.376440362633789993e-01,2.753292510376370572e-03,-9.886591616651450032e-01,-9.999935642330219920e-01,-5.867277347626391748e-01,-6.923043892963012258e-01,-9.432605433107794646e-01,-6.189574496166263540e-01,-8.744252525433892087e-01,-2.108464693132704459e-01,-4.354444262682070077e-01,-9.013665617997865809e-01,-9.999988468153957477e-01,-1.909532375085143396e-01,-3.377340617516921828e-01,-9.196784111107494386e-01,-1.791236810536639412e-01,-2.351082402020326922e-01,-7.730929675265044709e-01,-3.202849025344506328e-01,-8.162123121559298200e-01,-9.999994667567235762e-01,-9.408430898080137883e-01,8.202706177014267297e-01,4.519474596779766706e-01,-7.525406137018437747e-01,-8.432442820095702452e-01,-5.351192852522048682e-01,-7.244980394891746833e-01,-1.000000000000000000e+00,-2.788941488474312447e-01,-8.576883550734413220e-01,-4.995393113522459405e-01
1.315720870549652588e-01,8.829420338942606250e-02,-1.927072518605551510e-01,-3.856764337863094472e-02,-7.179068640602388474e-01,-1.000000000000000000e+00,-8.969072778622777520e-02,-4.035109281157622796e-01,2.233584029730162346e-01,-9.682358196133716843e-01,-6.908733394291544094e-03,-3.240004952587306475e-01,-5.426878941990518346e-01,5.940331348076743900e-02,-7.976008466959029208e-01,-9.999973852567511923e-01,4.002084850441023356e-02,-3.540476569527672979e-01,-9.518377526469611327e-01,-6.335525302076233656e-01,-2.551602879577206107e-01,-2.777647221006068756e-01,1.786253768071333070e-02,-9.659596327137235372e-01,-9.999962168788588679e-01,-6.503803737128379669e-01,-2.069031186027527891e-01,-8.854372209564097540e-01,-1.849340845076464790e-01,-5.953275852377963862e-01,-2.179919372970988700e-01,-1.098599693352622086e-01,-9.965198079930763786e-01,-9.996883767474767923e-01,-8.165197709591974773e-01,-2.970331952992651958e-01,-9.047222820235593099e-01,8.830001044548541067e-02,-2.510072880307516741e-01,-9.294044648486146087e-01,3.334053459368524486e-02,-9.905840767884463993e-01,-9.999951685995347450e-01,-5.598231924894719880e-01,-6.678594110223250446e-01,-9.500096056644533604e-01,-5.927139786578372593e-01,-8.615868452128813137e-01,-2.032892437227321603e-01,-3.958225777680656199e-01,-9.147674382291319795e-01,-9.999991453661012386e-01,-1.680320565641858499e-01,-2.969540302457027714e-01,-9.280080734751372518e-01,-1.946548279639478407e-01,-2.685548023463751877e-01,-7.914853820987469701e-01,-3.611920040844673885e-01,-8.405630084304380745e-01,-9.999996329197333722e-01,-9.478072214659742922e-01,8.115169257184124962e-01,3.961903881982971054e-01,-7.245961663267024289e-01,-8.267623836182524943e-01,-5.267348116298895544e-01,-7.017162150533358123e-01,-1.000000000000000000e+00,-2.056371823285665368e-01,-8.415233701487578877e-01,-4.652415338192557037e-01
7.578501066543186226e-02,1.499264497411381125e-01,-1.658805775095786306e-01,-2.725421786764947729e-02,-6.919089828970463874e-01,-1.000000000000000000e+00,-9.518124475233813442e-03,-3.632619969551154071e-01,2.714370439538067448e-01,-9.727237612633611308e-01,1.745451696853139723e-02,-3.526580753333525831e-01,-5.698836666980514609e-01,9.513108384277502161e-02,-8.205366368533991706e-01,-9.999981531330310869e-01,3.131149031461766263e-02,-3.305266210620702028e-01,-9.575589240853081829e-01,-6.025730130184338007e-01,-2.931826395875579694e-01,-2.419818143773527774e-01,4.807710599533043805e-02,-9.715314270357056081e-01,-9.999971257573442296e-01,-6.747359461601167840e-01,-1.771066224428724523e-01,-8.959944811859184011e-01,-1.675984607321923114e-01,-5.682178609007442205e-01,-1.700627262454652566e-01,-6.780592059599521715e-02,-9.972421602586430955e-01,-9.997411726367647633e-01,-7.965256151438633303e-01,-2.985088642429026828e-01,-9.136536982782422767e-01,1.168101101587355473e-01,-2.257190953387988586e-01,-9.202730554622149395e-01,6.160296692691047404e-02,-9.922197439402734576e-01,-9.999963847372539405e-01,-5.321717706213040522e-01,-6.422426081189245295e-01,-9.560537362500622915e-01,-5.657287930714502977e-01,-8.477775526678522633e-01,-1.975184935983165246e-01,-3.554964654487048348e-01,-9.267024887701101887e-01,-9.999993686635847423e-01,-1.466414158635548359e-01,-2.554388677908721039e-01,-9.355926188585262926e-01,-2.118767352744899135e-01,-3.024150472247134624e-01,-8.089026923482035558e-01,-4.012389158904666742e-01,-8.623540150963167061e-01,-9.999997485228855343e-01,-9.540859103218853887e-01,7.979479952880730309e-01,3.395375595955774095e-01,-6.943597106035018784e-01,-8.090508666105133972e-01,-5.195313887294452648e-01,-6.779332046408483858e-01,-1.000000000000000000e+00,-1.291555758888446315e-01,-8.239219322562499892e-01,-4.297644867296737115e-01
2.054287358430317845e-02,2.118066476646729424e-01,-1.406968676897498716e-01,-1.840776521535048005e-02,-6.646087563731105652e-01,-1.000000000000000000e+00,7.251829174500779018e-02,-3.220688428316762497e-01,3.183064437489808718e-01,-9.766425045200493038e-01,3.986414370880586588e-02,-3.815932383169038378e-01,-5.965809231574233928e-01,1.294624569692017779e-01,-8.416407190027859198e-01,-9.999987017964691027e-01,2.015045765953371593e-02,-3.079683822017692529e-01,-9.626797069743673330e-01,-5.701986663237308406e-01,-3.311495588401436319e-01,-2.064454037155901700e-01,7.672563712207880471e-02,-9.763060336790263527e-01,-9.999978227405593723e-01,-6.981118705132243196e-01,-1.483378297701635207e-01,-9.057314783516370316e-01,-1.532304093177024873e-01,-5.405199461533307659e-01,-1.218871590974174302e-01,-2.658678471440978353e-02,-9.978251192249837365e-01,-9.997854534032517559e-01,-7.750579525254415181e-01,-3.012861489174997187e-01,-9.218719035732041434e-01,1.434585697603245613e-01,-2.015605602545135211e-01,-9.101825995034013017e-01,8.729877558892518152e-02,-9.936021075488863374e-01,-9.999973035049516401e-01,-5.038501173513854070e-01,-6.154789472814736762e-01,-9.614530351956110943e-01,-5.380904973862543628e-01,-8.329659006999533544e-01,-1.935761032104530432e-01,-3.146885900145105497e-01,-9.372701771423448402e-01,-9.999995351210951844e-01,-1.269334304895806120e-01,-2.133506964311924214e-01,-9.424842675260953762e-01,-2.306697302849270992e-01,-3.364941680129591717e-01,-8.253369779706044573e-01,-4.402740882703953806e-01,-8.817397990644659789e-01,-9.999998285503879369e-01,-9.597272772136768992e-01,7.796679381838844680e-01,2.822729606433678207e-01,-6.617602672403761765e-01,-7.900824753009791923e-01,-5.135684458800731100e-01,-6.532053073499852758e-01,-1.000000000000000000e+00,-4.991414658730342069e-02,-8.048091850813707815e-01,-3.931818339089669934e-01
-3.395342043814442157e-02,2.736047259403666665e-01,-1.173590377525337569e-01,-1.210098678988658083e-02,-6.360773259404740587e-01,-1.000000000000000000e+00,1.557450319594797516e-01,-2.800944772438596075e-01,3.636935813660933103e-01,-9.800537356931284805e-01,6.016266096397893115e-02,-4.106593380719625319e-01,-6.226687870970397665e-01,1.621895129745869468e-01,-8.609373846329625435e-01,-9.999990918677252871e-01,6.615715861827409228e-03,-2.865280614588617825e-01,-9.672522649509984749e-01,-5.365088079927480269e-01,-3.688584123868449138e-01,-1.713544512310509749e-01,1.036290741540204507e-01,-9.803750305972191992e-01,-9.999983555940155089e-01,-7.204726888663042228e-01,-1.207828408705514667e-01,-9.146952883338280715e-01,-1.419977788205627478e-01,-5.123501280438178540e-01,-7.375697706761619177e-02,1.351357449742907058e-02,-9.982931276797987197e-01,-9.998225145622250398e-01,-7.521034304260874048e-01,-3.053518920938725900e-01,-9.294202043683621461e-01,1.680742989339303328e-01,-1.786912806980505142e-01,-8.990649825942809148e-01,1.102028455614543212e-01,-9.947641091209360464e-01,-9.999979952931948857e-01,-4.749446270510324641e-01,-5.876034567594199398e-01,-9.662642946212463002e-01,-5.098989505140537615e-01,-8.171246246121253165e-01,-1.914920526539670709e-01,-2.736415156255989078e-01,-9.465732712660261949e-01,-9.999996587947874715e-01,-1.090516463049880924e-01,-1.708661022067229363e-01,-9.487332976910544113e-01,-2.509054770397339817e-01,-3.706050434878647160e-01,-8.407885652611276628e-01,-4.781635307910480082e-01,-8.988856416828500118e-01,-9.999998836748295039e-01,-9.647788115898134897e-01,7.568168666243746401e-01,2.246724697739210796e-01,-6.267407435472045485e-01,-7.698379279465716873e-01,-5.088962385916052655e-01,-6.276017247193597104e-01,-1.000000000000000000e+00,3.153574145223503322e-02,-7.841131885697935067e-01,-3.555797909859422790e-01
-8.751836079473129804e-02,3.349723316888715274e-01,-9.606023350820203088e-02,-8.387765931576973699e-03,-6.064051307202673602e-01,-1.000000000000000000e+00,2.394149281757109726e-01,-2.375195521879975846e-01,4.073247726878939101e-01,-9.830140993909792790e-01,7.820394007860032026e-02,-4.397156741395709112e-01,-6.480483194750534803e-01,1.931080367863580172e-01,-8.784724830117205396e-01,-9.999993678024693411e-01,-9.198860751896797971e-03,-2.663576418683938352e-01,-9.713256711668132315e-01,-5.016014829523680607e-01,-4.061199240040342939e-01,-1.369145339427640939e-01,1.286146398934797652e-01,-9.838237604453943241e-01,-9.999987617217733771e-01,-7.417924666275769185e-01,-9.462568410196547930e-02,-9.229320936332403580e-01,-1.340345623103805783e-01,-4.838365665924424519e-01,-2.598119443971846909e-02,5.220786302132296441e-02,-9.986668961676108403e-01,-9.998534682676769592e-01,-7.276624219645648761e-01,-3.106863029983905067e-01,-9.363407659167858332e-01,1.904951978471773888e-01,-1.572667819687174617e-01,-8.868518467518081705e-01,1.301098036691923365e-01,-9.957356479383341341e-01,-9.999985144345656662e-01,-4.455514224121591704e-01,-5.586618154665811131e-01,-9.705409329428286158e-01,-4.812651213981925524e-01,-8.002314209876417728e-01,-1.912841528680816472e-01,-2.326161336679992697e-01,-9.547163939720845205e-01,-9.999997503759062711e-01,-9.312948737329207471e-02,-1.281754508033413620e-01,-9.543879038496111411e-01,-2.724484685697060593e-01,-4.045698065604180771e-01,-8.552653105721802484e-01,-5.147910342300969777e-01,-9.139631685990936560e-01,-9.999999214568620065e-01,-9.692869303885633947e-01,7.295689530898727959e-01,1.670017708897755249e-01,-5.892602808165582351e-01,-7.483070301894277909e-01,-5.055552252459725171e-01,-6.012048987433551428e-01,-1.000000000000000000e+00,1.145590152579236687e-01,-7.617660369770377082e-01,-3.170574030409237798e-01
-1.399825436936756873e-01,3.955453347876223269e-01,-7.698141274900305309e-02,-7.302568223576222373e-03,-5.757025019598746018e-01,-1.000000000000000000e+00,3.227159192685895572e-01,-1.945417698036491227e-01,4.489279614035666111e-01,-9.855753557628883499e-01,9.385471809079515282e-02,-4.686285219010674075e-01,-6.726327904886377773e-01,2.220193043966591784e-01,-8.943099686872426624e-01,-9.999995620226515003e-01,-2.718465789921709064e-02,-2.476043915694177144e-01,-9.749458983336506401e-01,-4.655939856400289623e-01,-4.427594648597678040e-01,-1.033362215034621112e-01,1.515173960874438563e-01,-9.867309044473094870e-01,-9.999990703155725580e-01,-7.620543153510104251e-01,-7.004654713597779914e-02,-9.304869840223890520e-01,-1.294384062874907038e-01,-4.551187874934305988e-01,2.111655046017824056e-02,8.920836413098154338e-02,-9.989638512951308780e-01,-9.998792669106169040e-01,-7.017505744942820201e-01,-3.172631936612027026e-01,-9.426744683644869838e-01,2.105696536481611592e-01,-1.374369906476821113e-01,-8.734753586098912281e-01,1.468368208716352985e-01,-9.965436147544241008e-01,-9.999989027130833374e-01,-4.157762565604029570e-01,-5.287108988582766012e-01,-9.743329723237219575e-01,-4.523108219983619227e-01,-7.822697359375652137e-01,-1.929579206358223997e-01,-1.918895471745716286e-01,-9.618038904102728104e-01,-9.999998179669771226e-01,-7.928880726866238682e-02,-8.548203408186882957e-02,-9.594940883894850225e-01,-2.951575646509230211e-01,-4.382212086794791128e-01,-8.687818492580605678e-01,-5.500581462386580078e-01,-9.271463767686912716e-01,-9.999999472238179088e-01,-9.732966063139716351e-01,6.981300692623368942e-01,1.095144798793350471e-01,-5.492966578374381958e-01,-7.254897998560041472e-01,-5.035755729751800747e-01,-5.741107142556731713e-01,-1.000000000000000000e+00,1.984420203462760046e-01,-7.377050812442377259e-01,-2.777267434253303247e-01
-1.911931722408163337e-01,4.549466237446200267e-01,-6.028905154787433940e-02,-8.860091980164241932e-03,-5.441000049914186398e-01,-1.000000000000000000e+00,4.047820649661546533e-01,-1.513750688351251927e-01,4.882350376414250626e-01,-9.877845769686857125e-01,1.069959684990688942e-01,-4.972720268494612572e-01,-6.963477686885017892e-01,2.487318360251178362e-01,-9.085284698142409576e-01,-9.999996980444471051e-01,-4.721964567717618078e-02,-2.304093127884857539e-01,-9.781558406694973451e-01,-4.286231794300415787e-01,-4.786180656389994459e-01,-7.083334380992589718e-02,1.721817353978452037e-01,-9.891682759088263888e-01,-9.999993040815449152e-01,-7.812498475941036524e-01,-4.722001693541200140e-02,-9.374037845147160652e-01,-1.282687962448412211e-01,-4.263470154508414156e-01,6.720097990486140205e-02,1.242300500557653731e-01,-9.991985568601634560e-01,-9.999007240707296074e-01,-6.744002990908137818e-01,-3.250502717687958620e-01,-9.484607863788580007e-01,2.281579355698479805e-01,-1.193447480785148063e-01,-8.588690896481316894e-01,1.602261209240456452e-01,-9.972119843805409278e-01,-9.999991921449286059e-01,-3.857343344856682954e-01,-4.978192755602927067e-01,-9.776870542048099466e-01,-4.231683163365493883e-01,-7.632295864504574645e-01,-1.965065937288940079e-01,-1.517525952495213382e-01,-9.679380220417092007e-01,-9.999998676865349267e-01,-6.763856650494082245e-02,-4.300105313288493658e-02,-9.640955840305214242e-01,-3.188875499257181056e-01,-4.714037691502565020e-01,-8.813588248642840739e-01,-5.838839179972472593e-01,-9.386081926591958169e-01,-9.999999647093054111e-01,-9.768510629197461048e-01,6.627350513223368988e-01,5.245049981076532752e-02,-5.068487228079855411e-01,-7.013975904389344596e-01,-5.029768006808814640e-01,-5.464285550055201224e-01,-1.000000000000000000e+00,2.823999806922232736e-01,-7.118742562240851779e-01,-2.377130308244550516e-01
-2.410143484796615221e-01,5.127891618066071633e-01,-4.613301568376193540e-02,-1.305517224813623756e-02,-5.117485040696472254e-01,-1.000000000000000000e+00,4.847066283768299844e-01,-1.082485899076257585e-01,5.249841543600144433e-01,-9.896843740635542508e-01,1.175241148499159838e-01,-5.255289569860577270e-01,-7.191310385308002928e-01,2.730630932397037913e-01,-9.212179673178906292e-01,-9.999997928315048634e-01,-6.916983417750988128e-02,-2.149056399962261388e-01,-9.809953635458686927e-01,-3.908455958522799589e-01,-5.135531506841587435e-01,-3.962117096829975704e-02,1.904627864962054051e-01,-9.912008002532541884e-01,-9.999994806221399468e-01,-7.993785766156256134e-01,-2.631335346363439243e-02,-9.437249096590523134e-01,-1.305459635881728309e-01,-3.976813509363913424e-01,1.119284598155099175e-01,1.569937499057245667e-01,-9.993831029930460019e-01,-9.999185330551341178e-01,-6.456621712850506567e-01,-3.340094849388459686e-01,-9.537376911361767906e-01,2.431334703881415926e-01,-1.031243846434245492e-01,-8.429690139157649531e-01,1.701471485074623757e-01,-9.977619538557642720e-01,-9.999994071724828126e-01,-3.555500541074543275e-01,-4.660676491787926201e-01,-9.806464879226602926e-01,-3.939798060707893068e-01,-7.431084110677157462e-01,-2.019112838441901037e-01,-1.125070451493523915e-01,-9.732174854752096982e-01,-9.999999041383520471e-01,-5.827365588222743753e-02,-9.584459165113967671e-04,-9.682338045478353639e-01,-3.434906876790043695e-01,-5.039747031009124134e-01,-8.930221123712276388e-01,-6.162044422190224857e-01,-9.485175741639721991e-01,-9.999999765160166865e-01,-9.799915329615187520e-01,6.236446451370489807e-01,-3.965383759220619808e-03,-4.619388232413310647e-01,-6.760541997626929867e-01,-5.037675643457328878e-01,-5.182812046118485672e-01,-1.000000000000000000e+00,3.655867604925129299e-01,-6.842255125630782864e-01,-1.971546625487088367e-01
-2.893271658944501779e-01,5.686792673179903446e-01,-3.464463428613073770e-02,-1.986293665268112907e-02,-4.788189294213612834e-01,-1.000000000000000000e+00,5.615569887831224349e-01,-6.540542499154589073e-02,5.589220119138762488e-01,-9.913131462545247130e-01,1.253520707524087285e-01,-5.532913101465293249e-01,-7.409323600222266215e-01,2.948410983460678647e-01,-9.324766598570785048e-01,-9.999998585542511087e-01,-9.289083458932179127e-02,-2.012174096416751157e-01,-9.835013767754605674e-01,-3.524372991570455804e-01,-5.474389998015023462e-01,-9.914528589857973806e-03,2.062277144538049445e-01,-9.928866486309566586e-01,-9.999996135378454998e-01,-8.164472736612803372e-01,-7.484821415678966083e-03,-9.494912429832718104e-01,-1.362505390398033311e-01,-3.692907956770263844e-01,1.549505371497295059e-01,1.872293243042042477e-01,-9.995274605103197096e-01,-9.999332832475714694e-01,-6.156062124096723931e-01,-3.440974105959518914e-01,-9.585415733803408500e-01,2.553839823385357644e-01,-8.890037482485024789e-02,-8.257146281687997025e-01,1.764983572055951466e-01,-9.982121140057008679e-01,-9.999995663882186303e-01,-3.253566681850126319e-01,-4.335492401811434915e-01,-9.832513275772296613e-01,-3.648967947552044233e-01,-7.219119457149449914e-01,-2.091412625438958672e-01,-7.446248750125372684e-02,-9.777362446092674464e-01,-9.999999307740535803e-01,-5.127388267558719015e-02,4.041043026856128151e-02,-9.719478211651302324e-01,-3.688182455400019766e-01,-5.358046264066770314e-01,-9.038020481481706669e-01,-6.469722052705881854e-01,-9.570371499619843014e-01,-9.999999844486241463e-01,-9.827570757241905763e-01,5.811421897682280679e-01,-5.952466048800797438e-02,-4.146152010715586922e-01,-6.494969496384750407e-01,-5.059455868855127214e-01,-4.898045856165841316e-01,-1.000000000000000000e+00,4.471068184431763459e-01,-6.547203522821507526e-01,-1.562031628860489629e-01
-3.360296135301142906e-01,6.222200784075493374e-01,-2.593500863016728886e-02,-2.923920657700207482e-02,-4.455017304076172024e-01,-1.000000000000000000e+00,6.343910721210992421e-01,-2.310115964573555836e-02,5.898060822416906213e-01,-9.927053453024151652e-01,1.304100933271956642e-01,-5.804607757742255014e-01,-7.617130861668485187e-01,3.139059560979031716e-01,-9.424080737618172332e-01,-9.999999038969791254e-01,-1.182294988328975727e-01,-1.894581224165438060e-01,-9.857079276627680464e-01,-3.135935048045226381e-01,-5.801669483878240108e-01,1.807412763858362581e-02,2.193569007625777445e-01,-9.942774934497566885e-01,-9.999997133021589768e-01,-8.324692952831047599e-01,9.117896993144691820e-03,-9.547420402572047715e-01,-1.453239573815745533e-01,-3.413521345688109720e-01,1.959176816570118440e-01,2.146787967007139919e-01,-9.996397993396149984e-01,-9.999454744795392980e-01,-5.843230206121892145e-01,-3.552656850137335676e-01,-9.629071861717756198e-01,2.648124842842050075e-01,-7.678609136971115134e-02,-8.070501986522272686e-01,1.792085859539591652e-01,-9.985786435192077759e-01,-9.999996838835698565e-01,-2.952958690630290706e-01,-4.003701031832099799e-01,-9.855384725220088793e-01,-3.360793345361483553e-01,-6.996551201220924110e-01,-2.181543731263724251e-01,-3.793297725863986614e-02,-9.815826566830789801e-01,-9.999999501722207640e-01,-4.670313335838072177e-02,8.086224934968222477e-02,-9.752743619846634404e-01,-3.947219708436321417e-01,-5.667780402342522672e-01,-9.137326779597829685e-01,-6.761552779361232890e-01,-9.643213743778411562e-01,-9.999999897518181413e-01,-9.851844484679114222e-01,5.355301011169670833e-01,-1.140360035725045407e-01,-3.649543180885324034e-01,-6.217777217442227444e-01,-5.094977318777871300e-01,-4.611473320108885332e-01,-1.000000000000000000e+00,5.260291658053888320e-01,-6.233314662712736709e-01,-1.150230460880048433e-01
-3.810363051819919411e-01,6.730151590638022707e-01,-2.009358408175754285e-02,-4.112113257922200837e-02,-4.120060037752056870e-01,-1.000000000000000000e+00,7.022749200979176987e-01,1.839778039843209534e-02,6.174067457912575385e-01,-9.938917486829091930e-01,1.326464407343990182e-01,-6.069490532369652414e-01,-7.814456554769572127e-01,3.301112599476641041e-01,-9.511184613352673400e-01,-9.999999350229850092e-01,-1.450256102418779891e-01,-1.797295170848070001e-01,-9.876463101615750029e-01,-2.745279436899935588e-01,-6.116453409644835304e-01,4.413665374946607045e-02,2.297449898034353843e-01,-9.954188563312745819e-01,-9.999997879538399248e-01,-8.474638926230964042e-01,2.335918690673843834e-02,-9.595148551201386766e-01,-1.576695981772816557e-01,-3.140486839070623093e-01,2.344831772611757348e-01,2.390993920453146071e-01,-9.997267711979975768e-01,-9.999555296221429579e-01,-5.519247207999828930e-01,-3.674614646166417531e-01,-9.668676058762378789e-01,2.713381098666074465e-01,-6.688267480984100288e-02,-7.869261379400616097e-01,1.782380015443569832e-01,-9.988755161138318517e-01,-9.999997703000164107e-01,-2.655172988814825663e-01,-3.666493753753272689e-01,-9.875417871097346145e-01,-3.076951604787272476e-01,-6.763629698463324846e-01,-2.288975592787668711e-01,-3.233469189778626074e-03,-9.848388669269930729e-01,-9.999999642523577092e-01,-4.460872305865382081e-02,1.201472863936994262e-01,-9.782478318367310299e-01,-4.210554952840034337e-01,-5.967936019015904758e-01,-9.228510329380257282e-01,-7.037363704480775750e-01,-9.705151633557154156e-01,-9.999999932795182733e-01,-9.873080267529384946e-01,4.871262193492991166e-01,-1.673259306180412409e-01,-3.130630750724877620e-01,-5.929639345124382288e-01,-5.144002176617927802e-01,-4.324701928192720146e-01,-1.000000000000000000e+00,6.014030623712525170e-01,-5.900444710016117256e-01,-7.379159415408820255e-02
-4.242780490260077420e-01,7.206722016328859226e-01,-1.718700764521430280e-02,-5.542804874527296199e-02,-3.785582914312521918e-01,-1.000000000000000000e+00,7.643009634074213743e-01,5.881596410220790716e-02,6.415093165375764794e-01,-9.948997359605940005e-01,1.320278281900375550e-01,-6.326780311726871719e-01,-8.001129778606702603e-01,3.433253675785032932e-01,-9.587145157669335616e-01,-9.999999562828618682e-01,-1.731135979180618012e-01,-1.721204725955781667e-01,-9.893451867333580285e-01,-2.354719672711198530e-01,-6.417992569868342656e-01,6.807115143135322732e-02,2.373017913013872882e-01,-9.963505217770856071e-01,-9.999998436425370230e-01,-8.614555138898385422e-01,3.511686430898830480e-02,-9.638454855216586070e-01,-1.731546276773253679e-01,-2.875689177647281491e-01,2.703071048204210847e-01,2.602664353601167324e-01,-9.997937577194158099e-01,-9.999638055841054696e-01,-5.185457035199633191e-01,-3.806279123145936971e-01,-9.704542098967328112e-01,2.748967794705114986e-01,-5.927803220356853142e-02,-7.653005142713360520e-01,1.735785941537155708e-01,-9.991147128425792445e-01,-9.999998336447794012e-01,-2.361779883482834075e-01,-3.325194521333930675e-01,-9.892922356248536886e-01,-2.799187189759410055e-01,-6.520715584518472774e-01,-2.413074995470370077e-01,2.932389820999792285e-02,-9.875804424545152616e-01,-9.999999744382730427e-01,-4.502093829571862660e-02,1.580110920208903647e-01,-9.809003499813389038e-01,-4.476756507596768575e-01,-6.257641923752819135e-01,-9.311964419327802833e-01,-7.297117778678297029e-01,-9.757529679418153190e-01,-9.999999956144582924e-01,-9.891597681859500835e-01,4.362600840109971401e-01,-2.192392230153302757e-01,-2.590808865609467437e-01,-5.631394454558947826e-01,-5.206189656158430878e-01,-4.039452665348983729e-01,-1.000000000000000000e+00,6.722751129029493899e-01,-5.548597407310655871e-01,-3.269854998905907806e-02
-4.657012745761432981e-01,7.648067797619131358e-01,-1.725828758447411904e-02,-7.206252696249559886e-02,-3.454010478805458195e-01,-1.000000000000000000e+00,8.196065227167579348e-01,9.787095496003628270e-02,6.619159331851958150e-01,-9.957535636509863286e-01,1.285396806621692534e-01,-6.575798345026221403e-01,-8.177077327569320930e-01,3.534325332515537710e-01,-9.653014169212589257e-01,-9.999999707311584274e-01,-2.023242481008867832e-01,-1.667060525567424234e-01,-9.908307197717883819e-01,-1.966733921557999309e-01,-6.705700308718200997e-01,8.968387055364868132e-02,2.419530311852835514e-01,-9.971069930018517935e-01,-9.999998850572396902e-01,-8.744731103981606690e-01,4.428340161671662223e-02,-9.677679393549879494e-01,-1.916124891259680663e-01,-2.621049859975851382e-01,3.030603558477467097e-01,2.779760656658658569e-01,-9.998450859636138777e-01,-9.999706028878018182e-01,-4.843431240229200130e-01,-3.947047014821607469e-01,-9.736966696265858534e-01,2.754416960050938279e-01,-5.404597632805652196e-02,-7.421406946617046252e-01,1.652542223872663918e-01,-9.993064330513596882e-01,-9.999998799212739264e-01,-2.074417274567554870e-01,-2.981260860616372632e-01,-9.908180286595558162e-01,-2.529300977333379663e-01,-6.268289038764939258e-01,-2.553113351487236171e-01,5.943361263656976590e-02,-9.898762137048392473e-01,-9.999999817823442827e-01,-4.795277584497081858e-02,1.941962557137675294e-01,-9.832618031736576336e-01,-4.744436808732069855e-01,-6.536167938822006196e-01,-9.388098871267112067e-01,-7.540902417594828044e-01,-9.801582355135691760e-01,-9.999999971522103293e-01,-9.907692140614976495e-01,3.832691994886019415e-01,-2.696391134892042185e-01,-2.031815720502140321e-01,-5.324053630899125977e-01,-5.281100739571272795e-01,-3.757550683490712418e-01,-1.000000000000000000e+00,7.377073639237319291e-01,-5.177943302983503138e-01,8.054273294492597657e-03
-5.052673349601138897e-01,8.050461058016606941e-01,-2.032626535993742323e-02,-9.091160896683625481e-02,-3.127907832828520363e-01,-1.000000000000000000e+00,8.673920351865569423e-01,1.352754575043149110e-01,6.784472977731312859e-01,-9.964746346321751158e-01,1.221861841245734936e-01,-6.815967476300972550e-01,-8.342315984778312377e-01,3.603338874742709752e-01,-9.709812098393043600e-01,-9.999999805009905929e-01,-2.324863871810196603e-01,-1.635467032716249047e-01,-9.921267097433170701e-01,-1.583950860585412457e-01,-6.979145905241948000e-01,1.087910578838413578e-01,2.436409462131692294e-01,-9.977179697586285867e-01,-9.999999157614669620e-01,-8.865494555572199786e-01,5.076700175416060112e-02,-9.713144176179372424e-01,-2.128459727660443335e-01,-2.378511386759202262e-01,3.324286159769409554e-01,2.920477245963535307e-01,-9.998842137360409721e-01,-9.999761739816114270e-01,-4.494971344952412018e-01,-4.096285301939476264e-01,-9.766229570962997597e-01,2.729436696451550404e-01,-5.124551375633068506e-02,-7.174251216939304676e-01,1.533202136903477619e-01,-9.994592988770746311e-01,-9.999999136144234191e-01,-1.794783716171290955e-01,-2.636284057721048901e-01,-9.921447775338698705e-01,-2.269138656257185804e-01,-6.006959024016663706e-01,-2.708274774821023412e-01,8.680063145327099328e-02,-9.917882909266295677e-01,-9.999999870596608664e-01,-5.339987694194092693e-02,2.284442420681054298e-01,-9.853599117086150327e-01,-5.012263353260266729e-01,-6.802921937437657052e-01,-9.457334082830761712e-01,-7.768917534101531519e-01,-9.838432056312095275e-01,-9.999999981598814980e-01,-9.921635234335378639e-01,3.284953508012620205e-01,-3.184072547701659595e-01,-1.455750235924347935e-01,-5.008807523976639420e-01,-5.368204062390052878e-01,-3.480914341587256766e-01,-1.000000000000000000e+00,7.967959498120096296e-01,-4.788839822237582755e-01,4.825346618992076841e-02
-5.429517031967595608e-01,8.410327476203478536e-01,-2.638540384234222547e-02,-1.118481915363149781e-01,-2.809958938839127729e-01,-1.000000000000000000e+00,9.069384957431911864e-01,1.707395907725859363e-01,6.909442463040649240e-01,-9.970817589073264209e-01,1.129901407309115147e-01,-7.046810239202474513e-01,-8.496944313746059851e-01,3.639482575454699997e-01,-9.758515071869050539e-01,-9.999999870740423624e-01,-2.634285127872533216e-01,-1.626876135264994083e-01,-9.932547374856168787e-01,-1.209133002700759629e-01,-7.238046402361115739e-01,1.252207311897475250e-01,2.423247206386278663e-01,-9.982088313750800967e-01,-9.999999384545295023e-01,-8.977204851136975083e-01,5.449251011879652218e-02,-9.745153134164153963e-01,-2.366307834674661326e-01,-2.150020727237241802e-01,3.581162575097989187e-01,3.023263837123519870e-01,-9.999138874443040947e-01,-9.999807304335375235e-01,-4.142108246256609450e-01,-4.253336384870460840e-01,-9.792593637995038458e-01,2.673912736963774961e-01,-5.092028738823239919e-02,-6.911452222565421799e-01,1.378625349124356081e-01,-9.995805494435252569e-01,-9.999999380627540013e-01,-1.524630865617133679e-01,-2.291988506011743976e-01,-9.932956537133792452e-01,-2.020578312817838951e-01,-5.737472429123748885e-01,-2.877664808747912861e-01,1.111441972939304357e-01,-9.933722236582018805e-01,-9.999999908390680980e-01,-6.134065256733589599e-02,2.604972840809034462e-01,-9.872203061843366489e-01,-5.278968373612114018e-01,-7.057445326187061774e-01,-9.520095595245934295e-01,-7.981463226729981209e-01,-9.869089864729090333e-01,-9.999999988168852827e-01,-9.933675343237379218e-01,2.722810257510839271e-01,-3.654434851622189173e-01,-8.650860917423663921e-02,-4.687032176101324499e-01,-5.466882818958809231e-01,-3.211542672272496013e-01,-1.000000000000000000e+00,8.486898004645211380e-01,-4.381852102130269211e-01,8.767457926448485317e-02
-5.787430814501317577e-01,8.724282615719898271e-01,-3.540588962193091938e-02,-1.347325384200538378e-01,-2.502941972258490022e-01,-1.000000000000000000e+00,9.376236118674510234e-01,2.039732680888151073e-01,6.992691395726879922e-01,-9.975914032026813594e-01,1.009926364582607317e-01,-7.267945928121100074e-01,-8.641134127127594322e-01,3.642128255581189578e-01,-9.800044982450697439e-01,-9.999999914740170803e-01,-2.949803516167291972e-01,-1.641582412614104314e-01,-9.942343083984392926e-01,-8.451575685362611168e-02,-7.482257147020191512e-01,1.388143598580615645e-01,2.379807659870478709e-01,-9.986011115016021344e-01,-9.999999551744210846e-01,-9.080246658157429263e-01,5.540215696691919156e-02,-9.773992251273763143e-01,-2.627195134734988669e-01,-1.937512171907462832e-01,3.798500822064945215e-01,3.086844798362169406e-01,-9.999362753491527478e-01,-9.999844491380938116e-01,-3.787098482758345375e-01,-4.417523217334564656e-01,-9.816305302123131682e-01,2.587908365556472745e-01,-5.309817616329215451e-02,-6.633074445638462713e-01,1.189965560480223949e-01,-9.996762220413373257e-01,-9.999999557425469643e-01,-1.265755350878182695e-01,-1.950230171823267300e-01,-9.942915505328404624e-01,-1.785517295740802757e-01,-5.460723032645905528e-01,-3.060319656758103690e-01,1.322015645585639110e-01,-9.946772726587105318e-01,-9.999999935365726511e-01,-7.173659235086293773e-02,2.901003179764609641e-01,-9.888666128649712395e-01,-5.543357173676581873e-01,-7.299407168503013743e-01,-9.576809211475041383e-01,-8.178927349156984716e-01,-9.894458589540973126e-01,-9.999999992430983475e-01,-9.944038470355713866e-01,2.149659943912543003e-01,-4.106654090997178264e-01,-2.626827093314543227e-02,-4.360293459158923746e-01,-5.576442547448163811e-01,-2.951501350879136565e-01,-1.000000000000000000e+00,8.926089022412484475e-01,-3.957774492429206870e-01,1.260827623352172022e-01
-6.126424421455752833e-01,8.989167008816776328e-01,-4.733404140340347066e-02,-1.594138915254549316e-01,-2.209701949420984635e-01,-1.000000000000000000e+00,9.589361982163542297e-01,2.346886619813266517e-01,7.033070659393094726e-01,-9.980179275065117483e-01,8.625253257100151671e-02,-7.479086768411671304e-01,-8.775121800763763247e-01,3.610836233406227169e-01,-9.835262404015128190e-01,-9.999999944044299927e-01,-3.269743252781975862e-01,-1.679720092577093871e-01,-9.950829965499986551e-01,-4.949950164404715025e-02,-7.711761310678396653e-01,1.494284353595152215e-01,2.306028475964791991e-01,-9.989129541390718847e-01,-9.999999674548093465e-01,-9.175023984905796848e-01,5.345612583945080765e-02,-9.799929820600709052e-01,-2.908459205081019849e-01,-1.742889739094038992e-01,3.973828584663501307e-01,3.110235334775073301e-01,-9.999530790721348206e-01,-9.999874776560403467e-01,-3.432417170049176791e-01,-4.588154336593166516e-01,-9.837594845639213714e-01,2.471662772500136107e-01,-5.779105195537315165e-02,-6.339354175042981598e-01,9.686543751311349482e-02,-9.997513185553424941e-01,-9.999999684839769865e-01,-1.019990082423395394e-01,-1.612994133337024572e-01,-9.951512448836316027e-01,-1.565858452952508806e-01,-5.177760195438876334e-01,-3.255215767255691395e-01,1.497315770592586581e-01,-9.957467660312504520e-01,-9.999999954553348003e-01,-8.453274677822220085e-02,3.170029447832067859e-01,-9.903205456767872894e-01,-5.804315086891030928e-01,-7.528597155611649328e-01,-9.627896676829090783e-01,-8.361773166238981592e-01,-9.915337584109260582e-01,-9.999999995181962920e-01,-9.952929248765464143e-01,1.568840907921498218e-01,-4.540078125794014818e-01,3.482072283096626641e-02,-4.030349955645139426e-01,-5.696119643207948613e-01,-2.702907258013221847e-01,-1.000000000000000000e+00,9.278616006885846978e-01,-3.517652601412842861e-01,1.632334871461482706e-01
-6.446620193902790064e-01,9.202079618022707130e-01,-6.209301112282294977e-02,-1.857321535302912663e-01,-1.933120910001828729e-01,-1.000000000000000000e+00,9.704883820691641017e-01,2.626027328991793475e-01,7.029668512529665403e-01,-9.983738072090265758e-01,6.884579460578299503e-02,-7.680033314483185602e-01,-8.899199587801456257e-01,3.545358664957194428e-01,-9.864962044055322066e-01,-9.999999963461819741e-01,-3.592469082864545582e-01,-1.741261691243853882e-01,-9.958165870018437227e-01,-1.616853676551388563e-02,-7.926658654749618726e-01,1.569359172502335920e-01,2.202020638775019634e-01,-9.991595432916895447e-01,-9.999999764460684171e-01,-9.261954603531439290e-01,4.863294661334194302e-02,-9.823216809944637085e-01,-3.207294075252897780e-01,-1.568009303328408155e-01,4.104966010362041118e-01,3.092754314103918212e-01,-9.999656261297926729e-01,-9.999899387947640550e-01,-3.080747445286574626e-01,-4.764528731287334118e-01,-9.856676894723843674e-01,2.325587941859514896e-01,-6.499469111684941236e-02,-6.030722236786647539e-01,7.163817756805279657e-02,-9.998099562240790883e-01,-9.999999776348693636e-01,-7.891950296000516119e-02,-1.282391140875460689e-01,-9.958915568617807690e-01,-1.363495832211835124e-01,-4.889797177861248123e-01,-3.461279625241244773e-01,1.635180397553577247e-01,-9.966185141151419069e-01,-9.999999968154996699e-01,-9.965836995238730456e-02,3.409614048195122038e-01,-9.916020030335486179e-01,-6.060813045045172487e-01,-7.744917635433234970e-01,-9.673771922471865459e-01,-8.530527280157758074e-01,-9.932428877362147190e-01,-9.999999996948568670e-01,-9.960532079765255231e-01,9.836023541709182361e-02,-4.954219346137440638e-01,9.639341276101620615e-02,-3.699154116767632283e-01,-5.825090443079936620e-01,-2.467911740096634388e-01,-1.000000000000000000e+00,9.538604481163521775e-01,-3.062805739114630166e-01,1.988733552735433285e-01
-6.748242683801466413e-01,9.360409333897841133e-01,-7.958375967398456652e-02,-2.135196144112015970e-01,-1.676085979056916031e-01,-1.000000000000000000e+00,9.720252507499320682e-01,2.874398005270504264e-01,6.981818743484493606e-01,-9.986698399900283407e-01,4.886467442622954849e-02,-7.870669207305773796e-01,-9.013707072107735030e-01,3.445641320676946506e-01,-9.889870417551823722e-01,-9.999999976262525792e-01,-3.916398653889995307e-01,-1.826018302435974405e-01,-9.964492149225893103e-01,1.516875119688876339e-02,-8.127153795349599807e-01,1.612275428147007528e-01,2.068066861941808554e-01,-9.993535010335492519e-01,-9.999999830082555441e-01,-9.341464902112334157e-01,4.092971450945270817e-02,-9.844087320314613976e-01,-3.520795996777130732e-01,-1.414660611614719787e-01,4.190055461959807381e-01,3.034033604986472454e-01,-9.999749461034670439e-01,-9.999919345260090964e-01,-2.734966298496053216e-01,-4.945940494995055836e-01,-9.873750951264143039e-01,2.150264184691632607e-01,-7.468883587672092705e-02,-5.707827743564655165e-01,4.350736154059009486e-02,-9.998555024845856565e-01,-9.999999841842862613e-01,-5.752474748688352069e-02,-9.606531390830486128e-02,-9.965275056965764433e-01,-1.180299935429387492e-01,-4.598218963273827953e-01,-3.677397610337814760e-01,1.733728312476636724e-01,-9.973252608950579079e-01,-9.999999977763657233e-01,-1.170277081985418022e-01,3.617405523417409619e-01,-9.927291678546056319e-01,-6.311911772947979005e-01,-7.948374908887650969e-01,-9.714837861892304804e-01,-8.685767986502549443e-01,-9.946344207053983144e-01,-9.999999998077253593e-01,-9.967012363106584338e-01,3.970772929276189522e-02,-5.348746165857192203e-01,1.580452111966927919e-01,-3.368851529322218763e-01,-5.962480721264300509e-01,-2.248682683874401178e-01,-1.000000000000000000e+00,9.701361311696872214e-01,-2.594849579486192548e-01,2.327409940675100319e-01
-7.031608094373300588e-01,9.461864204563386060e-01,-9.968628509023214068e-02,-2.426026953324769142e-01,-1.441455675788864133e-01,-1.000000000000000000e+00,9.634316455323812534e-01,3.089341368504250340e-01,6.889106894113450341e-01,-9.989153370206889093e-01,2.641676221353028708e-02,-8.050955422677282813e-01,-9.119022883090118770e-01,3.311823863616849550e-01,-9.910645413022108885e-01,-9.999999984657829133e-01,-4.240013585282782493e-01,-1.933641480123905465e-01,-9.969935003128660433e-01,4.420234901207154010e-02,-8.313544206604401854e-01,1.622129908256804143e-01,1.904618688126957782e-01,-9.995052508647183087e-01,-9.999999877822789429e-01,-9.413985191277960407e-01,3.036213883447436146e-02,-9.862759122589657146e-01,-3.846009164794181867e-01,-1.284549350032065940e-01,4.227587808065891295e-01,2.934023857585024153e-01,-9.999818328480652996e-01,-9.999935493273186538e-01,-2.398126707647467715e-01,-5.131683221346258206e-01,-9.889001977697292611e-01,1.946434444262525876e-01,-8.683739886156249810e-02,-5.371562709557806681e-01,1.268665826314907541e-02,-9.998906941805066895e-01,-9.999999888554329530e-01,-3.800317520465334997e-02,-6.501276825282020777e-02,-9.970724605836793764e-01,-1.018102613484218599e-01,-4.304589453564036106e-01,-3.902425789618677587e-01,1.791387083136082303e-01,-9.978951529901909367e-01,-9.999999984527950803e-01,-1.365409183428990536e-01,3.791158187576015859e-01,-9.937186093086820549e-01,-6.556764648257631389e-01,-8.139069997430334880e-01,-9.751483721535034732e-01,-8.828114195347538384e-01,-9.957612595688662971e-01,-9.999999998794671940e-01,-9.972517784752173986e-01,-1.877415619232269961e-02,-5.723473516141155404e-01,2.193324324391825453e-01,-3.041778121921726585e-01,-6.107375439212223700e-01,-2.047385531015666338e-01,-1.000000000000000000e+00,9.763490620347952120e-01,-2.115718827222081710e-01,2.645680446091815963e-01
-7.297113720534744719e-01,9.504498130091025843e-01,-1.222610777607967547e-01,-2.728036848466783848e-01,-1.232024873387614905e-01,-1.000000000000000000e+00,9.447358902491289623e-01,3.268325605911521770e-01,6.751374589293419604e-01,-9.991182984002879852e-01,1.623926039182377323e-03,-8.220924138630870681e-01,-9.215556775995240590e-01,3.144238709988220748e-01,-9.927877422552848774e-01,-9.999999990135373107e-01,-4.561869168523038365e-01,-2.063626637448661150e-01,-9.974606773981217200e-01,7.062354017303440479e-02,-8.486208182685858192e-01,1.598218921246172819e-01,1.712292394718191169e-01,-9.996233449621342304e-01,-9.999999912441777106e-01,-9.479945480632405719e-01,1.696442731915448476e-02,-9.879434258184671691e-01,-4.179970423679362224e-01,-1.179279418444867389e-01,4.216424894594867911e-01,2.792996712385078517e-01,-9.999868949118994044e-01,-9.999948530239702871e-01,-2.073436037405798071e-01,-5.321054104933576889e-01,-9.902601023272308289e-01,1.714997507540856336e-01,-1.013888024436426782e-01,-5.023087335035817391e-01,-2.059188840643089158e-02,-9.999177418057368927e-01,-9.999999921752321663e-01,-2.054284677991291552e-02,-3.532711666980437037e-02,-9.975382853283686346e-01,-8.786816851519341220e-02,-4.010657884702176768e-01,-4.135199525287447386e-01,1.806917590760122039e-01,-9.983522105893871679e-01,-9.999999989273168355e-01,-1.580850985492431304e-01,3.928751539125976411e-01,-9.945853849851318262e-01,-6.794619287117603657e-01,-8.317189075987214686e-01,-9.784082879385679332e-01,-8.958215027315294954e-01,-9.966688165113042341e-01,-9.999999999248325722e-01,-9.977179632097644690e-01,-7.680227737887512784e-02,-6.078352557960209346e-01,2.797733293555260126e-01,-2.720455140706228292e-01,-6.258828597468930610e-01,-1.866163368064365224e-01,-1.000000000000000000e+00,9.722982801111359485e-01,-1.627689634390724338e-01,2.940802468501295674e-01
-7.545227528604673273e-01,9.486734791021433910e-01,-1.471507748007185867e-01,-3.039424443334821646e-01,-1.050488846740423865e-01,-1.000000000000000000e+00,9.161103336901448291e-01,3.408970131161590533e-01,6.568722028540678881e-01,-9.992855730415211024e-01,-2.537884307635684955e-02,-8.380672344964731346e-01,-9.303742163350432470e-01,2.943408563830314240e-01,-9.942091719846745113e-01,-9.999999993690578126e-01,-4.880602661967692324e-01,-2.215317870111846998e-01,-9.978607179608350863e-01,9.412797141415274460e-02,-8.645592956581475974e-01,1.540046817286078173e-01,1.491863817851646346e-01,-9.997147553165873779e-01,-9.999999937463773803e-01,-9.539771730663710869e-01,7.890135938219966505e-04,-9.894299690467137642e-01,-4.519752065725878287e-01,-1.100335566053165515e-01,4.155817900423541822e-01,2.611543474417892252e-01,-9.999905960982603537e-01,-9.999959031993801428e-01,-1.764230707565004330e-01,-5.513357721036884485e-01,-9.914705881002451315e-01,1.457000260409835324e-01,-1.182764434520808816e-01,-4.663855718409376516e-01,-5.608072393208041184e-02,-9.999384197349504566e-01,-9.999999945262232348e-01,-5.330319962440488446e-03,-7.264078680382923814e-03,-9.979354759620849835e-01,-7.637453610509703505e-02,-3.718364291083944284e-01,-4.374542790835640460e-01,1.779434672197750533e-01,-9.987167878624666484e-01,-9.999999992590177245e-01,-1.815354141524984088e-01,4.028209359172443271e-01,-9.953431423599550243e-01,-7.024817934422977750e-01,-8.482993752407167465e-01,-9.812991179403978137e-01,-9.076740169908825706e-01,-9.973957940361881658e-01,-9.999999999533695227e-01,-9.981114110977766796e-01,-1.341113949754413337e-01,-6.413459825230979350e-01,3.388496736530930420e-01,-2.407581725445057108e-01,-6.415873045971163258e-01,-1.707116235642796020e-01,-1.000000000000000000e+00,9.579273865472277549e-01,-1.133401466601955399e-01,3.209986282208896480e-01
-7.776477998620163756e-01,9.407388613682368117e-01,-1.741819840377308859e-01,-3.358380619457552729e-01,-8.994068725585824264e-02,-1.000000000000000000e+00,8.778686794446639574e-01,3.509070963187002068e-01,6.341508709390750731e-01,-9.994230034534071772e-01,-5.444466294513772286e-02,-8.530355310390126400e-01,-9.384029164955938196e-01,2.710042723661854058e-01,-9.953751791268647953e-01,-9.999999995985945356e-01,-5.194940172955317959e-01,-2.387914100013420748e-01,-9.982024480782595299e-01,1.144188380188395637e-01,-8.792203149291757391e-01,1.447332888794576888e-01,1.244262208937381153e-01,-9.997851298149017518e-01,-9.999999955489324854e-01,-9.593882577243206811e-01,-1.809386340780205771e-02,-9.907527994637763680e-01,-4.862501929395924849e-01,-1.049066535796472355e-01,4.045421341515118563e-01,2.390570336158792664e-01,-9.999932878594505192e-01,-9.999967472339034158e-01,-1.473947186793570507e-01,-5.707909466080725025e-01,-9.925461765495334765e-01,1.173629122661050683e-01,-1.374192730167936860e-01,-4.295641700984128564e-01,-9.351975428776992949e-02,-9.999541435731030825e-01,-9.999999961851291364e-01,7.450534084275650670e-03,1.891148719682278490e-02,-9.982732907275650991e-01,-6.749165519730282448e-02,-3.429843827052966310e-01,-4.619277104299466252e-01,1.708423558230196537e-01,-9.990060133099363249e-01,-9.999999994900510281e-01,-2.067563009552626507e-01,4.087718407036311508e-01,-9.960042185839113049e-01,-7.246796752330545432e-01,-8.636811358787446213e-01,-9.838545685238727634e-01,-9.184371055629404479e-01,-9.979749445262534602e-01,-9.999999999712263499e-01,-9.984423643003135229e-01,-1.904556266450265767e-01,-6.728986000231054199e-01,3.960089150562200455e-01,-2.106024919683249230e-01,-6.577530120481437370e-01,-1.572279809557433072e-01,-1.000000000000000000e+00,9.333273191824098536e-01,-6.358780685173293090e-02,3.450408029557565648e-01
-7.991444335841549895e-01,9.265682604433529423e-01,-2.031672471933169133e-01,-3.683104369363587871e-01,-7.811658696917589406e-02,-1.000000000000000000e+00,8.304601716167443470e-01,3.566625531902358759e-01,6.070352459785561816e-01,-9.995355560539426198e-01,-8.541605182262013152e-02,-8.670180013607975411e-01,-9.456878226187224179e-01,2.445032260370363364e-01,-9.963263352097910808e-01,-9.999999997460037315e-01,-5.503702145674800317e-01,-2.580476427076042745e-01,-9.984936579055202488e-01,1.312101615699143853e-01,-8.926589697562238301e-01,1.320016628196520880e-01,9.705632357291804624e-02,-9.998390151092801936e-01,-9.999999968431058095e-01,-9.642686518284779851e-01,-3.959671850508772462e-02,-9.919278074805031320e-01,-5.205480116772692734e-01,-1.026668861838201385e-01,3.885302547866551492e-01,2.131290272226140647e-01,-9.999952349840263155e-01,-9.999974240246538582e-01,-1.206089420765662501e-01,-5.904038649508576153e-01,-9.935002002781784247e-01,8.662007932819415501e-02,-1.587224809385534563e-01,-3.920564492046157978e-01,-1.326393760690035561e-01,-9.999660358552168171e-01,-9.999999973514065443e-01,1.761976924934249844e-02,4.292667162710084305e-02,-9.985598720340933543e-01,-6.137171412242825586e-02,-3.147429733116975381e-01,-4.868230003075105783e-01,1.593751856885254892e-01,-9.992342031487634335e-01,-9.999999996503822208e-01,-2.336027289024693587e-01,4.105646628993400160e-01,-9.965797377728282669e-01,-7.460084111920545213e-01,-8.779025402246050103e-01,-9.861063833565479886e-01,-9.281792901066425738e-01,-9.984337940126976063e-01,-9.999999999823409036e-01,-9.987198125758232070e-01,-2.456095791258986472e-01,-7.025224509165771680e-01,4.506669517549772852e-01,-1.818806954178985302e-01,-6.742818986032497186e-01,-1.463603615885492593e-01,-1.000000000000000000e+00,8.987358670449985265e-01,-1.385471246806357914e-02,3.659223900832964116e-01
-8.190747140873164689e-01,9.061262909701919277e-01,-2.339071116552080554e-01,-4.011817789979117421e-01,-6.979445862622490893e-02,-1.000000000000000000e+00,7.744607964254728305e-01,3.579856717658345122e-01,5.756126858603018981e-01,-9.996274377809126754e-01,-1.181262638645802499e-01,-8.800398634134916076e-01,-9.522754337714477435e-01,2.149444162571119143e-01,-9.970978811421195021e-01,-9.999999998401610801e-01,-5.805807496232122666e-01,-2.791936572959315965e-01,-9.987412042967359627e-01,1.442301316967011804e-01,-9.049339382227270523e-01,1.158261330855872018e-01,6.719812340319042399e-02,-9.998800486510532881e-01,-9.999999977691010900e-01,-9.686579545700165772e-01,-6.361550776400548557e-02,-9.929695898029601286e-01,-5.546091773747785503e-01,-1.034171461994590757e-01,3.675946495402171443e-01,1.835211762479465047e-01,-9.999966358237549757e-01,-9.999979654323659650e-01,-9.641928613548123028e-02,-6.101091236138398433e-01,-9.943448724202746947e-01,5.361524273796680617e-02,-1.820782739610330436e-01,-3.541113659578472017e-01,-1.731635196611195360e-01,-9.999749813616435334e-01,-9.999999981683008743e-01,2.500265898623021954e-02,6.450176065487989163e-02,-9.988023601648290395e-01,-5.815523032173286477e-02,-2.873654713737761046e-01,-5.120243000848192505e-01,1.435676894098263379e-01,-9.994132431330333688e-01,-9.999999997612357694e-01,-2.619215098577107881e-01,4.080560796191305961e-01,-9.970797051241679920e-01,-7.664298000732443494e-01,-8.910066303599442072e-01,-9.880842945554186851e-01,-9.369687625644015361e-01,-9.987953194595975415e-01,-9.999999999892216218e-01,-9.989516142079259975e-01,-2.993691689752934204e-01,-7.302560109632114660e-01,5.022115406824811945e-01,-1.549089652352829694e-01,-6.910765582846132293e-01,-1.382928952769632014e-01,-1.000000000000000000e+00,8.545339183300986186e-01,3.547418451397366113e-02,3.833585583765053428e-01
-8.375039610705221627e-01,8.794209978352784951e-01,-2.661922806787992979e-01,-4.342780100564138657e-01,-6.516788548436047712e-02,-1.000000000000000000e+00,7.105617449238441630e-01,3.547235927834690994e-01,5.399957120075167261e-01,-9.997021998643145224e-01,-1.524006537564677188e-01,-8.921302187304941400e-01,-9.582121874402697026e-01,1.824514538754584692e-01,-9.977201982333548935e-01,-9.999999998999761219e-01,-6.100276455959499078e-01,-3.021106299428846231e-01,-9.989511061892512034e-01,1.532244811142891017e-01,-9.161065053515154988e-01,9.624560375136526069e-02,3.498608069772335405e-02,-9.999111225927612701e-01,-9.999999984293518329e-01,-9.725943200469572281e-01,-9.003043435982882592e-02,-9.938915236171789180e-01,-5.881915506293315943e-01,-1.072421166362865774e-01,3.418255929650839686e-01,1.504124527294903313e-01,-9.999976381117799962e-01,-9.999983974954045340e-01,-7.517853256062456691e-02,-6.298432245831513399e-01,-9.950913557342617732e-01,1.850313539967252119e-02,-2.073667376153307540e-01,-3.160173005744304486e-01,-2.148126624261702533e-01,-9.999816732974670108e-01,-9.999999987383133560e-01,2.943104768798820992e-02,8.335165081974738044e-02,-9.990069986734466667e-01,-5.796949559427444498e-02,-2.611250474127350119e-01,-5.374178982992398046e-01,1.234848286778653659e-01,-9.995529361599116980e-01,-9.999999998375915800e-01,-2.915526342974565921e-01,4.011243483567270562e-01,-9.975130973179514582e-01,-7.859142663358749115e-01,-9.030402532606075505e-01,-9.898160054272850950e-01,-9.448727650333184069e-01,-9.990785725807516116e-01,-9.999999999934580108e-01,-9.991446107980022084e-01,-3.515521457531025629e-01,-7.561457623677705353e-01,5.500063712091229906e-01,-1.300155820949884244e-01,-7.080411085570446073e-01,-1.331966703951488196e-01,-1.000000000000000000e+00,8.012385303838713835e-01,8.397018753314489103e-02,3.970657064463511965e-01
-8.544999326288814645e-01,8.465046217702454356e-01,-2.998058128125677957e-01,-4.674300587212111280e-01,-6.440284471822910195e-02,-1.000000000000000000e+00,6.395554581309241815e-01,3.467505007223370406e-01,5.003214509879765348e-01,-9.997628296833106498e-01,-1.880580573448360493e-01,-9.033214375956837294e-01,-9.635440057355904031e-01,1.471640955443158649e-01,-9.982192867666136449e-01,-9.999999999377642279e-01,-6.386232200036510154e-01,-3.266687685953387765e-01,-9.991286327887962671e-01,1.579598607990551073e-01,-9.262396624889179808e-01,7.332158136355615419e-02,5.667857151789856829e-04,-9.999345224189459813e-01,-9.999999988984455968e-01,-9.761143024433233117e-01,-1.187068630046244078e-01,-9.947058407427041837e-01,-6.210727137294469458e-01,-1.142069324680945464e-01,3.113546769354456067e-01,1.140082480134132492e-01,-9.999983512494629023e-01,-9.999987414457309765e-01,-5.723449798203139594e-02,-6.495447824257276626e-01,-9.957498307905200408e-01,-1.855155701194433071e-02,-2.344567718536516576e-01,-2.781042777539652899e-01,-2.573067722980898475e-01,-9.999866515310438242e-01,-9.999999991345216444e-01,3.074475891669314898e-02,9.918744374468113634e-02,-9.991792315384915302e-01,-6.092704433704099198e-02,-2.363145146324219237e-01,-5.628929011782012326e-01,9.923056845717859176e-02,-9.996613146164207153e-01,-9.999999998899827824e-01,-3.223306230343111478e-01,3.896709292932363233e-01,-9.978879487833985928e-01,-8.044404593611709231e-01,-9.140532228555566796e-01,-9.913272006123381441e-01,-9.519570560586728680e-01,-9.992992463351809684e-01,-9.999999999960520469e-01,-9.993047351782455845e-01,-4.019983353613444388e-01,-7.802450950848696110e-01,5.933958195123130164e-01,-1.075387509771499328e-01,-7.250819802267300940e-01,-1.312275243311030737e-01,-1.000000000000000000e+00,7.394930014212162117e-01,1.311595806138237119e-01,4.067632855081004806e-01
-8.701320666335609078e-01,8.074740044924333393e-01,-3.345253427054778461e-01,-5.004750402228764772e-01,-6.763460656670261528e-02,-1.000000000000000000e+00,5.623196404148813610e-01,3.339696768846207586e-01,4.567509349113114681e-01,-9.998118316599767796e-01,-2.249121767043972264e-01,-9.136485719241121961e-01,-9.683159030972909864e-01,1.092373978152803016e-01,-9.986172383965388200e-01,-9.999999999615024615e-01,-6.662901350841159420e-01,-3.527284155002288202e-01,-9.992783846874788711e-01,1.582271794956939814e-01,-9.353972883718151277e-01,4.713803632928059706e-02,-3.590198764376695273e-02,-9.999520431883323068e-01,-9.999999992305111940e-01,-9.792527379257753850e-01,-1.494963336328822834e-01,-9.954237010465862845e-01,-6.530518636691018397e-01,-1.243559638025146796e-01,2.763538826116040958e-01,7.453841187632503917e-02,-9.999988557867172112e-01,-9.999990145569352951e-01,-4.292558151824799051e-02,-6.691547004498261675e-01,-9.963295627304572522e-01,-5.737528911455846981e-02,-2.632070914158719521e-01,-2.407459593400076425e-01,-3.003681460256127922e-01,-9.999903340073608149e-01,-9.999999994088336619e-01,2.879305922216390812e-02,1.117182298435319687e-01,-9.993237922523245942e-01,-6.712415553416239966e-02,-2.132458321197088225e-01,-5.883418526498427337e-01,7.094716759865882239e-02,-9.997449176982636798e-01,-9.999999999257892513e-01,-3.540858814925778031e-01,3.736220210372425132e-01,-9.982114335245909631e-01,-8.219947995281814412e-01,-9.240975375553256432e-01,-9.926415795538724440e-01,-9.582854604133413945e-01,-9.994701828051292258e-01,-9.999999999976313392e-01,-9.994371119625673483e-01,-4.505696243040926419e-01,-8.026132475673329880e-01,6.317103929922107675e-01,-8.782410523097516908e-02,-7.421086454850649439e-01,-1.325238645923126901e-01,-1.000000000000000000e+00,6.700542084858420733e-01,1.765227031477087927e-01,4.121757710743849668e-01
-8.844707872176640340e-01,7.624706242772449905e-01,-3.701252971081069321e-01,-5.332573170960510645e-01,-7.496490093983465552e-02,-1.000000000000000000e+00,4.797996781473299333e-01,3.163153919012686721e-01,4.094682648323650920e-01,-9.998512981465323968e-01,-2.627729596877066420e-01,-9.231488007069134083e-01,-9.725716536577636573e-01,6.884079681728483280e-02,-9.989326916875075346e-01,-9.999999999763290459e-01,-6.929613454165801656e-01,-3.801412138782725991e-01,-9.994043681232183118e-01,1.538448689334908082e-01,-9.436434145709797772e-01,1.780109732927326327e-02,-7.425227186310723315e-02,-9.999650861909694655e-01,-9.999999994646954216e-01,-9.820426600877278922e-01,-1.822376656867893407e-01,-9.960552645092823898e-01,-6.839512179492917010e-01,-1.377117364997849647e-01,2.370341921217991032e-01,3.225505885860746602e-02,-9.999992106887825027e-01,-9.999992308502836380e-01,-3.257610565500279609e-02,-6.886163184080245081e-01,-9.968389661578441752e-01,-9.778677092821774774e-02,-2.934672827035856857e-01,-2.043613398170561757e-01,-3.437241104041207640e-01,-9.999930423564827864e-01,-9.999999995979826917e-01,2.343617458601077175e-02,1.206530692576728292e-01,-9.994447851089520718e-01,-7.663940069476737893e-02,-1.922493394283376622e-01,-6.136612935624470300e-01,3.881399120453066232e-02,-9.998090349054673531e-01,-9.999999999501620884e-01,-3.866460455052616041e-01,3.529299971174764128e-01,-9.984899422988386952e-01,-8.385709824549654190e-01,-9.332266583325479203e-01,-9.937809093994806053e-01,-9.639194983100433101e-01,-9.996018231788522668e-01,-9.999999999985874632e-01,-9.995461504775680073e-01,-4.971497078438966710e-01,-8.233142964008550724e-01,6.642728644877067268e-01,-7.122188354600822446e-02,-7.590342797175152478e-01,-1.372045439226847741e-01,-1.000000000000000000e+00,5.937775518302326194e-01,2.194934428244077473e-01,4.130347878726485789e-01
-8.975868774951538676e-01,7.116802533874559966e-01,-4.063790817139567579e-01,-5.656294380317508086e-01,-8.645940475537150505e-02,-1.000000000000000000e+00,3.929899371775662509e-01,2.937546135536310832e-01,3.586796398622535964e-01,-9.998829712470440612e-01,-3.014479655418559334e-01,-9.318609117266093422e-01,-9.763535155696698720e-01,2.615711740759540938e-02,-9.991812628691655318e-01,-9.999999999855353483e-01,-7.185799531691063891e-01,-4.087513287047895849e-01,-9.995100626499563434e-01,1.446620332102228623e-01,-9.510415760912618310e-01,-1.456142198551457767e-02,-1.143069351569999670e-01,-9.999747386720669873e-01,-9.999999996292129323e-01,-9.845152456471372160e-01,-2.167581450517931385e-01,-9.966097614293180085e-01,-7.136169398640855865e-01,-1.542740058014708815e-01,1.936437523524330295e-01,-1.256983393675070726e-02,-9.999994588700402698e-01,-9.999994016810647146e-01,-2.649150244252240771e-02,-7.078755345634915042e-01,-9.972856678018848786e-01,-1.395981001510538944e-01,-3.250789097917735626e-01,-1.694160694276588552e-01,-3.871095590376001372e-01,-9.999950226136161691e-01,-9.999999997278652408e-01,1.454685439017233684e-02,1.257031758930462484e-01,-9.995457590232496026e-01,-8.953225163451450364e-02,-1.736726930935202917e-01,-6.387522608539825120e-01,3.045855641865546914e-03,-9.998579176246551459e-01,-9.999999999666832062e-01,-4.198373090034455135e-01,3.275747285362862193e-01,-9.987291550302106469e-01,-8.541694521101735882e-01,-9.414948507122737897e-01,-9.947650936759044882e-01,-9.689180891166290222e-01,-9.997026020875261487e-01,-9.999999999991627808e-01,-9.996356300049441534e-01,-5.416436264458437400e-01,-8.424162023098613616e-01,6.904050845781468659e-01,-5.808377920547225237e-02,-7.757763540340549824e-01,-1.453668147388982312e-01,-1.000000000000000000e+00,5.115999101498354129e-01,2.594592196620408853e-01,4.090813896096108238e-01
-9.095509184302105199e-01,6.553322293050496405e-01,-4.430612164042326828e-01,-5.974529541966235868e-01,-1.021456020790785235e-01,-1.000000000000000000e+00,3.029144338110749679e-01,2.662885042215474840e-01,3.046122531989965410e-01,-9.999082964831557119e-01,-3.407437095623548906e-01,-9.398248221717527828e-01,-9.797020089345622740e-01,-1.861848564988410892e-02,-9.993759463221612016e-01,-9.999999999912173587e-01,-7.430989815191726411e-01,-4.383967121403827827e-01,-9.995984825342373314e-01,1.305614378875656900e-01,-9.576542462396786526e-01,-4.980066508779601442e-02,-1.558807470120239236e-01,-9.999818390740805585e-01,-9.999999997443275168e-01,-9.866997870623187561e-01,-2.528747863737045298e-01,-9.970955603436045811e-01,-7.419196000409402636e-01,-1.740189990895916194e-01,1.464656073808632275e-01,-5.964701260696547713e-02,-9.999996313809722537e-01,-9.999995362243128127e-01,-2.495340504981780061e-02,-7.268809051761313533e-01,-9.976765666648430564e-01,-1.826159080853801964e-01,-3.578766630115757241e-01,-1.364233239147680798e-01,-4.302693013392266952e-01,-9.999964618612741107e-01,-9.999999998166678727e-01,2.011975261133835957e-03,1.265843074399721768e-01,-9.996297742650375184e-01,-1.058417638791233628e-01,-1.578794761553091730e-01,-6.635207282281688768e-01,-3.610907744671709718e-02,-9.998949611813157112e-01,-9.999999999778340642e-01,-4.534857252586519394e-01,2.975647754646861820e-01,-9.989341084180609620e-01,-8.687968527367873062e-01,-9.489565924609718595e-01,-9.956122533568290134e-01,-9.733373239965003032e-01,-9.997792896385716555e-01,-9.999999999995069500e-01,-9.997087774221337098e-01,-5.839771155850599360e-01,-8.599899181502588252e-01,7.094354468745025510e-01,-4.875946653361307170e-02,-7.922571566749690986e-01,-1.570843902111718204e-01,-1.000000000000000000e+00,4.245210621054407163e-01,2.957615374517226225e-01,4.000684917997126000e-01
-9.204327927223637795e-01,5.936983324102564907e-01,-4.799493983751742521e-01,-6.285991138767355046e-01,-1.220110671490794996e-01,-1.000000000000000000e+00,2.106073795279783667e-01,2.339536807377895489e-01,2.475130549682342807e-01,-9.999284691701089134e-01,-3.804669809263071523e-01,-9.470811397902993978e-01,-9.826557434668995450e-01,-6.527965308656258347e-02,-9.995274813952433890e-01,-9.999999999947025708e-01,-7.664810767220194831e-01,-4.689104046589817054e-01,-9.996722322271006655e-01,1.114622915780869583e-01,-9.635423534559216519e-01,-8.774754477454749235e-02,-1.987814778966132678e-01,-9.999870300201142426e-01,-9.999999998245409083e-01,-9.886236887598309764e-01,-2.903956640558295055e-01,-9.975202333242876307e-01,-7.687541997511805336e-01,-1.968988443739133620e-01,9.581502018814247457e-02,-1.086726901618213503e-01,-9.999997505557916000e-01,-9.999996418761744055e-01,-2.821471275872933226e-02,-7.455837245738351493e-01,-9.980178914345723129e-01,-2.266425168429117010e-01,-3.916895442183150333e-01,-1.059441351287853106e-01,-4.729602045096062968e-01,-9.999975015002039447e-01,-9.999999998771132992e-01,-1.426582576832480243e-02,1.230193604954186171e-01,-9.996994625271249379e-01,-1.255853534523895254e-01,-1.452474532126267759e-01,-6.878779904944360979e-01,-7.837183641498202125e-02,-9.999228600254084220e-01,-9.999999999853267374e-01,-4.874184744609503239e-01,2.629384288477272236e-01,-9.991092587667320668e-01,-8.824654686477388932e-01,-9.556660473699529756e-01,-9.963388172472588122e-01,-9.772303014600776105e-01,-9.998372852086345741e-01,-9.999999999997115641e-01,-9.997683374522635669e-01,-6.240957940320313035e-01,-8.761085627610381010e-01,7.207069659305087583e-01,-4.359281598996644913e-02,-8.084042424877178057e-01,-1.724056412991400444e-01,-1.000000000000000000e+00,3.335840659530413532e-01,3.276971809134185953e-01,3.857634517556811637e-01
-9.303012516838990997e-01,5.270912638275153661e-01,-5.168264744786112974e-01,-6.589494375498754497e-01,-1.460022174394851602e-01,-1.000000000000000000e+00,1.170940899670094293e-01,1.968232081160390390e-01,1.876473807472491817e-01,-9.999444743175976980e-01,-4.204261287591953833e-01,-9.536707653330763756e-01,-9.852512916836497769e-01,-1.136100126130031862e-01,-9.996446838936190460e-01,-9.999999999968267606e-01,-7.886981489909555831e-01,-5.001218632958788213e-01,-9.997335562822450283e-01,8.732277037241531481e-02,-9.687648766366252495e-01,-1.282137268324716750e-01,-2.428110319381311388e-01,-9.999908010208643505e-01,-9.999999998801937240e-01,-9.903124837587121698e-01,-3.291213056137561876e-01,-9.978906183903820670e-01,-7.940397888321407693e-01,-2.228412013907836720e-01,4.203640844362976914e-02,-1.593314219185676395e-01,-9.999998323636809516e-01,-9.999997245847588312e-01,-3.649470529478371361e-02,-7.639380889592718438e-01,-9.983152550037261985e-01,-2.714771063171045329e-01,-4.263420833568686286e-01,-7.858709334971736293e-02,-5.149531130507477572e-01,-9.999982477573404749e-01,-9.999999999180662069e-01,-3.436650253646933439e-02,1.147411653766463591e-01,-9.997570807687972128e-01,-1.487576867890544330e-01,-1.361664460144507149e-01,-7.117409941187747835e-01,-1.234355771121521395e-01,-9.999437388367856672e-01,-9.999999999903380621e-01,-5.214650913302356638e-01,2.237645804441048547e-01,-9.992585401184596039e-01,-8.951926599946050667e-01,-9.616766043230359218e-01,-9.969596189279807952e-01,-9.806470195686229907e-01,-9.998808674710816247e-01,-9.999999999998324673e-01,-9.998166358304584334e-01,-6.619642152204776586e-01,-8.908466629572980855e-01,7.235859103600825737e-01,-4.291781688592188893e-02,-8.241508105514275817e-01,-1.913519608837066510e-01,-1.000000000000000000e+00,2.398551100193553332e-01,3.545201371288582148e-01,3.659507850564394094e-01
-9.392235423606603018e-01,4.558627187992161378e-01,-5.534823058524378503e-01,-6.883961764380841508e-01,-1.740235799278617712e-01,-1.000000000000000000e+00,2.337272452585792415e-02,1.550072977089327342e-01,1.252974440550373991e-01,-9.999571208127557842e-01,-4.604323121142372965e-01,-9.596345362611237162e-01,-9.875231032074888171e-01,-1.633844365330399118e-01,-9.997347419808265689e-01,-9.999999999981129539e-01,-8.097309618531317588e-01,-5.318583086429775619e-01,-9.997843841036336832e-01,5.814223356670300547e-02,-9.733785145674250794e-01,-1.709927862645810315e-01,-2.877666118770741965e-01,-9.999935226463179117e-01,-9.999999999186318655e-01,-9.917898676151584159e-01,-3.688461411958363634e-01,-9.982128788428803468e-01,-8.177187169312746251e-01,-2.517491121734733994e-01,-1.450007656669971556e-02,-2.112990855682811420e-01,-9.999998881540008711e-01,-9.999997891221948931e-01,-4.997428968379735714e-02,-7.819009469721844852e-01,-9.985737059926140802e-01,-3.169168899377342585e-01,-4.616555812052850483e-01,-5.500733054514095333e-02,-5.560345339360972527e-01,-9.999987799481696582e-01,-9.999999999456786748e-01,-5.835095261914946541e-02,1.014954699545986827e-01,-9.998045592871879217e-01,-1.753297053609612632e-01,-1.310358082290532522e-01,-7.350326167227783092e-01,-1.709688902236056185e-01,-9.999592623374520262e-01,-9.999999999936736161e-01,-5.554586471420808191e-01,1.801433978134323599e-01,-9.993854178174994551e-01,-9.070003016148746600e-01,-9.670404798235913146e-01,-9.974879978287114479e-01,-9.836343184557228003e-01,-9.999134052954834484e-01,-9.999999999999032996e-01,-9.998556357644303727e-01,-6.975648053494621914e-01,-9.042794645328431358e-01,7.174709151641516236e-01,-4.705423513010242864e-02,-8.394360107489027278e-01,-2.139163276655279278e-01,-1.000000000000000000e+00,1.444033518693128570e-01,3.754443180367805777e-01,3.404350024429498855e-01
-9.472650915811031691e-01,3.804010533241970471e-01,-5.897155095394939206e-01,-7.168426582698607108e-01,-2.059376085490667307e-01,-1.000000000000000000e+00,-6.960271449193367044e-02,1.086536800351234344e-01,6.076069103009662520e-02,-9.999670705822719663e-01,-5.003007098717862089e-01,-9.650129110278363731e-01,-9.895034556944721782e-01,-2.143703656744665453e-01,-9.998034773266567532e-01,-9.999999999988863353e-01,-8.295686790021926660e-01,-5.639460822279572794e-01,-9.998263699096094914e-01,2.396307803567854222e-02,-9.774374243913658278e-01,-2.158615365184577417e-01,-3.334419157546956169e-01,-9.999954736711612613e-01,-9.999999999450545074e-01,-9.930777467903656452e-01,-4.093600029166372112e-01,-9.984925593953047906e-01,-8.397555612080613852e-01,-2.835010875035141042e-01,-7.340229434525369356e-02,-2.642459380241670708e-01,-9.999999259434793064e-01,-9.999998393078022296e-01,-6.879146925370205334e-02,-7.994321397924912809e-01,-9.987977772215939076e-01,-3.627582983888092416e-01,-4.974493731871569846e-01,-3.590469430259002337e-02,-5.960080788448853806e-01,-9.999991569287495219e-01,-9.999999999642018578e-01,-8.625939241049829231e-02,8.304409591847927707e-02,-9.998435444703804853e-01,-2.052478081882591621e-01,-1.302614828993133855e-01,-7.576818982795042734e-01,-2.206194407358423870e-01,-9.999707265063598749e-01,-9.999999999958825159e-01,-5.892368809972634569e-01,1.322067791633971812e-01,-9.994929376703710622e-01,-9.179142310657623094e-01,-9.718083813301511276e-01,-9.979359023201198609e-01,-9.862358668999324784e-01,-9.999375341258918137e-01,-9.999999999999447109e-01,-9.998869881162101292e-01,-7.308967105816903675e-01,-9.164823119138231222e-01,7.018024775008382399e-01,-5.630304261994611981e-02,-8.542051806635195810e-01,-2.400621035710136519e-01,-1.000000000000000000e+00,4.828125346223277603e-02,3.896471566318604474e-01,3.090435452615116763e-01
-9.544892432029123963e-01,3.011285450438998534e-01,-6.253350632936467424e-01,-7.442035244286533402e-01,-2.415650843422041394e-01,-1.000000000000000000e+00,-1.609377433354405307e-01,5.794762297696176567e-02,-5.651983937234095201e-03,-9.999748633692771005e-01,-5.398516866089970723e-01,-9.698456926988431315e-01,-9.912224379269007901e-01,-2.663291995110014243e-01,-9.998555731435401217e-01,-9.999999999993479660e-01,-8.482083769337180890e-01,-5.962120057215077873e-01,-9.998609282975591261e-01,-1.512782150582403506e-02,-9.809930235695882850e-01,-2.625815310365745558e-01,-3.796283645528746309e-01,-9.999968624854572719e-01,-9.999999999631264958e-01,-9.941962987515349237e-01,-4.504496671768289939e-01,-9.987346390277757058e-01,-8.601357766653081605e-01,-3.179514446634977842e-01,-1.342601447669728998e-01,-3.178397201362433977e-01,-9.999999513595808631e-01,-9.999998781907233347e-01,-9.303712959530729965e-02,-8.164944332452397369e-01,-9.989915311216376326e-01,-4.087981702661465100e-01,-5.335421088815658353e-01,-2.202102521935156432e-02,-6.346956578890450285e-01,-9.999994220997437955e-01,-9.999999999765611935e-01,-1.181097784686585550e-01,5.916824441910195631e-02,-9.998754366796385185e-01,-2.384332165857653285e-01,-1.342526322416437434e-01,-7.796242266142637822e-01,-2.720178964993178461e-01,-9.999791337359948962e-01,-9.999999999973373521e-01,-6.226432753869007852e-01,8.011856195144484438e-02,-9.995837708956725187e-01,-9.279637109834588671e-01,-9.760292281044697926e-01,-9.983139930258539962e-01,-9.884921868697422731e-01,-9.999553022705151006e-01,-9.999999999999685807e-01,-9.999120757620727495e-01,-7.619745741765758806e-01,-9.275300950711962145e-01,6.760727196544371598e-01,-7.094166469992524426e-02,-8.684100146280617771e-01,-2.697220988518462814e-01,-1.000000000000000000e+00,-4.749410598251235793e-02,3.962741427196396771e-01,2.716297914237035815e-01
-9.609570445501216529e-01,2.184982535635200396e-01,-6.601617611725734136e-01,-7.704048629277074900e-01,-2.806861219628371540e-01,-1.000000000000000000e+00,-2.498107978762017511e-01,3.111567465086340079e-03,-7.361816165361811937e-02,-9.999809376998486377e-01,-5.789119102754082258e-01,-9.741717902359307013e-01,-9.927079607305485665e-01,-3.190177515722248947e-01,-9.998947713191879139e-01,-9.999999999996215250e-01,-8.656545308657541682e-01,-6.284847330335040505e-01,-9.998892657845126486e-01,-5.899813796675956734e-02,-9.840938495079234460e-01,-3.109007348187586839e-01,-4.261163593819643491e-01,-9.999978438634353761e-01,-9.999999999754212165e-01,-9.951640413426029452e-01,-4.919004323566444903e-01,-9.989435805416736480e-01,-8.788641170118205448e-01,-3.549309102872477695e-01,-1.966498399122335039e-01,-3.717487792042402095e-01,-9.999999683275115903e-01,-9.999999081990212924e-01,-1.227512398574112096e-01,-8.330535439717947632e-01,-9.991586021084614133e-01,-4.548349480858322469e-01,-5.697530413331425292e-01,-1.413645645476790946e-02,-6.719384220386851458e-01,-9.999996072611896381e-01,-9.999999999847611898e-01,-1.538963024115036493e-01,2.967192117295236464e-02,-9.999014236954291146e-01,-2.747815461292079098e-01,-1.434178368874046150e-01,-8.008014795584622592e-01,-3.247820976385034086e-01,-9.999852542709783965e-01,-9.999999999982902565e-01,-6.555280711304234398e-01,2.407445886643544419e-02,-9.996602550779999374e-01,-9.371809099907441043e-01,-9.797499257988324661e-01,-9.986317448503605476e-01,-9.904407102448642419e-01,-9.999682912606593366e-01,-9.999999999999823475e-01,-9.999320526022104083e-01,-7.908272627349487438e-01,-9.374967614576640296e-01,6.398352823683208790e-01,-9.121910225548757190e-02,-8.820086670972349108e-01,-3.027979387210858464e-01,-1.000000000000000000e+00,-1.419582972103266005e-01,3.944443544145113112e-01,2.280760975587172723e-01
-9.667270778824142985e-01,1.329904905914756075e-01,-6.940295088549476299e-01,-7.953842417820611299e-01,-3.230417970250218929e-01,-1.000000000000000000e+00,-3.354844197897607350e-01,-5.559564472215661191e-02,-1.428059588269220415e-01,-9.999856485549982743e-01,-6.173154170827015452e-01,-9.780290154395392399e-01,-9.939857915645792241e-01,-3.721897680015797683e-01,-9.999240412115295573e-01,-9.999999999997823963e-01,-8.819184806556821243e-01,-6.605960858136437075e-01,-9.999124086859614291e-01,-1.074696320817625228e-01,-9.867854709064356467e-01,-3.605553615298393577e-01,-4.726965658231170320e-01,-9.999985320051986148e-01,-9.999999999837378972e-01,-9.959979091986754796e-01,-5.334977231943810461e-01,-9.991233768340948007e-01,-8.959628744894445607e-01,-3.942474997680653903e-01,-2.601383703787431001e-01,-4.256451779957849402e-01,-9.999999795673450986e-01,-9.999999312611128621e-01,-1.579195692822688013e-01,-8.490781612816006296e-01,-9.993022359766298157e-01,-5.006698771592529296e-01,-6.059033194991996218e-01,-1.306466325475108547e-02,-7.075974540264311496e-01,-9.999997355619513195e-01,-9.999999999901685310e-01,-1.935879895392297323e-01,-5.614555979718716117e-03,-9.999225101443042218e-01,-3.141626107869918139e-01,-1.581608703622121581e-01,-8.211621257608985314e-01,-3.785214135208334607e-01,-9.999896760457126499e-01,-9.999999999989105381e-01,-6.877492166323697642e-01,-3.569830455903111321e-02,-9.997244313549492611e-01,-9.456004055318140145e-01,-9.830151906848190180e-01,-9.988975464924815251e-01,-9.921158622728956100e-01,-9.999777140975590894e-01,-9.999999999999901190e-01,-9.999478776933595769e-01,-8.174965590161304974e-01,-9.464548900768564588e-01,5.927151917122026603e-01,-1.173509952040174831e-01,-8.949657927806250468e-01,-3.391597640875827491e-01,-1.000000000000000000e+00,-2.342149980163115153e-01,3.832570288619552290e-01,1.782968367981223601e-01
-9.718553326964171069e-01,4.510891643886472124e-02,-7.267864489430735375e-01,-8.190906473978852853e-01,-3.683363982059426611e-01,-1.000000000000000000e+00,-4.173140451748671431e-01,-1.178799727007656672e-01,-2.128762216980912836e-01,-9.999892822077544041e-01,-6.549046184343370047e-01,-9.814539133085806721e-01,-9.950796088754166879e-01,-4.255975054601275342e-01,-9.999457228600054925e-01,-9.999999999998760991e-01,-8.970178826608382616e-01,-6.923823622090818919e-01,-9.999312276786940235e-01,-1.603182521273818217e-01,-9.891104449125988074e-01,-4.112718690167715963e-01,-5.191612217156484910e-01,-9.999990106093685771e-01,-9.999999999893290914e-01,-9.967133352190907791e-01,-5.750287118413349718e-01,-9.992775939468426794e-01,-9.114699865490010211e-01,-4.356876815933180547e-01,-3.242881135283339766e-01,-4.792077577646947084e-01,-9.999999869514445416e-01,-9.999999489044349987e-01,-1.984710180075857089e-01,-8.645399658155646927e-01,-9.994253263956638378e-01,-5.461082036721841559e-01,-6.418172762084189964e-01,-1.964700278311470871e-02,-7.415542099275777010e-01,-9.999998237413074698e-01,-9.999999999937111417e-01,-2.371274337578540559e-01,-4.683101117205212827e-02,-9.999395433024871327e-01,-3.564204833364021940e-01,-1.788760644626499197e-01,-8.406612857706805553e-01,-4.328412292851121501e-01,-9.999928448052736174e-01,-9.999999999993117727e-01,-7.191732461678788102e-01,-9.894167481638083128e-02,-9.997780780748338758e-01,-9.532587112538108975e-01,-9.858674192358037880e-01,-9.991187964656847997e-01,-9.935491667265149429e-01,-9.999844948312536230e-01,-9.999999999999945599e-01,-9.999603449690217527e-01,-8.420358370874408971e-01,-9.544753243067933823e-01,5.344185240545782367e-01,-1.495147040282092110e-01,-9.072525261842173672e-01,-3.786462966029587873e-01,-1.000000000000000000e+00,-3.234493125109685341e-01,3.617991998388050412e-01,1.222413856754340777e-01
-9.763951147096533445e-01,-4.462371355405381212e-02,-7.582959078734501368e-01,-8.414843326164241910e-01,-4.162402963109664844e-01,-1.000000000000000000e+00,-4.947542876754494889e-01,-1.834138244413980878e-01,-2.834848451909953715e-01,-9.999920686320976637e-01,-6.915312440506392599e-01,-9.844816234260286292e-01,-9.960110725870705561e-01,-4.789933625424180885e-01,-9.999616474198292915e-01,-9.999999999999302780e-01,-9.109761527815136706e-01,-7.236856080085036780e-01,-9.999464593745085450e-01,-2.172748319324697697e-01,-9.911083142974359550e-01,-4.627691029671563427e-01,-5.653054630954831294e-01,-9.999993405987372963e-01,-9.999999999930628825e-01,-9.973243353523090216e-01,-6.162839440848042472e-01,-9.994094109740438991e-01,-9.254370557588704749e-01,-4.790178311118589161e-01,-3.886615265860737800e-01,-5.321251216743574375e-01,-9.999999917597806043e-01,-9.999999623354205447e-01,-2.442756575350816250e-01,-8.794136456561278958e-01,-9.995304486107792208e-01,-5.909603669082956756e-01,-6.773237029038798873e-01,-3.474550069022785959e-02,-7.737107159184177796e-01,-9.999998838210883978e-01,-9.999999999960156316e-01,-2.844297031317967184e-01,-9.408387725500033660e-02,-9.999532356482878637e-01,-4.013738344782780132e-01,-2.059432920801483879e-01,-8.592607546059766177e-01,-4.873474997195156311e-01,-9.999950961623458312e-01,-9.999999999995693445e-01,-7.496760816250710446e-01,-1.653677991445854367e-01,-9.998227411664382114e-01,-9.601938308871192929e-01,-9.883465987012601817e-01,-9.993019948716564960e-01,-9.947693681646024855e-01,-9.999893325289249679e-01,-9.999999999999970024e-01,-9.999701089954644573e-01,-8.645087339356961609e-01,-9.616268597701617127e-01,4.647416773722707894e-01,-1.878444951820690267e-01,-9.188464033910623829e-01,-4.210652947267918833e-01,-1.000000000000000000e+00,-4.089386958347051015e-01,3.291544109532986706e-01,5.989700817565468682e-02
-9.803969875044724613e-01,-1.356701213654585292e-01,-7.884371575098305662e-01,-8.625365790777623776e-01,-4.663934097571725834e-01,-1.000000000000000000e+00,-5.673626833663322211e-01,-2.518381613769153926e-01,-3.542852066022377233e-01,-9.999941918414616548e-01,-7.270572147605661728e-01,-9.871457699023574728e-01,-9.967999074061316689e-01,-5.321315565488649035e-01,-9.999732375745630231e-01,-9.999999999999612532e-01,-9.238219052914699025e-01,-7.543548385859361050e-01,-9.999587252110876401e-01,-2.780264181443469207e-01,-9.928156391034619332e-01,-5.147605749250581120e-01,-6.109286612112323489e-01,-9.999995660047181767e-01,-9.999999999955381247e-01,-9.978435951763517942e-01,-6.570589576324311620e-01,-9.995216569360678704e-01,-9.379273270063407386e-01,-5.239859736357007636e-01,-4.528258634114818992e-01,-5.840985041911145315e-01,-9.999999948611212330e-01,-9.999999725041726073e-01,-2.951435696250791496e-01,-8.936769100304936542e-01,-9.996198904668760488e-01,-6.350431790175321556e-01,-7.122571012718201811e-01,-5.923466056056325701e-02,-8.039895269504295783e-01,-9.999999243744109867e-01,-9.999999999975031084e-01,-3.353814513668025299e-01,-1.474427325916892739e-01,-9.999641845101651105e-01,-4.488165704200868245e-01,-2.397226057412625844e-01,-8.769289866477623097e-01,-5.416513047686939419e-01,-9.999966810210275669e-01,-9.999999999997334355e-01,-7.791437518678857588e-01,-2.346604156117253481e-01,-9.998597614616145934e-01,-9.664448400030575259e-01,-9.904902543332642084e-01,-9.994528303741525566e-01,-9.958025671546227864e-01,-9.999927523084256586e-01,-9.999999999999984457e-01,-9.999777071894130342e-01,-8.849878301485637477e-01,-9.679759833521526247e-01,3.835800439506280579e-01,-2.324269242670101709e-01,-9.297312290870750617e-01,-4.661944227922416584e-01,-1.000000000000000000e+00,-4.900613044911411587e-01,2.844124912580057174e-01,-8.708419729227978578e-03
-9.839087429951248742e-01,-2.274833578988129101e-01,-8.171059860831494381e-01,-8.822293786441535168e-01,-5.184092324659010931e-01,-1.000000000000000000e+00,-6.348009378947622183e-01,-3.227650626262292821e-01,-4.249306989234501453e-01,-9.999957984695087010e-01,-7.613554378081037743e-01,-9.894783773944773042e-01,-9.974639959379590914e-01,-5.847698349433765319e-01,-9.999815905551699968e-01,-9.999999999999787947e-01,-9.355883915156724129e-01,-7.842471994212099062e-01,-9.999685479448015002e-01,-3.422182480872314470e-01,-9.942660575113627663e-01,-5.669568570902062676e-01,-6.558357616564025605e-01,-9.999997184182009002e-01,-9.999999999971656006e-01,-9.982825569773601249e-01,-6.971558777477606661e-01,-9.996168447457681738e-01,-9.490136630336067913e-01,-5.703238114959007232e-01,-5.163578503338112080e-01,-6.348444915589281923e-01,-9.999999968407623507e-01,-9.999999801566358260e-01,-3.508245625452377503e-01,-9.073105002913651740e-01,-9.996956808862310639e-01,-6.781809841326338351e-01,-7.464589006945004934e-01,-9.399209562713495281e-02,-8.323334562743738285e-01,-9.999999514704763781e-01,-9.999999999984551247e-01,-3.898402705953679659e-01,-2.069369709806752056e-01,-9.999728891311727708e-01,-4.985187850882926153e-01,-2.805485824312606846e-01,-8.936410433784333085e-01,-5.953733383523704958e-01,-9.999977855912302038e-01,-9.999999999998371303e-01,-8.074730236980280917e-01,-3.064766170508992360e-01,-9.998902992075705543e-01,-9.720514965457717205e-01,-9.923334290258768453e-01,-9.995762619946598759e-01,-9.966723647694577526e-01,-9.999951457485283246e-01,-9.999999999999991118e-01,-9.999835788970122818e-01,-9.035533508840895012e-01,-9.735866593923871992e-01,2.909358704052082967e-01,-2.832965173956746296e-01,-9.398968920239473279e-01,-5.137825491116736476e-01,-1.000000000000000000e+00,-5.663016727021705776e-01,2.266803554517753394e-01,-8.350390544072916477e-02
-9.869753971104995305e-01,-3.195118859099571607e-01,-8.442150749067330873e-01,-9.005550387696362735e-01,-5.718793763107405947e-01,-1.000000000000000000e+00,-6.968337853248842695e-01,-3.957807432506863510e-01,-4.950773447484463352e-01,-9.999970048650121957e-01,-7.943105170317049657e-01,-9.915098107534456862e-01,-9.980194789314688064e-01,-6.366712082265314487e-01,-9.999875462144323102e-01,-9.999999999999885647e-01,-9.463129419629472405e-01,-8.132290524912382246e-01,-9.999763660083178518e-01,-4.094563882154285128e-01,-9.954903710189755284e-01,-6.190680723982870948e-01,-6.998386147542554614e-01,-9.999998203324601542e-01,-9.999999999982259746e-01,-9.986515062330797443e-01,-7.363849740193592064e-01,-9.996972024066417273e-01,-9.587765557623753043e-01,-6.177490238222934638e-01,-5.788482539242427727e-01,-6.840975585352537802e-01,-9.999999980899633156e-01,-9.999999858765828975e-01,-4.110088305162715727e-01,-9.202981974411514887e-01,-9.997596159384696257e-01,-7.202067870728581234e-01,-7.797786293930649704e-01,-1.398880087044170883e-01,-8.587050869229988503e-01,-9.999999693732994910e-01,-9.999999999990584199e-01,-4.476343199071535217e-01,-2.725526724653636323e-01,-9.999797654443133288e-01,-5.502280385702014165e-01,-3.287244378414854173e-01,-9.093785042473300217e-01,-6.481482607084576575e-01,-9.999985470285113198e-01,-9.999999999999019673e-01,-8.345719383478437114e-01,-3.804489952634885208e-01,-9.999153559989376605e-01,-9.770538806388983089e-01,-9.939086912888835945e-01,-9.996765955013515725e-01,-9.974000131184123097e-01,-9.999968026490466677e-01,-9.999999999999995559e-01,-9.999880817047530623e-01,-9.202918970983812175e-01,-9.785201591000448618e-01,1.869250867373157821e-01,-3.404318557111507548e-01,-9.493391323201197940e-01,-5.635514820497584676e-01,-1.000000000000000000e+00,-6.372536960288148755e-01,1.550937638566309840e-01,-1.643731178881665533e-01
-9.896392073434303605e-01,-4.112048380018321625e-01,-8.696941792558140483e-01,-9.175157169376159105e-01,-6.263785664629426542e-01,-1.000000000000000000e+00,-7.533256306870317331e-01,-4.704490114953137070e-01,-5.643864675370318107e-01,-9.999979029358702087e-01,-8.258193699859046610e-01,-9.932687359285998774e-01,-9.984808602853781911e-01,-6.876056883936992881e-01,-9.999917423940779537e-01,-9.999999999999940048e-01,-9.560364151614604289e-01,-8.411769755679838756e-01,-9.999825459741213951e-01,-4.793110303069725298e-01,-9.965166494038956158e-01,-6.708064544683538521e-01,-7.427572845150292036e-01,-9.999998876361165800e-01,-9.999999999989096500e-01,-9.989596565957720165e-01,-7.745661607374050295e-01,-9.997647015918722513e-01,-9.673022068238252835e-01,-6.659678215440771876e-01,-6.399062722016306548e-01,-7.316123872845754494e-01,-9.999999988681387286e-01,-9.999999901193197260e-01,-4.753286059260144469e-01,-9.326268251059799397e-01,-9.998132826462590161e-01,-7.609633404339977147e-01,-8.120750262265103991e-01,-1.977735758051376580e-01,-8.830860784152215759e-01,-9.999999810548553247e-01,-9.999999999994366728e-01,-5.085622620665616322e-01,-3.442297462125590846e-01,-9.999851588275039393e-01,-6.036709679281851981e-01,-3.845159856828838096e-01,-9.241293408084894079e-01,-6.996288443324986117e-01,-9.999990655651935789e-01,-9.999999999999420464e-01,-8.603602475781766401e-01,-4.561881648487233765e-01,-9.999357943507932722e-01,-9.814920638481089421e-01,-9.952461676828879833e-01,-9.997575542894074907e-01,-9.980045691006075304e-01,-9.999979358064149393e-01,-9.999999999999997780e-01,-9.999915053228412010e-01,-9.352952158912111180e-01,-9.828349293402522946e-01,7.178288757780282303e-02,-4.037521702121648071e-01,-9.580592642393830349e-01,-6.151981448174832501e-01,-1.000000000000000000e+00,-7.026209822229809721e-01,6.882994851495460864e-02,-2.511525124899558481e-01
-9.919397090920738513e-01,-5.020173855782729122e-01,-8.934901139625605060e-01,-9.331228896155321362e-01,-6.814700146781670353e-01,-1.000000000000000000e+00,-8.042352025240440128e-01,-5.463151398326046015e-01,-6.325273929683097318e-01,-9.999985649444137481e-01,-8.557917440415501176e-01,-9.947820998584068208e-01,-9.988611147524835143e-01,-7.373520147481882336e-01,-9.999946595940590877e-01,-9.999999999999968914e-01,-9.648026561702263137e-01,-8.679786614882728513e-01,-9.999873933437538609e-01,-5.513204284370540886e-01,-9.973703513351911409e-01,-7.218889482765803445e-01,-7.844213218520101893e-01,-9.999999314588783328e-01,-9.999999999993451905e-01,-9.992152326390570938e-01,-8.115304223420620744e-01,-9.998210837588965560e-01,-9.746807063397976423e-01,-7.146777335943499398e-01,-6.991636807484036265e-01,-7.771659357959864733e-01,-9.999999993457977521e-01,-9.999999932386758328e-01,-5.433608346361111785e-01,-9.442862465772186020e-01,-9.998580806722283665e-01,-8.003041776356312198e-01,-8.432170794633249145e-01,-2.684683208494746953e-01,-9.054762840626158216e-01,-9.999999885692575363e-01,-9.999999999996707079e-01,-5.723935377515738665e-01,-4.218594185804951380e-01,-9.999893550818451660e-01,-6.585552302725289353e-01,-4.481455297535058557e-01,-9.378877542530785760e-01,-7.494898449431547371e-01,-9.999994138499498364e-01,-9.999999999999665823e-01,-8.847697438268911085e-01,-5.332856581493159442e-01,-9.999523551232575302e-01,-9.854058078273381094e-01,-9.963735960791162416e-01,-9.998223447556779941e-01,-9.985030489729929126e-01,-9.999987001959462773e-01,-9.999999999999998890e-01,-9.999940833509478599e-01,-9.486590178440769128e-01,-9.865864970955974256e-01,-5.413214350440465061e-02,-4.731145534997029944e-01,-9.660638583556878656e-01,-6.683971806695030438e-01,-1.000000000000000000e+00,-7.622147032418510326e-01,-3.287901831125006336e-02,-3.436298664820368609e-01
-9.939137679985999840e-01,-5.914161476097297143e-01,-9.155665466280438203e-01,-9.473967615896704553e-01,-7.367110832751229132e-01,-1.000000000000000000e+00,-8.496084862180313113e-01,-6.229101141131501151e-01,-6.991801494050945420e-01,-9.999990474270454843e-01,-8.841506237684330083e-01,-9.960751272000093470e-01,-9.991717965659743239e-01,-7.856993467241104590e-01,-9.999966567215733404e-01,-9.999999999999984457e-01,-9.726579675385461643e-01,-8.935337048292375517e-01,-9.999911618620718201e-01,-6.249954447702734672e-01,-9.980744568982098386e-01,-7.720398190471340349e-01,-8.246709863869634560e-01,-9.999999595280777420e-01,-9.999999999996185274e-01,-9.994255497851357584e-01,-8.471211447883072454e-01,-9.998678839566342846e-01,-9.810043344073660077e-01,-7.635705937560137713e-01,-7.562786667265050111e-01,-8.205592254916241890e-01,-9.999999996339764552e-01,-9.999999955085628889e-01,-6.146308828420810055e-01,-9.552693543297390288e-01,-9.998952420322967383e-01,-8.380945785602180731e-01,-8.730849785118895978e-01,-3.527466025732773902e-01,-9.258926963090304829e-01,-9.999999933236273231e-01,-9.999999999998133715e-01,-6.388690024314280791e-01,-5.052821397394831049e-01,-9.999925898529781199e-01,-7.145717710612660145e-01,-5.197857876249798448e-01,-9.506539765556116794e-01,-7.974315318879555692e-01,-9.999996440841720791e-01,-9.999999999999812372e-01,-9.077444794821473151e-01,-6.113171743200465080e-01,-9.999656729965952229e-01,-9.888342920776613809e-01,-9.973163963626763273e-01,-9.998737162558686276e-01,-9.989105817003619547e-01,-9.999992077112148658e-01,-1.000000000000000000e+00,-9.999960032061774307e-01,-9.604818483447852273e-01,-9.898274061015160941e-01,-1.903355613113303368e-01,-5.483118915225710932e-01,-9.733643873072717057e-01,-7.228039704392140719e-01,-1.000000000000000000e+00,-8.159491491311350320e-01,-1.507322675007057855e-01,-4.415432860233685641e-01
-9.955956457661955250e-01,-6.788845621972142697e-01,-9.359036038583292694e-01,-9.603656220280886169e-01,-7.916591417756685400e-01,-1.000000000000000000e+00,-8.895702424262490471e-01,-6.997552145690082437e-01,-7.640381332892771660e-01,-9.999993943856186895e-01,-9.108325224996600689e-01,-9.971713318822204020e-01,-9.994231474797772297e-01,-8.324489016571943178e-01,-9.999979994708766418e-01,-9.999999999999992228e-01,-9.796505953422082191e-01,-9.177542641681188940e-01,-9.999940615363016594e-01,-6.998246567447814481e-01,-9.986496086898422053e-01,-8.209932340113824667e-01,-8.633584001809853081e-01,-9.999999771581900010e-01,-9.999999999997872813e-01,-9.995970909628748569e-01,-8.811953335196257564e-01,-9.999064524823398914e-01,-9.863660050285670833e-01,-8.123356912389090301e-01,-8.109392869566838247e-01,-8.616188208654813607e-01,-9.999999998042597982e-01,-9.999999971401486443e-01,-6.886172599732247601e-01,-9.655720503036975266e-01,-9.999258489782919535e-01,-8.742124538428854841e-01,-9.015709646408184286e-01,-4.513233693748063269e-01,-9.443682394703607486e-01,-9.999999962727184055e-01,-9.999999999998987477e-01,-7.077019457140077963e-01,-5.942859805896265613e-01,-9.999950566927439111e-01,-7.713974031920677321e-01,-5.995539546960291233e-01,-9.624340356678167119e-01,-8.431828170857611493e-01,-9.999997934332620630e-01,-9.999999999999900080e-01,-9.292408712526053494e-01,-6.898461566704932046e-01,-9.999762901833340045e-01,-9.918158703916254426e-01,-9.980977554627324944e-01,-9.999140157999424350e-01,-9.992405593984399204e-01,-9.999995384027778877e-01,-1.000000000000000000e+00,-9.999974144640334517e-01,-9.708640190921032920e-01,-9.926071823724940124e-01,-3.362164112436035746e-01,-6.290716116587093953e-01,-9.799768396533736770e-01,-7.780580341898698515e-01,-1.000000000000000000e+00,-8.638352419246283498e-01,-2.853457727340479311e-01,-5.445807425587885220e-01
-9.970170771999282699e-01,-7.639281395576446032e-01,-9.544972985429777124e-01,-9.720651541518502414e-01,-8.458775093988839533e-01,-1.000000000000000000e+00,-9.243144368403699573e-01,-7.763668721746619372e-01,-8.268107027644157059e-01,-9.999996398755521820e-01,-9.357876519121653969e-01,-9.980925416040492548e-01,-9.996242029615912683e-01,-8.774155142264525864e-01,-9.999988826702810307e-01,-9.999999999999996669e-01,-9.858302328231535183e-01,-9.405655892461066703e-01,-9.999962655212931706e-01,-7.752799627759843215e-01,-9.991142585226582273e-01,-8.684957795349816934e-01,-9.003486161649729702e-01,-9.999999879670714575e-01,-9.999999999998889777e-01,-9.997355796640579051e-01,-9.136246991174383769e-01,-9.999379745426417720e-01,-9.908578675015768944e-01,-8.606630421692111899e-01,-8.628664911226189282e-01,-9.001979780382828311e-01,-9.999999999022953778e-01,-9.999999982955030120e-01,-7.647573166757503094e-01,-9.751932152026467904e-01,-9.999508501888523249e-01,-9.085491337096253117e-01,-9.285800671818460472e-01,-5.648393724548101957e-01,-9.609504310073428979e-01,-9.999999980576860237e-01,-9.999999999999485967e-01,-7.785795067146312753e-01,-6.886055881210428886e-01,-9.999969139372550941e-01,-8.286976747705320223e-01,-6.875060255237491758e-01,-9.732394855186984328e-01,-8.865039279871949063e-01,-9.999998880979202864e-01,-9.999999999999950040e-01,-9.492276867718690836e-01,-7.684276634766802339e-01,-9.999846685511140087e-01,-9.943878554309886209e-01,-9.987387238594384042e-01,-9.999452376933952724e-01,-9.995047834921785279e-01,-9.999997489807632700e-01,-1.000000000000000000e+00,-9.999984358355640257e-01,-9.799066052268819993e-01,-9.949723255641754749e-01,-4.910385514551280917e-01,-7.150553334266305239e-01,-9.859213066586343110e-01,-8.337867785053367786e-01,-1.000000000000000000e+00,-9.059723140624263982e-01,-4.372377997873435618e-01,-6.523801901799806124e-01
-9.982073564650350006e-01,-8.460795124855096105e-01,-9.713587888452379637e-01,-9.825377059445655759e-01,-8.989413702787024674e-01,-1.000000000000000000e+00,-9.540939174572556913e-01,-8.522617343239083931e-01,-8.872256611249629277e-01,-9.999998100962055325e-01,-9.589799647264182214e-01,-9.988589335376475420e-01,-9.997828955017690200e-01,-9.204290936604986317e-01,-9.999994477342871724e-01,-9.999999999999998890e-01,-9.912475440800382342e-01,-9.619064038937986671e-01,-9.999979160152434599e-01,-8.508226087094730161e-01,-9.994848171399600689e-01,-9.143088747885138590e-01,-9.355205839693359060e-01,-9.999999943902641020e-01,-9.999999999999487077e-01,-9.998460491656768756e-01,-9.442965926323328985e-01,-9.999634880691586902e-01,-9.945700756455567726e-01,-9.082467339432200859e-01,-9.118166577785096205e-01,-9.361774439921698443e-01,-9.999999999568400799e-01,-9.999999990984086429e-01,-8.424538507709915525e-01,-9.841346651144817770e-01,-9.999710754024483395e-01,-9.410100475524119101e-01,-9.540307126087288481e-01,-6.938460611402850198e-01,-9.756999339966451190e-01,-9.999999991042467506e-01,-9.999999999999769074e-01,-8.511644918432557105e-01,-7.879217617203261304e-01,-9.999982905579510861e-01,-8.861299957147418249e-01,-7.836314953749857759e-01,-9.830871019998489446e-01,-9.271885780542226119e-01,-9.999999463528419508e-01,-9.999999999999977796e-01,-9.676859119888973071e-01,-8.466124886931815086e-01,-9.999912003171030905e-01,-9.965863307820869155e-01,-9.992583209797050170e-01,-9.999690683704827165e-01,-9.997136054898926316e-01,-9.999998791960649225e-01,-1.000000000000000000e+00,-9.999991609780259916e-01,-9.877105128163889969e-01,-9.969663233437437988e-01,-6.539440550392796592e-01,-8.058594947927955054e-01,-9.912215471269020250e-01,-8.896095409295008416e-01,-1.000000000000000000e+00,-9.425384898116034860e-01,-6.068144054097066586e-01,-7.645303082023890973e-01
-9.991934307840625307e-01,-9.249031998071148841e-01,-9.865134821866788917e-01,-9.918315298638168409e-01,-9.504435447885887234e-01,-1.000000000000000000e+00,-9.792096738274305157e-01,-9.269618653041766798e-01,-9.450315909419331195e-01,-9.999999250722112487e-01,-9.803870672074685988e-01,-9.994890796270752276e-01,-9.999061542034567429e-01,-9.613359548228400664e-01,-9.999997961791093903e-01,-1.000000000000000000e+00,-9.959537101829305517e-01,-9.817291374921436331e-01,-9.999991292943111176e-01,-9.259095434473409991e-01,-9.997758046865582449e-01,-9.582110427542630537e-01,-9.687679963007856943e-01,-9.999999980472467076e-01,-9.999999999999822364e-01,-9.999329077717331593e-01,-9.731147741211577662e-01,-9.999838998335183193e-01,-9.975897307595442687e-01,-9.547882900790061189e-01,-9.575835990933613262e-01,-9.694658938737561460e-01,-9.999999999857642763e-01,-9.999999996429017601e-01,-9.210825280731319564e-01,-9.924010938990160957e-01,-9.999872486202751043e-01,-9.715152811908114305e-01,-9.778551952294752825e-01,-8.387904155931900085e-01,-9.886890246994357589e-01,-9.999999996915373002e-01,-9.999999999999922284e-01,-9.250975935303898945e-01,-8.918617052418716939e-01,-9.999992911242457927e-01,-9.433469858381612339e-01,-8.878485684612703599e-01,-9.919985466120919693e-01,-9.650655977724997836e-01,-9.999999807960882059e-01,-9.999999999999992228e-01,-9.846084995273719498e-01,-9.239514807310137412e-01,-9.999962174620919964e-01,-9.984459897416571028e-01,-9.996736471478359087e-01,-9.999869266923356870e-01,-9.998760615207528124e-01,-9.999999565900744569e-01,-1.000000000000000000e+00,-9.999996633125007861e-01,-9.943756207031849703e-01,-9.986296861590410190e-01,-8.239587614175358787e-01,-9.010170105645016747e-01,-9.959045356690723327e-01,-9.451418736434102907e-01,-1.000000000000000000e+00,-9.737800290163634021e-01,-7.943552490795808829e-01,-8.805719039544540605e-01
